timestamp(s),s1,s2,s3,s4,s5,s6
0.0,89.89378469402365,89.9991116802953,89.99963830204416,90.00280530887213,90.0965637359004,73.00435315093259
20.0,89.66186234537308,89.9930158600871,90.87031644357555,90.79644295996023,90.02637782780454,72.49232217869832
40.0,89.83678212445338,90.00357140096693,91.73179637006595,91.57220528998609,89.99117921723158,71.70230219807618
60.0,89.78431446814628,89.99736370296945,92.60453171330981,92.37399318020512,90.00259029353191,71.1285333800362
80.0,89.7776536707805,89.99597358404695,93.47398106850862,93.16708497185327,90.00076831704564,70.58249507980256
100.0,89.77200530725099,89.99830737689207,94.34095802724363,93.95149132863142,89.99800782302206,69.98014022032304
120.0,89.77326620338768,89.99985066551127,95.20715068239919,94.73928994716778,89.99939381971045,69.3557640800626
140.0,89.77649954277628,89.99655755782682,96.07577048314556,95.53686362718528,90.00003611813676,68.74901380454806
160.0,89.77508098711266,89.9953870283053,96.9433728169737,96.32771239383779,89.99978628146707,68.14230970788766
180.0,89.7755791692372,89.9969951534441,97.80816664194381,97.1139850560006,89.99984166137918,67.53548756253421
200.0,89.77568168649759,89.99411450505414,98.67640125865016,97.90728304518701,89.99991040185094,66.92865415694523
220.0,89.77573351829467,89.99344392121792,99.54324745612618,98.69629494183305,89.99986005876451,66.32173434785608
240.0,89.77586062272518,89.99410823310728,100.40859285520679,99.48535978741786,89.99989208482612,65.71486216844097
260.0,89.77576340095283,89.99325296131538,101.27685690536462,100.27658976046165,89.99994621674541,65.10818389523322
280.0,89.77584908483922,89.99481656056803,102.14510523417496,101.06640996963215,89.99984037958785,64.50121444034222
300.0,89.77585198320271,89.99815650118678,103.01445251319514,101.85744581974889,89.99982150309333,63.89431949096515
320.0,89.77577649143753,90.00387851804217,103.88534598148316,102.64921872328553,89.99976115804972,63.28748713344116
340.0,89.77572920590279,90.01202124149616,104.75835791303483,103.44211247838771,89.99968373029449,62.68063933023633
360.0,89.77562256293311,90.02306063335394,105.63272711903086,104.23534272656059,89.99958385043917,62.07379379100963
380.0,89.77549126579923,90.03548021045192,106.5082635167632,105.02922977669564,89.99946218423585,61.466809803389964
400.0,89.77591141233071,90.05053795891361,107.38104229844089,105.81807808679163,89.99923815553764,60.84989890511188
420.0,89.75940940331738,90.04942430672385,108.26170100160772,106.62415571539452,89.99932108283619,60.27081322542751
440.0,89.78114587476236,90.05644112302538,109.12406382670505,107.4074354459401,89.9984855762998,59.64423996891518
460.0,89.77068076239954,90.04576779606153,109.98816077712017,108.19784239755221,89.99578665593543,59.091184419114285
480.0,89.77217921640631,90.03172390734824,110.84455644198329,108.98106491632223,89.99910699092152,58.42270554257488
500.0,89.78256653813253,90.0214639810437,111.6980293125779,109.75796652549151,89.99899201245842,57.81643858333368
520.0,89.76504694589912,90.00519048894444,112.57328913153704,110.55986742504982,90.00067604284222,57.232023084152345
540.0,89.78091892253083,90.03235620511174,113.435025862936,111.3350999413435,90.00051364536681,56.600704097050915
560.0,89.77955270552881,90.04486935944637,114.32776734174777,112.15049268019754,89.99696953001484,56.000895436920224
580.0,89.76950641546777,90.0575673453726,115.20976558260011,112.95029843837324,90.00271955790986,55.39199758838306
600.0,89.78718794225155,90.05155486374399,116.06981672474276,113.73451981331301,90.00261809368588,54.7904343819579
620.0,89.76595698589132,90.0299555273523,116.91470936325642,114.51056265754659,90.00147165812321,54.17207100265805
640.0,89.77545789820653,90.02139389311348,117.77154732543463,115.29784639315208,90.0022038329528,53.52996664092476
660.0,89.77364785255496,90.04715142248985,118.65519508055307,116.09085460386513,89.99865636843734,52.887073492815865
680.0,89.77314099933523,90.06824776891585,119.54476630417238,116.89213781317014,89.99965008764445,52.43473175782912
700.0,89.77096730751552,90.05859322302997,120.39242089060703,117.67122011155712,90.00856294211229,51.75204057265833
720.0,89.77800767874625,90.03267678647286,121.23865159961812,118.44625624273151,89.99911288054471,51.130050122937035
740.0,89.76472470062245,90.03706190988915,122.13733914490851,119.26591185329218,89.99747781800504,50.53079399462537
760.0,89.78440239486486,90.07619817682348,123.01241851579465,120.05219088853023,90.0029323008293,49.86978105248021
780.0,89.77203489106853,90.049554039634,123.85098326459953,120.82488477072549,90.0014358992601,49.302690310855965
800.0,89.76225478491249,90.03624366126942,124.72028428820434,121.62133116727043,90.0004096665291,48.71831843895856
820.0,89.75501641234005,90.08060047127005,125.61335270363497,122.41721124409592,89.99974980064837,48.095450188197766
840.0,89.76213895721577,90.04001724353536,126.46663336765197,123.20804297901446,89.99652774690118,47.4955470427698
860.0,89.78590544035161,90.03675069720735,127.3339725395463,124.00182990286461,90.00055681801253,46.90514892829728
880.0,89.77856866533823,90.07959351335562,128.21909619315258,124.79123316666508,90.0015821162243,46.20847902366392
900.0,89.76706697563428,90.02746522027519,129.05852548754368,125.57448627343499,89.99774836644549,45.68330256079272
920.0,89.78680869186908,90.07513640164882,129.954206640443,126.37096386048931,89.99731965147542,45.011668917885146
940.0,89.7623755287601,90.04172515630086,130.79881787754914,127.1542338239697,90.00085149594638,44.49338961628644
960.0,89.76775271108366,90.07193822003316,131.67533712133343,127.9428212787448,89.9958053452169,43.84497695179371
980.0,89.77179574566732,90.0383603515597,132.54924165891265,128.7490109871092,90.00365307603313,43.24684533388472
1000.0,89.7757685346434,90.06004076761297,133.421248948342,129.53624818358801,90.00112698470319,42.651346473178464
1020.0,89.7707963775225,90.04621443339889,134.26684573826304,130.31384760001987,89.99957003459181,42.0490672655404
1040.0,89.78043181732153,90.0790321796496,135.15755462570218,131.11271958488842,89.99792702982694,41.37378387899345
1060.0,89.78149243961478,90.03759140493449,135.99348188131646,131.8891782197169,89.9989636315648,40.72488152152391
1080.0,89.78017230121284,90.08579920301933,136.89368541313638,132.69008783408552,89.9988642407018,40.16535905136947
1100.0,89.77483634314358,90.05701730350899,137.73579528483052,133.4684845859983,89.99988414816428,39.51467656659105
1120.0,89.76988638267466,90.03646713391305,138.61249134300357,134.2737433610739,89.99877666493185,39.04692494473233
1140.0,89.77406007085877,90.09659902638653,139.48890545334496,135.04958413068223,89.9991072924796,38.426657257109994
1160.0,89.78804920142096,90.05153980036647,140.34568362177018,135.84778964701187,89.99897745763475,37.76907199138522
1180.0,89.78711057093872,90.04790431307683,141.19146134389075,136.61955537515723,89.9993858851562,37.14978125258553
1200.0,89.79287606198926,90.06442476348529,142.09486453429045,137.43628642541395,89.99856308251381,36.52646974360589
1220.0,89.77849732923397,90.0974493085572,142.952587103518,138.20427060737376,89.99920317367652,36.14965731127026
1240.0,89.75974492425003,90.07768198663246,143.8099020962426,138.99260254315928,89.99985403174622,35.286767500703924
1260.0,89.75443411055417,90.04029763591778,144.67307582916357,139.79378918711404,89.99982085189475,34.77279778550799
1280.0,89.7802156083898,90.04600887233623,145.53402377003894,140.57558789248674,89.99824290642712,33.96318998024863
1300.0,89.79108846115713,90.04290362589741,146.40612967306208,141.37143719595696,89.99905098459278,33.558740123636774
1320.0,89.78417642406099,90.05261531701737,147.2745354138631,142.15757290599407,89.99889596424705,33.004209084602934
1340.0,89.79226810640544,90.06338100649216,148.14022121659124,142.94225412175925,89.99853199909244,32.33440737924304
1360.0,89.77819212209086,90.07135776075523,149.0002277775603,143.72242681707397,89.99716348451693,31.765717603523004
1380.0,89.7790463479433,90.04291966491766,149.87839568696464,144.53477836439805,89.99841189610531,31.316893590897745
1400.0,89.78178965536691,90.06192167834578,150.734979167932,145.30452578906352,89.99674756783291,30.356459106577976
1420.0,89.76157644546473,90.06064633112587,151.59488537465708,146.09144288087424,89.99869336810956,30.122978020532813
1440.0,89.75213596558821,90.0492437967792,152.4870134131426,146.90810795329148,89.99878858206681,29.35554683050506
1460.0,89.74275498404405,90.05853983605454,153.3456744643588,147.68223291995716,89.99596075774409,28.730570885157924
1480.0,89.77796681798027,90.06390988944337,154.2153370935617,148.47436911920084,90.00102506067536,28.166151981183248
1500.0,89.78025043800601,90.06509749263132,155.09575670952282,149.27634389308085,89.99860282336444,27.484707760341415
1520.0,89.77010759208842,90.05653286744412,155.95590939739736,150.0581792190146,89.99580281988719,26.866188672489788
1540.0,89.77873215064018,90.05849893302968,156.80918745441596,150.84205976481223,89.99944605943378,26.27280402775887
1560.0,89.77024170011602,90.07408305110422,157.685158470592,151.63070553880718,90.00158068750719,25.777742432471353
1580.0,89.77741829531918,90.0595414688902,158.53981608390075,152.41598676083507,90.0015437808795,25.129122423782313
1600.0,89.78860291094489,90.06611058740114,159.41529741038687,153.2094639295224,90.00358196296223,24.782525918191173
1620.0,89.75924920956177,90.06155180740993,160.2822535655486,153.99695542126082,89.99935996218007,23.857680845173437
1640.0,89.78626321204004,90.04510090444037,161.15166037231194,154.8021939837511,89.99593588864595,23.238674165102736
1660.0,89.78183026432382,90.06249569781522,162.01779301295704,155.58000320643845,89.99818269227261,22.636360147010798
1680.0,89.78135999029766,90.05874372565913,162.88526934039092,156.37247824072057,90.0008773938677,22.193022944859962
1700.0,89.77717765742793,90.05983440002842,163.74588332187207,157.15553941634178,89.9988290963115,21.420904455015766
1720.0,89.78400010075366,90.05957411424832,164.61056291478803,157.9476516339793,90.0018049496804,20.800849826933614
1740.0,89.77816949921657,90.06061470562896,165.47849687431182,158.73149033334607,89.99235934195472,20.239518578163604
1760.0,89.77151887503143,90.05656482401714,166.3485968844227,159.52635173667548,90.00571910271125,19.60978320532602
1780.0,89.7716952096339,90.05945259501898,167.21202339782698,160.31219808966907,89.99600404020278,19.04871943882024
1800.0,89.77043715756592,90.06217693440149,168.08145807044562,161.09864067924187,89.9997305287548,18.436623819995123
1820.0,89.77968279643395,90.05571066344518,168.9474386650812,161.89566533849998,90.00057301187984,17.790368388021403
1840.0,89.77477817250707,90.05321530898306,169.81293287269446,162.67924765369594,90.00038191576516,17.184534399909275
1860.0,89.77348051995818,90.05361903507654,170.68185569357513,163.47463521201354,90.00119987035072,16.622512035741178
1880.0,89.77391614477001,90.05227477265052,171.54520566716033,164.25841473623984,89.99872603785066,15.976502451341538
1900.0,89.77437076332757,90.05159329289881,172.40874376162506,165.04602302724234,90.00003226957429,15.399814309520309
1920.0,89.77458212217188,90.05247361928564,173.2768159987965,165.8364521180123,90.00178981240535,14.756196547757645
1940.0,89.77553456129779,90.05120250537496,174.14334789293804,166.62610857216586,90.00049014228934,14.26791277419401
1960.0,89.77542401455186,90.05044323331992,175.00975926517023,167.41558599198996,89.99921805829699,14.190293334219819
1980.0,89.77559338717724,90.04953802839844,175.87561159343628,168.20454596228151,89.99987539614197,14.257409015252422
2000.0,89.77555431460299,90.04888296604243,176.74179715099936,168.99358860875827,89.99983945641974,14.681628881005695
2020.0,89.77556586658343,90.04813111558202,177.60792896643918,169.78262446322677,89.99985256359861,15.434517234222486
2040.0,89.77556253971055,90.0473474940958,178.47403183233575,170.5716529665298,89.99986904889346,15.95536182810328
2060.0,89.77556102093406,90.04654929223136,179.34011976179593,171.36067420728136,89.99988718169048,16.350720899695038
2080.0,89.77549426416246,90.04634999907077,180.0494185597865,172.0111038846138,89.99989253848513,16.668933565686004
2100.0,89.77475218066206,90.04635695765006,180.04295498954457,172.00294768689216,89.99999079671167,17.66721841207695
2120.0,89.77542592668057,90.04585265867854,180.04497239615523,172.0037981081775,89.9999174078612,17.61141010058681
2140.0,89.77556320500587,90.04588411656196,180.04489718570832,172.0037744552259,89.99990004976448,17.59910010490041
2160.0,89.77556089963068,90.04588700198615,180.04489851179517,172.00377531043043,89.99990082111377,17.588177141895144
2180.0,89.77556090268827,90.04588784834408,180.04489945302976,172.0037760184699,89.9999014902576,17.578455966722412
2200.0,89.77556090513352,90.04588863865465,180.04490030159116,172.00377667464934,89.99990212792386,17.5698027890466
2220.0,89.77556090483097,90.04588949771735,180.04490091968518,172.00377779292384,89.99990272913406,17.562099984201183
2240.0,89.77556090539295,90.04589024885468,180.04490162380176,172.00377859899237,89.99990330465148,17.555242999243372
2260.0,89.77556090808045,90.04589087548086,180.04490246272002,172.00377894469358,89.99990385821863,17.54913878591583
2280.0,89.77556090901722,90.04589159615874,180.04490307461057,172.00377971634842,89.99990438028308,17.543704723163867
2300.0,89.77556090930288,90.04589230022633,180.04490357334353,172.0037807043615,89.9999048720795,17.538865131742153
2320.0,89.77556091157713,90.0458928602268,180.04490432087778,172.0037810319081,89.99990536037177,17.53455635739545
2340.0,89.77527961997433,90.04601165156984,180.0447305068758,172.00366627888513,89.9996737103809,17.89707346421152
2360.0,89.77472642922687,90.04639191911512,180.04429612096948,172.0032971903683,89.99949978466039,18.507332324200192
2380.0,89.77539819730555,90.04611952903468,180.04547854344102,172.00399074859934,89.99957602430798,19.10734440806537
2400.0,89.77646420857603,90.04624219238949,180.04469804519596,172.00342708555885,90.00046505344463,19.717202534509763
2420.0,89.77474939846847,90.04627016466391,180.04412719311622,172.00318221273625,90.00017182982124,20.324711714156436
2440.0,89.77564951684114,90.04585396810846,180.04552741034527,172.00420121635796,90.00017827905182,20.928166040738603
2460.0,89.77994884958481,90.04649061484714,180.04410674113493,172.0036611934082,89.9993669771673,21.605151016561095
2480.0,89.773701494652,90.0427882374531,180.0435810688239,172.00392379003134,90.001129555635,22.25549016815685
2500.0,89.77900226516526,90.04533328640453,180.04478777498932,172.00362457152855,89.99664904318196,22.77343260256421
2520.0,89.77305772218413,90.04476724030484,180.04539535031168,172.0043335933407,90.0015974766319,23.37569439900777
2540.0,89.7733750857795,90.04606720452524,180.04376282969588,172.00321675573906,90.00259910568691,24.04122736672285
2560.0,89.7765888887577,90.04577526790152,180.0427639321434,172.0035145329903,89.99995524098057,24.584575379965944
2580.0,89.77169937364967,90.0478230552745,180.04669240579435,172.00300204687812,90.00108992508085,25.188200543936894
2600.0,89.77225057633349,90.0423975811166,180.04775914186177,172.00680890048056,90.00062351297126,25.836137943234235
2620.0,89.77260464491863,90.04414010744328,180.0390365839402,172.00024619863802,89.99503411915535,26.50704550287428
2640.0,89.78098758571284,90.04540604408741,180.03934776678724,172.0021338632569,90.00407426003488,27.075514984441437
2660.0,89.782651755015,90.05032101180512,180.0465597007615,172.00193671368254,89.9954167974403,27.674525253691353
2680.0,89.77663106268378,90.04214863609664,180.04879162372086,172.0094770612042,90.00309349837634,28.321222069425946
2700.0,89.76887009625112,90.04837475048267,180.04764988382712,172.00417996754098,90.00683380487476,28.80988756403312
2720.0,89.7791731047198,90.04365953709927,180.04145252906613,172.00488205899632,90.00399803503649,29.44272330183633
2740.0,89.77994173284046,90.04298747388101,180.0447333253864,172.00603930483902,89.99692578128958,30.115632045876634
2760.0,89.77877077942726,90.04528972340076,180.04549334557151,172.0043422221512,90.00202723497596,30.695457640106838
2780.0,89.78222310755802,90.04557599215032,180.04959393243098,172.0066855448179,90.00096575011999,31.293785738828788
2800.0,89.77780998101338,90.04409209146331,180.04844151877188,172.0072067741633,90.00036282893645,31.941084113367776
2820.0,89.7712972140901,90.04894355199478,180.04423296445412,172.00297896058527,89.99416295579624,32.573325744609065
2840.0,89.78264428292204,90.04716567301695,180.04418948530338,172.00414005666264,89.99302995968299,33.104373908843655
2860.0,89.78301798595292,90.04752225489983,180.04687472694297,172.00553389504424,89.9986865369215,33.68218354207435
2880.0,89.77193839131365,90.04701905075474,180.0493549810977,172.00687848550444,90.00093098924998,34.29825825442376
2900.0,89.76010935023197,90.04648363306327,180.03742418479862,172.00146074818355,90.00446094578268,34.90953455763442
2920.0,89.78035902329907,90.04693347479206,180.0485050759153,172.00634179469836,89.99284809916007,35.498525901477365
2940.0,89.77799340722247,90.04382987732218,180.04398362157386,172.00580856531423,90.00199692258684,36.10084638213645
2960.0,89.78009190818823,90.04362563063495,180.0441773934454,172.00545402905757,89.99998859658994,36.697721974830735
2980.0,89.77745052913554,90.04988721754354,180.0405980393643,172.00277248842497,90.00064625340686,37.433322076643556
3000.0,89.76968838049903,90.05210237006878,180.0448898629064,172.00311672779412,90.00228093309856,37.952455006723284
3020.0,89.77547587210404,90.04652535541818,180.0439263847473,172.00400212811428,90.00310338659209,38.560274636035025
3040.0,89.77920713686142,90.04708655799497,180.04150933444834,171.99973060407552,90.00019997747131,39.1723797001435
3060.0,89.77698755154701,90.04786709169318,180.04577536263398,172.00220663121164,89.99079717558111,39.744246623829135
3080.0,89.77946153370395,90.04493574821552,180.04273612525654,172.00343238480687,89.99890829528874,40.38376007661894
3100.0,89.77716793587986,90.04475243196227,180.04512484487356,172.0052892773879,90.00285086983305,40.98487231158432
3120.0,89.76817886361941,90.04227165968075,180.04355400249594,172.0031811940363,89.9984387772654,41.610162163600165
3140.0,89.76244268795358,90.05113584368429,180.0437500100395,172.005231941928,89.99369661651049,42.16510558667286
3160.0,89.78452148516804,90.04637252061782,180.04261719213403,171.9979386725193,90.00187025495126,42.84604508667627
3180.0,89.78134835989663,90.04367323096133,180.0396226166754,172.00503367652206,90.00028800898576,43.4100896980593
3200.0,89.78242452320995,90.04197746510367,180.04631956178955,172.00677396216992,90.00625900375559,44.10515160688221
3220.0,89.7821125401334,90.04585841713114,180.04607523644867,172.0062061928753,90.00418842385484,44.58472162594374
3240.0,89.76662161221194,90.03999024956747,180.04761902080267,172.00708369003831,90.00382329478802,45.2779565157906
3260.0,89.77555422423238,90.04649153412696,180.04555991256822,172.00279499697413,90.0029326748772,45.90047798395252
3280.0,89.77513152438087,90.04781566355769,180.04324940687596,172.0022238563439,90.00354753052399,46.501222716116644
3300.0,89.77852421224041,90.04126898567576,180.04570275468203,172.0064878443744,89.99815576387613,47.144178474977075
3320.0,89.79146663781371,90.04561088099769,180.04334770585368,172.001154045153,89.99768917548495,47.64102378745888
3340.0,89.75731704778018,90.03968410341129,180.0506902998293,172.01375307759426,90.0036634581751,48.253490928105755
3360.0,89.78146956681974,90.04249174228724,180.0446336846213,172.00445876622055,90.00283032841396,48.841022260338654
3380.0,89.78258296856326,90.0453026671532,180.04519220456874,172.00454542935677,89.99880612132105,49.447697316633025
3400.0,89.76417644523757,90.04697953220114,180.04504429778652,172.00365614932974,89.99995342798023,50.05350151783493
3420.0,89.78126148390487,90.04601449273554,180.04527956509935,172.00426974096808,89.99933045045317,50.66127871788837
3440.0,89.77865020255469,90.04593053256556,180.04530652709755,172.00428454827926,89.999909958104,51.26824812207604
3460.0,89.76844573706569,90.04671277750707,180.04511095031896,172.00382338800858,90.00013260288439,51.87410302010189
3480.0,89.77980285032065,90.04607334906628,180.0452849168679,172.0042536253958,89.9996604690948,52.481603603241844
3500.0,89.77684193978908,90.04604005846643,180.0452895176059,172.00424253642709,89.99979095251412,53.08871482919695
3520.0,89.7757974249391,90.04533060282999,180.0455084146676,172.0050590383304,90.00216815382058,53.72554681091048
3540.0,89.76342416470307,90.04127840404762,180.04693571197666,172.00866332068117,90.00154223671836,54.37952135684447
3560.0,89.76933029981876,90.04464229480256,180.04541019531825,172.004396522458,89.99941996647203,54.96629217391136
3580.0,89.77162302329076,90.04639574077659,180.04590292478028,172.003514823179,89.99274143937757,55.54341313497731
3600.0,89.77448562104325,90.0474304226077,180.04549248400824,172.00308200722532,89.99716043136435,56.13154669806423
3620.0,89.79390354944042,90.04574155662391,180.04482636936464,172.00493085867888,89.9963442655713,56.804290936526
3640.0,89.77900300314644,90.0470522637169,180.04523424802517,172.004228347979,89.99803256684785,57.372321501011584
3660.0,89.76850728263108,90.04157397804025,180.0458815475407,172.0062609207355,89.99930982262303,58.05463902350758
3680.0,89.79845326370034,90.054165885142,180.04014054777457,171.9957834315758,89.9980636182632,58.51436318417698
3700.0,89.78873097819557,90.04453795960956,180.0435013739424,172.00514313568408,89.9998153896125,59.1503528186182
3720.0,89.75462973382272,90.04059305814994,180.04773351090958,172.0087240888619,90.00418228815028,59.8370271460796
3740.0,89.75600824917038,90.04726809733269,180.04536831770875,172.0039157442477,90.00153734601716,60.30219871938359
3760.0,89.77906283460737,90.04559674034637,180.0449610739998,172.00445393429726,90.0042982953329,60.97131536232624
3780.0,89.76999745182385,90.04456944696332,180.0468535982556,172.00584067539157,90.00159097568071,61.51119578989728
3800.0,89.77121597090205,90.04579535313434,180.04574626812035,172.0043528107912,89.99918707556347,62.18704662883801
3820.0,89.77155792425935,90.04667072213445,180.04517522298434,172.0040662414837,89.99761994161331,62.79046906190938
3840.0,89.77677912292758,90.04707539857023,180.04490300882813,172.0040084968404,89.9958957902284,63.390586531820794
3860.0,89.77021447793419,90.04475369097473,180.04591356662982,172.00505697696676,90.0024954027589,64.08939652722775
3880.0,89.77385785847817,90.04671131686875,180.04528487157052,172.00400431224142,90.00008122849134,64.6040976718431
3900.0,89.7913920696846,90.04857800488845,180.04501044359483,172.0036277089826,90.00170599738925,65.16526734766478
3920.0,89.75812411519956,90.0456331176084,180.045672584303,172.00475259175573,90.00266739393678,65.91072107494128
3940.0,89.78720683827515,90.046681140007,180.04490833147702,172.00424488928107,90.00069604394328,66.42552664546113
3960.0,89.77322637429324,90.04548994588745,180.0456577119852,172.00466322790163,90.00540607290746,67.12238222951159
3980.0,89.77402443879795,90.0454092483611,180.04561879975103,172.00497471492181,89.9992264150674,67.66449101491835
4000.0,89.77722701236772,90.0461306997953,180.04527990017343,172.0044551779688,90.00069294131566,68.29585001723167
4020.0,89.78638229539969,90.04668863774828,180.0450690675921,172.00425562093577,89.99902400922934,68.81472719527879
4040.0,89.7725012035876,90.0462607078597,180.04530823080736,172.00427616774274,90.00134975168758,69.49872112039982
4060.0,89.78341783262799,90.04635059241348,180.04521597585978,172.00434741586122,89.99980856898912,70.00691223399471
4080.0,89.76783500075268,90.04684027308329,180.04505821263496,172.00413208975044,89.99937394613579,70.70875788873869
4100.0,89.77390344482255,90.0463835910935,180.04528654335812,172.00422432949816,90.00169135354902,71.29341181801071
4120.0,89.77884082458785,90.04613083812335,180.0453522828259,172.004204958138,89.99814431958521,71.89997353696441
4140.0,89.76704813905896,90.04626497524893,180.04541513396416,172.00448468567163,90.00309530465422,72.56838589141739
4160.0,89.77834130404398,90.04624256169181,180.04533745989264,172.00395078003004,89.99849831416412,73.00183156516049
4180.0,89.7707500433424,89.70215687757975,179.9436200126787,171.1712528718395,90.00167578189772,72.99693746236777
4200.0,89.76950240567821,89.37993371741663,179.86177074163305,170.34632189320098,90.00210511921941,73.11893418883665
4220.0,89.77702078159409,89.02613876429051,179.75282050726403,169.51670714701214,89.99655715030607,73.10737259346402
4240.0,89.78290476933353,88.70453238601168,179.67061438684675,168.690705386446,89.99959922747898,73.02396519315508
4260.0,89.76993671541571,88.35532782911723,179.5612574178192,167.85905033919283,90.00073682259011,72.98160190830083
4280.0,89.76987372954662,88.02759972090746,179.47666512387605,167.03616900261952,90.00100419461862,72.96806012621784
4300.0,89.77632218940231,87.68909193830422,179.37671630861294,166.20534989681792,89.99960857945277,72.99631467946207
4320.0,89.77707037459216,87.34453581407276,179.2755919717948,165.37769705756907,90.00227928562097,72.99551520639125
4340.0,89.77589279384269,87.01841439136456,179.1881297587447,164.55105351137755,90.00005247784571,72.97217428790965
4360.0,89.78458201178087,86.67958164953342,179.0945173067334,163.72610786692698,89.99855576108256,72.90679437445203
4380.0,89.76879073662654,86.33961611618471,178.99043365033924,162.89359508363933,90.00027596426112,73.01618705241118
4400.0,89.77153142576569,85.99831977490811,178.8931022615078,162.06675072846963,90.00123799111199,73.05326421823575
4420.0,89.7791174498283,85.66487194534201,178.79918398403618,161.23791659513276,90.00058718158996,73.06869818657832
4440.0,89.7619404123527,85.33123643177127,178.70615270512565,160.41144820455312,89.9988647428502,72.97172832439198
4460.0,89.77557672093916,84.9939227633294,178.61433457460188,159.5868265830054,90.00173375537825,73.06922022783108
4480.0,89.78332726265283,84.66113417618745,178.51713055018902,158.75729313228254,89.99803778862555,73.00470388423057
4500.0,89.77250425196057,84.32190291700894,178.42257341168047,157.93250770749913,90.0016595500674,73.01136005508026
4520.0,89.7947658875945,83.98569392182593,178.32556020441777,157.1031061667453,89.99825505508306,72.87951178437487
4540.0,89.77599087007029,83.64864873024288,178.22835415053038,156.2726874872269,89.99951895966109,72.98331368957942
4560.0,89.7747196819786,83.30652595311174,178.131914083676,155.44614753312084,90.00178897402279,72.99733471281536
4580.0,89.77126774861469,82.96895072524482,178.0325557621562,154.61685271541484,89.99991526453715,73.01558275601965
4600.0,89.76722244677677,82.63325133593982,177.93595408359397,153.78777550605483,90.0002022355338,73.0317580926945
4620.0,89.78634117872653,82.29748059816427,177.84538981783354,152.96334661978412,90.0011215680347,72.96923595428075
4640.0,89.78363566896216,81.96439613161711,177.75329895644643,152.13724568939762,89.99933854197893,73.04608804285212
4660.0,89.77819804988619,81.62637694109706,177.65359686978474,151.3067052237063,89.99940623271439,73.00117485784811
4680.0,89.77119637737673,81.28499144646311,177.55309828922887,150.4767833447436,90.0002173685098,73.0365074566667
4700.0,89.77464643828245,80.95112124938312,177.46235860637827,149.65198804596827,89.99765727650502,72.99785696110739
4720.0,89.77647547649448,80.61562963162574,177.368662546623,148.82530402941788,89.99554769453223,72.98889479744552
4740.0,89.77904946602368,80.27337220273073,177.2664557343447,147.9946295332231,90.00056925044909,73.01262911601071
4760.0,89.77766396592018,79.94175072133253,177.17594561719838,147.1679297035653,90.00118527803463,72.99076296400447
4780.0,89.77414430743764,79.60348817251698,177.07681243959541,146.33994991737066,90.0012552093226,72.9696625622779
4800.0,89.77862005719217,79.26534622652284,176.98037172197888,145.5110622934519,89.99856018477386,72.94701313534209
4820.0,89.78041713858448,78.93133054962045,176.8872286546456,144.68462945912924,89.99793680178581,72.98638712963206
4840.0,89.77676185771354,78.59052553807463,176.78778376973418,143.8548295704513,89.99707613871563,73.01649527090635
4860.0,89.77594117338855,78.25695797129725,176.6954498969889,143.02840852374436,89.99770198753804,72.95768862186382
4880.0,89.78044557845284,77.9171662597874,176.59684224428838,142.19935837491724,89.99867649954648,73.0017534751808
4900.0,89.77894769204852,77.58101302074711,176.50196979777684,141.37171552665063,89.99803260136893,72.98206707593063
4920.0,89.77106739679597,77.245507148295,176.40719449858742,140.5448292205893,89.99914832673561,72.99434652334439
4940.0,89.77008981019976,76.9040954528434,176.30735316042077,139.7153062052265,90.00016168421949,73.02810850876153
4960.0,89.78046660533131,76.57145190976958,176.2170173540758,138.8893972991875,89.99890856535222,73.03468990775718
4980.0,89.7663799639959,76.231887897881,176.11767231458867,138.06052500555776,89.9998086594263,73.02169518147186
5000.0,89.78348565928582,75.89305772575574,176.01951068204076,137.23172685898942,89.99918635841519,72.99337016019231
5020.0,89.76385055907109,75.5605662906107,175.92734336803335,136.40497478823917,89.99720732768361,72.95751256741134
5040.0,89.76545606224303,75.22215792588042,175.83050579468332,135.57716891153171,89.99715426603504,73.10241719823463
5060.0,89.78095328563228,74.88111846562508,175.73145660650022,134.74766806151675,89.99979944413543,72.98185254928799
5080.0,89.78046579920064,74.5455472687167,175.63659071249106,133.91927715046629,90.00272967221686,72.99908823018175
5100.0,89.77180776925944,74.21110384135876,175.54321802403337,133.09318193761453,89.99905157345611,72.96944950429747
5120.0,89.76261559098982,73.87393078068402,175.44706740764428,132.2649342627819,89.99946882321511,73.06956466215124
5140.0,89.77201868741857,73.53431012750131,175.34812328458298,131.4359636356838,89.99934662895839,72.94504702125641
5160.0,89.76635949590396,73.19545158504326,175.25056660922155,130.60696261785097,89.99999538255787,72.9926403058273
5180.0,89.7903978513348,72.85804730894965,175.15505266070699,129.77941199078626,89.99906188083953,72.93650730804468
5200.0,89.76220161455292,72.52263235272744,175.05945990375008,128.9515444514503,89.99887895937155,73.0408668009694
5220.0,89.77800028156952,72.18706185198224,174.9643882614569,128.1237700704479,89.99872171409775,73.1077641038315
5240.0,89.77565401325138,71.8496190592886,174.86950372907233,127.29635664985076,89.99840475669842,72.99427577428928
5260.0,89.76353428035547,71.51312720163511,174.77293339041083,126.46795398449444,89.99838715194467,73.0142498480847
5280.0,89.77805250364148,71.17582240326355,174.67678349641173,125.63955810300659,89.99920600199192,73.00136330654377
5300.0,89.78035810832567,70.83787670589136,174.58074355464697,124.81144954759577,89.99875860155666,73.00691125934124
5320.0,89.76685877662615,70.50043108783133,174.48404430566268,123.98314403657166,89.99915293568378,73.02071235822088
5340.0,89.77629017782989,70.16267283664249,174.38792553253896,123.15519177664801,89.99901250414291,73.02595515299925
5360.0,89.77519420890863,69.82531933649442,174.29141919518344,122.32683160823491,89.99901096016386,72.98771414484222
5380.0,89.77811563413609,69.48797148868081,174.19511077814877,121.49834556074522,89.99932028634223,72.96853213600257
5400.0,89.7701945844918,69.1502950224882,174.09883596705674,120.67025698050155,89.99906224696879,73.04943369757132
5420.0,89.77518231567036,68.81279477677704,174.00187988123187,119.84220425630565,89.99750725297329,73.00372375346754
5440.0,89.77426958571888,68.47480153154115,173.9053939065807,119.0127689294163,89.99967641499146,73.04042896683244
5460.0,89.77083334423959,68.13667362315373,173.80767577068775,118.18451676289726,89.99945675270486,73.03517674071793
5480.0,89.77215117052053,67.7979429106159,173.7104289645853,117.35605373560215,89.99943498897005,73.01687902535429
5500.0,89.77282264767915,67.4606000512033,173.61279258906671,116.52672599820504,89.99957051244947,72.94625150662453
5520.0,89.78938918870949,67.12290638596525,173.51738619516036,115.69826511647518,89.99912447364149,73.02804721657894
5540.0,89.79388763669802,66.78624885014058,173.4217264290848,114.8715233070929,89.99882897974771,72.99373413284536
5560.0,89.77002021661316,66.44936255173349,173.32728592481496,114.0416586462359,90.00079402718909,73.00331677490485
5580.0,89.76509977832575,66.11215840140686,173.23012267464506,113.2132544680259,90.0011262805011,72.94813196931675
5600.0,89.78865469559186,65.77309565832776,173.13196064807457,112.38587215003452,89.99925335066355,73.00547260982935
5620.0,89.76486136853293,65.43411112592338,173.0351699493445,111.55451641899623,89.99974522651472,72.9951307024583
5640.0,89.78343071733786,65.09758324699375,172.93805488417328,110.72905419525428,90.00062916923828,73.01444198870644
5660.0,89.78053297788287,64.7611822133281,172.84427723123275,109.89909245674437,90.00063621748679,73.00379124952867
5680.0,89.76971338571839,64.42357669463281,172.74652147936135,109.07104588805576,89.99766843668256,72.97582929161254
5700.0,89.77983766396764,64.08377206382038,172.6483374070522,108.24234770060835,90.00071208941564,72.99077344077548
5720.0,89.77160632252077,63.746257700819356,172.55144318283266,107.41449841222361,89.99742570507979,73.03554342885889
5740.0,89.77355603029156,63.410581707179205,172.4565566832672,106.58635643969913,90.00115282093067,72.9658335835484
5760.0,89.77731507386514,63.071880975173954,172.35980730619258,105.75682780864977,89.99927241529815,72.98887589909344
5780.0,89.7782049077039,62.732473899347866,172.26130626018258,104.92759993360407,89.99935325005947,72.96909811048747
5800.0,89.77454002737288,62.39636977611601,172.16551907519522,104.10063175131313,89.9996320685352,72.99784156550788
5820.0,89.76683394966163,62.05938360911782,172.06926904516556,103.27241478468859,89.99895812181934,73.07878633704769
5840.0,89.76579146525147,61.71814559306327,171.9724829150871,102.44118653968572,89.99953800666931,72.99368397293657
5860.0,89.76739270643472,61.38340089615825,171.87384220896013,101.61485310443356,89.99713807810944,73.03968534969685
5880.0,89.78411969093773,61.04645780417852,171.77879661719194,100.78586671306346,89.9975180406323,73.15770004017106
5900.0,89.75971988002642,60.70529052221888,171.67965825808545,99.95791795324425,89.99646954008914,72.98519989603106
5920.0,89.794106490313,60.3693075732011,171.58657119379566,99.12618450623255,90.00530458842672,73.0050625680049
5940.0,89.76353638503336,60.03169288492766,171.48800630266885,98.2992128579067,89.99818646065637,72.97911105675
5960.0,89.77786125745773,59.69223763545259,171.38968018925718,97.47015561900926,90.00083751982375,73.06325754686122
5980.0,89.77277882818987,59.355803527608586,171.29551172402097,96.64292595267925,89.99620703723816,73.01189174457876
6000.0,89.7874608012183,59.01674823122705,171.19734100770765,95.81070773745908,90.00204219705556,72.99812867837403
6020.0,89.78383594650975,58.68054594887872,171.0975042393914,94.98732439059829,89.99629642277264,73.05776861168472
6040.0,89.79318609829238,58.3425572209561,171.00127983455425,94.16057541764235,89.99852026596166,73.0522253565072
6060.0,89.7690951205017,58.002715979875774,170.90290961877548,93.33021792913426,89.99619774655145,72.9974508644959
6080.0,89.79486052379461,57.66643663220277,170.81104928007557,92.4980556612219,89.99467273687328,72.99329523352635
6100.0,89.7900778534604,57.32633309140844,170.71074874138543,91.67009694727713,89.99461080339883,73.02509737365632
6120.0,89.77739203009263,56.99084396331022,170.61613452870566,90.83945037993807,89.99628849289688,73.00646753771561
6140.0,89.78024590780345,56.650798562087154,170.51762002405533,90.01137550404526,89.9982221242016,73.10887571181902
6160.0,89.80063020749242,56.312887908218364,170.42281191747816,89.1834554813669,90.00229497435014,73.0094676656518
6180.0,89.78837586419178,55.97512217110054,170.323719097356,88.35506055621033,90.00254916436032,73.00268071649843
6200.0,89.7745392993363,55.636718581939654,170.22783185335973,87.5241668640074,89.99790524336738,72.95398771421388
6220.0,89.76217047460771,55.299945465368225,170.12883051451186,86.6972365337092,89.9909526594021,73.00486950622023
6240.0,89.7675194456008,55.020241721638726,170.0475509974228,86.01535487902254,89.99936539057092,73.02607108241166
6260.0,89.77792445720594,55.37045785964297,169.27703513110546,86.05584791541594,89.99590805150119,73.0002982523486
6280.0,89.75527896322303,55.69444757594552,168.50075006104427,86.09767691759164,89.9930441665511,73.0005349043517
6300.0,89.77388341690013,56.03647013664804,167.74073931024125,86.13946638848353,89.99880067890138,73.0087560158014
6320.0,89.78879710866022,56.36731192442866,166.9639614046784,86.17624153884525,89.99807668760548,73.01407374122026
6340.0,89.78106592255254,56.70881645617968,166.1947999731546,86.21414401332127,89.99702929632605,73.00649531300331
6360.0,89.78646150311174,57.046691528494584,165.4255366914765,86.25177602725844,89.99742823359304,72.9992284129302
6380.0,89.77085408184399,57.37666354294604,164.64859800304475,86.28980025587474,89.99780298598128,72.9168382251572
6400.0,89.77162068669901,57.72789094010681,163.88488763875037,86.33358559598464,90.00099754576213,72.95511970629904
6420.0,89.77905008472506,58.04938294447593,163.0992101814923,86.3614983539919,89.9984913352894,72.9991059202448
6440.0,89.78128765308621,58.40450408535317,162.3454253723639,86.4095724513072,90.00185735526857,72.97040936020774
6460.0,89.76503590315328,58.7233998148438,161.56005561653035,86.44097582392443,90.00133150926841,72.98466624604231
6480.0,89.77277700997892,59.07167320972803,160.7981128313007,86.48094794774087,89.9985818881716,72.99162477190326
6500.0,89.77886858457161,59.40943179569645,160.02650497363234,86.521011778574,89.99620993881867,73.00186186151699
6520.0,89.7843915689814,59.73285364883265,159.24754322040448,86.55608985477635,89.99554971210917,72.97493517784719
6540.0,89.76780282456379,60.088872900173726,158.48982013611243,86.5992873799716,89.99543723113166,72.87828100522886
6560.0,89.77373242006296,60.41204352128237,157.70723136238604,86.63282918829638,89.997810085954,73.07107626817746
6580.0,89.76155642225753,60.75044044473968,156.93700577243743,86.67159137151401,89.99685578390982,72.88629369123224
6600.0,89.7722941700192,61.09936038851892,156.176068363432,86.71482269907558,90.00054899390075,72.94039679682596
6620.0,89.76938133302542,61.419460367083886,155.39287484739356,86.74714637316066,89.9993015768302,72.91477420517275
6640.0,89.77088570914162,61.76325478602519,154.6262595169885,86.78797171369841,89.99858093559978,72.91962512700422
6660.0,89.7765320234388,62.109324157334335,153.8633845578319,86.82929688945889,90.00127544462177,72.92589296864809
6680.0,89.76162665747954,62.4313073326697,153.07984022258665,86.8615932116509,89.99517173856952,73.05526652174669
6700.0,89.7880106975048,62.77149399933706,152.31248950468253,86.90310654291235,90.00182059726598,73.02264602604707
6720.0,89.75929952712193,63.12101456368707,151.54912814763185,86.94569882366746,89.9972035466425,73.02279014248684
6740.0,89.77017504756019,63.44598397700293,150.76890655297143,86.98097312651967,89.99805748752914,72.93838204651553
6760.0,89.75554793938446,63.77832967914684,149.9949148863042,87.0162822616332,89.99301189264868,72.9983984059017
6780.0,89.76101618523057,64.12889738944126,149.23438778404412,87.05904783757128,90.00342913843963,73.00022186936238
6800.0,89.77206398945965,64.46463969025878,148.46210329345118,87.09812365354195,89.99728872145556,72.97556297816907
6820.0,89.77956241225232,64.78867549213064,147.68287569352506,87.13068560340858,90.0004979897346,72.94397070107404
6840.0,89.77137040304457,65.12955076859222,146.91431758932987,87.17077360606737,90.00075081469609,72.92531150333134
6860.0,89.7634261382576,65.4782254715988,146.15190961954517,87.2114237865276,89.99996076736404,72.96067333691978
6880.0,89.79109748313483,65.81031291891834,145.3781330311261,87.25006503111602,90.00008787806549,72.99635952464573
6900.0,89.7689200238733,66.13654509873422,144.5983176134403,87.28490617058767,89.99815362565123,72.93671422511406
6920.0,89.76462881881318,66.47630340370202,143.82963650897352,87.32318912999708,89.99861922035564,72.99092332809464
6940.0,89.75728744385435,66.82425334707231,143.06612446199114,87.36433264441015,90.00058130735825,72.99591199302343
6960.0,89.76830383166305,67.16106621220244,142.2959489697954,87.40342813672875,89.99873663451399,72.93490879020801
6980.0,89.76082725073864,67.48837129676369,141.51838646813943,87.4365374254501,89.9961142521282,72.99551646618914
7000.0,89.76174953238456,67.8204013810417,140.74343364167623,87.47555066490885,89.99769359210819,72.95106964331639
7020.0,89.76802044153497,68.16423281173331,139.9764163364768,87.517350935241,90.00041796564429,72.99956794277679
7040.0,89.76531363875849,68.50926781132922,139.21130722873934,87.55757619709634,89.99630963827119,73.0040969925204
7060.0,89.76013599409822,68.84528222096287,138.44011191165046,87.59430336813847,89.99653259814227,73.00103257548005
7080.0,89.7741962260103,69.17403739024121,137.6632705518388,87.6309081659599,89.99971851041329,73.00008112417015
7100.0,89.78012464072123,69.50533714155823,136.88859815164528,87.66762817836522,90.00016150119093,73.00056957063921
7120.0,89.77960346911888,69.845014277077,136.11961693179416,87.7069067068198,90.00023071575754,73.0007366786772
7140.0,89.777946434882,70.18961957179519,135.35362648225623,87.7475222963746,90.0000665192808,73.00054934753142
7160.0,89.77649956572256,70.5311190707855,134.5857459043936,87.78736983829093,89.99974653391041,73.00036338152869
7180.0,89.77592368675936,70.86581227450581,133.81319123048615,87.82496664562417,89.99968802634608,73.00020254041713
7200.0,89.77575434805966,71.1961904366234,133.03765793387495,87.86125468922846,89.99969892103235,73.0001754504087
7220.0,89.77562808163816,71.52778997587214,132.26302323645126,87.89787713445519,89.99971126842732,73.00015800328912
7240.0,89.7756528269198,71.8643950246768,131.4917584707137,87.93611251675337,89.99972301322082,73.0001581066831
7260.0,89.77561676617947,72.20567944531761,130.7236565442257,87.97579382669662,89.99969360780757,73.00015785317058
7280.0,89.77554351525143,72.54831097266967,129.95647982098583,88.01591827445324,89.99964987125823,73.00015673953664
7300.0,89.77548814520067,72.88872777880387,129.1877996861755,88.05531814625441,89.99962423603341,73.00015666099031
7320.0,89.77547136549518,73.22520264420919,128.4164620525316,88.09358776714252,89.99963080165102,73.00015736219298
7340.0,89.77550092279427,73.55842891006962,127.64293192787035,88.13078054468903,89.9996662437393,73.00015759230828
7360.0,89.77555888686862,73.89052940326424,126.86863923559729,88.16761467679368,89.99971275984339,73.00016001054006
7380.0,89.77561370727231,74.22374201563402,126.09512776182903,88.20475980492253,89.99975110160163,73.00016072491606
7400.0,89.77564397797026,74.55944184844908,125.32323413628016,88.24272208839885,89.99976927981685,73.00016142158186
7420.0,89.77564312524605,74.89772666399531,124.55313795004649,88.28147544083016,89.99976537912421,73.00016180215519
7440.0,89.7756138395175,75.23781561324141,123.78419451613836,88.3207946235125,89.99974560296398,73.00016178804634
7460.0,89.77556991371131,75.57843970878785,123.01561285593397,88.36023226877585,89.99972043526792,73.00016094506412
7480.0,89.77552563449841,75.9184261066784,122.24660138283835,88.39949742454863,89.99969967611534,73.00016070175673
7500.0,89.77549326510484,76.25702839259583,121.47665789952666,88.43836672069737,89.99968994518647,73.00016089035148
7520.0,89.77547918166563,76.59402932179216,120.70563788097662,88.47669847104275,89.99969369893914,73.00016090652335
7540.0,89.77548383759019,76.92958008587748,119.93369241446018,88.51467823295961,89.99970942240402,73.00016189828224
7560.0,89.7755037556693,77.26422127759223,119.1611154001717,88.55228117816051,89.99973366879077,73.00016287721495
7580.0,89.77553263319999,77.59846547481649,118.38830613798218,88.58979552783006,89.9997613672983,73.00016396901462
7600.0,89.77556416510141,77.93283884569443,117.61556838673648,88.6273448999879,89.99978854660128,73.00016363135883
7620.0,89.77559315117175,78.26770612653857,116.84314440858586,88.665037765623,89.99981217588983,73.00016437172535
7640.0,89.77561575081738,78.60324593533444,116.07120950226725,88.70296654062349,89.99983011704961,73.0001653463109
7660.0,89.77563036214087,78.93955449744674,115.29973683599567,88.74110539396662,89.99984211973428,73.00016528729323
7680.0,89.7756366285565,79.27653316735335,114.52873976636232,88.77945723509293,89.99984831050767,73.00016541978336
7700.0,89.77563543221844,79.61408806752964,113.75808171890918,88.81798036808382,89.99984975709695,73.00016547103559
7720.0,89.77562803800944,79.95202927226778,112.98770825642642,88.85662205160494,89.99984778720813,73.00016586908299
7740.0,89.77561622251889,80.29022186887549,112.21747978405261,88.89532502618844,89.99984367416297,73.00016573903618
7760.0,89.77560164081775,80.62850408495744,111.44732390024642,88.93406442746013,89.99983849495605,73.00016578358986
7780.0,89.77558581864328,80.9667756706296,110.67714988285537,88.9727950506349,89.99983329576816,73.00016582622172
7800.0,89.77556995387498,81.30495254486235,109.90690469093312,89.01149194704237,89.99982881165903,73.0001657339986
7820.0,89.77555495097532,81.64296461580538,109.13656406987836,89.0501545886128,89.99982550783521,73.00016588429419
7840.0,89.77554145057697,81.98080366779524,108.36609086051736,89.0887574095257,89.99982364395157,73.00016610440868
7860.0,89.77552974845494,82.31845501659755,107.59550104231366,89.12729232032676,89.99982329466397,73.0001659881883
7880.0,89.77551996644877,82.6559168820054,106.8247969649052,89.16577938057874,89.99982440194414,73.00016619819624
7900.0,89.77551201889115,82.99320978981784,106.05398353975396,89.2042271280237,89.99982684867118,73.00016642065343
7920.0,89.7755058777392,83.3303645129876,105.28307011089285,89.2426188423904,89.99983051798901,73.00016649603131
7940.0,89.77550128761426,83.66740285386062,104.51206965959489,89.28096968537481,89.99983522384902,73.00016663147092
7960.0,89.77549803411257,84.00433357544709,103.741011922936,89.31930212213356,89.99984074928774,73.00016681333585
7980.0,89.7754959055054,84.34118067999144,102.96990894351083,89.3576177357129,89.99984693076867,73.0001669834244
8000.0,89.77549469335914,84.677970790816,102.19876581997246,89.39591222919003,89.99985364089352,73.0001671194946
8020.0,89.7754942333168,85.01472544862405,101.42758579397788,89.43418965032023,89.99986072313379,73.00016730187296
8040.0,89.77549430984357,85.3514513130989,100.65638836848227,89.47246032331881,89.99986807730461,73.00016744657042
8060.0,89.77549479458304,85.68815169695526,99.88518955195931,89.5107297749259,89.99987559265534,73.00016757440554
8080.0,89.7754955955673,86.02485602821173,99.11396746575406,89.54899236551353,89.99988325573177,73.00016780378358
8100.0,89.77549656377018,86.36155015322498,98.34276164309885,89.58723852373181,89.99989090599621,73.00016786456226
8120.0,89.77549765131428,86.69824658096609,97.57154895674935,89.62550633885128,89.99989857955133,73.00016801218806
8140.0,89.77549879290339,87.03495485082851,96.80033759275699,89.6637610274571,89.99990615884546,73.00016817957142
8160.0,89.77549997171283,87.37166494432306,96.02913140622213,89.70203993895998,89.9999137516774,73.00016820352738
8180.0,89.7755011963382,87.70838915400901,95.2579328826482,89.74030254497352,89.99992125164242,73.00016834506742
8200.0,89.77550223987474,88.0450932925362,94.48677614984095,89.77858651345676,89.99992863675216,73.00016824163583
8220.0,89.77550329766645,88.38185019011259,93.71556740187978,89.81686003827055,89.99993596736944,73.00016827831004
8240.0,89.77550428416917,88.71864198989208,92.94431877013628,89.85514889052996,89.99994330357387,73.00016856127817
8260.0,89.7755052512597,89.05535144996935,92.17319994559783,89.8934401027006,89.99995052460008,73.00016845768589
8280.0,89.77550625899391,89.39212209504561,91.40203961056463,89.9316650425667,89.99995784861686,73.000168554068
8300.0,89.77550705434085,89.72886512086355,90.63087577155198,89.97000646537582,89.99996486400997,73.00016856635787
8320.0,89.77561888121556,89.99454975065373,89.99987287303053,89.99416489975565,90.00003552592075,73.00016858792114
8340.0,88.90446678952506,89.65541823577185,90.77120558804718,89.9620351373301,89.9993300198706,73.00015246073544
8360.0,88.04206889928454,89.31700030272886,91.54460944444372,89.923183358337,90.00017167837524,73.00017018928068
8380.0,87.17761025037198,88.98282140744269,92.31274089955511,89.8813580309094,90.0001087589116,73.00017371892176
8400.0,86.31222228445729,88.6463210302491,93.08231175267059,89.8442682062641,89.9999480472749,73.00016502703228
8420.0,85.44799634649033,88.30626642647944,93.85660933124005,89.808874918111,90.00008205523912,73.00017609331378
8440.0,84.58289970628749,87.9696387177949,94.62691081781323,89.77056119704633,89.99992228522193,73.00017018840369
8460.0,83.71834313611761,87.633014063368,95.39764263187935,89.73130971344735,89.99995335252595,73.00017301084341
8480.0,82.85366479768074,87.29574705800941,96.16933467013818,89.69207101649819,89.99995979063237,73.0001683083042
8500.0,81.98887546406901,86.9593131518508,96.93920877910746,89.65375898030088,89.99999830645098,73.00016927605843
8520.0,81.12417384982338,86.6225356834122,97.70981125129974,89.61495060031804,89.99999305532681,73.0001705412916
8540.0,80.25946416818265,86.28484269774765,98.4821735644726,89.57534605127296,89.99998909647026,73.00016347185307
8560.0,79.39473139913774,85.94849921670675,99.25118552880548,89.53850712689652,89.99998497480098,73.0001730539447
8580.0,78.53000137546302,85.61115791139768,100.02238635432941,89.50028362971614,89.99998161487345,73.00017317407277
8600.0,77.66523710783576,85.27424387066813,100.79284412265717,89.46241289257269,90.00002124946512,73.0008685480228
8620.0,76.80060563102039,84.93684899337366,101.56502462304512,89.42254576938792,89.9999865813077,72.99974066559557
8640.0,75.93582546163631,84.59984431526706,102.33588400304524,89.38468783999227,89.99997106247902,73.0001686665127
8660.0,75.07112595546712,84.26297851210757,103.10705442402451,89.34620801371778,89.9999615296883,73.00016891604609
8680.0,74.20640847496638,83.92622823522053,103.87829446604216,89.30748353047602,89.99995504071103,73.00016620111387
8700.0,73.34168829714429,83.58978301622352,104.64908123371949,89.26936161990398,89.99994696263244,73.00016931757746
8720.0,72.47693999270692,83.25284849913771,105.4207277056016,89.23172172889866,89.99993990576446,73.00017006953385
8740.0,71.61223307189654,82.91675225666943,106.19191629890446,89.19302981456914,89.99992856239943,73.00016934127957
8760.0,70.74749510183572,82.5804497234428,106.96357954507091,89.15502950113009,89.99991834565782,73.00016854390856
8780.0,69.88276336632869,82.24447178853092,107.73522709775439,89.11705011468325,89.99990490838628,73.00016903448076
8800.0,69.01802421469485,81.90868901942112,108.50712856114609,89.0791334635686,89.99989036432733,73.00016842149178
8820.0,68.15328735751953,81.57323509249358,109.27912720532301,89.04123367180318,89.9998728548357,73.00016825578933
8840.0,67.28854892708787,81.2380427322831,110.05127028026473,89.0033887169615,89.99985316637525,73.00016799836601
8860.0,66.42380644295501,80.9030331837908,110.82351237569367,88.96569274338881,89.99983169517998,73.00016850179627
8880.0,65.55905959556743,80.56802577647215,111.5960392630928,88.92787387676785,89.9998101829709,73.0001656449656
8900.0,64.69432184591933,80.23307760822868,112.3683557445451,88.89014544263718,89.99978701442296,73.00016601281247
8920.0,63.829581786562656,79.89792685229352,113.14060969448221,88.85236041894531,89.99976589819205,73.00016532045471
8940.0,62.96484011349847,79.56244487436568,113.91259876147178,88.81444511506581,89.99974818435359,73.00016397994129
8960.0,62.10010732786688,79.22638936971548,114.6842278534692,88.77637293967398,89.99973392072854,73.00016331872271
8980.0,61.23538924687466,78.88958608640094,115.45536845752589,88.73807862342443,89.99972454190991,73.00016341314706
9000.0,60.37067412356799,78.5519012479479,116.22591770684406,88.69953455450853,89.9997240683254,73.00016350308502
9020.0,59.5059650565017,78.21329312226116,116.99587294894587,88.66068762976862,89.99973182114239,73.00016212609641
9040.0,58.64126763405369,77.87388052536315,117.7652825954692,88.6216092021429,89.99974553615674,73.0001626633709
9060.0,57.77657655296698,77.53395094046732,118.53434296150476,88.58237139411534,89.9997644246379,73.0001633019832
9080.0,56.91188348069695,77.19396144905859,119.30337304349875,88.54312306203884,89.99978481449189,73.00016363874691
9100.0,56.047186794333804,76.85453007957226,120.0727729454277,88.50402959844828,89.99980083421424,73.00016368484916
9120.0,55.18247914655476,76.51628252345076,120.84294494393698,88.46528506497096,89.99980776562185,73.00016385324165
9140.0,54.31775409457618,76.17970738193381,121.61422680121748,88.42703025297929,89.99980062353767,73.00016382719217
9160.0,53.45301196560468,75.84495666942252,122.38667694972567,88.3893107386578,89.99977820148709,73.00016271846759
9180.0,52.58825058228114,75.5116033045638,123.1601069133532,88.35207722814476,89.99974378411639,73.00016241271702
9200.0,51.723487179157054,75.17876090066143,123.93388197092136,88.31501997729613,89.9997031124302,73.000160964066
9220.0,50.858729225276484,74.84514950820294,124.70713379407732,88.27773255740189,89.99966856573899,73.00016016187142
9240.0,49.99399069448021,74.50947441339726,125.47905504043797,88.23979388868051,89.99965006793637,73.0001589321451
9260.0,49.12928310315298,74.17107763496234,126.24908949899101,88.20100422926146,89.99965502967234,73.00015852761402
9280.0,48.264600275102076,73.83026971711385,127.01753630314725,88.16145901657275,89.9996806508764,73.00015858630803
9300.0,47.39992540761167,73.48861632453503,127.78541564673567,88.12168043918257,89.99971549284271,73.00015942527372
9320.0,46.53523833819839,73.14841495200314,128.5542527270675,88.08234472357863,89.99973904257354,73.00016042473005
9340.0,45.67051440147177,72.81160634811484,129.32534471647307,88.04398051266432,89.99973532313666,73.00015964556906
9360.0,44.805756984658096,72.47842310675378,130.0989023799197,88.00679806924316,89.99969901929806,73.00015950975929
9380.0,43.94097534984849,72.14690950328048,130.87359523031495,87.97017381823879,89.99964740360224,73.0001577345203
9400.0,43.076215019187345,71.81364660933437,131.64713248265946,87.93298093342383,89.99960879369445,73.00015520145455
9420.0,42.2114976822825,71.47590666321724,132.41763479137484,87.89441259047454,89.9996066229842,73.00015492421092
9440.0,41.34682629596617,71.13396803095468,133.18526195695256,87.85451586499042,89.99964301556767,73.00015568871764
9460.0,40.48216343435445,70.79159374866667,133.95258064857114,87.81447586423424,89.99968468576765,73.00015714321658
9480.0,39.61745250443205,70.4535116929508,134.72281798558507,87.77576112596931,89.99969251136132,73.00015709631369
9500.0,38.75268269455232,70.12113285968638,135.49696185747712,87.73882108124707,89.9996498916485,73.00015601495973
9520.0,37.88789390549168,69.79041030789905,136.27225589373828,87.70249303307963,89.9995897748927,73.00015339209406
9540.0,37.02315103516338,69.45502485635868,137.04438304121197,87.66465284094471,89.99956759282762,73.00015179617291
9560.0,36.15848202838266,69.11301158038917,137.81189714615238,87.62470645414454,89.99960370321378,73.00015287044114
9580.0,35.29382587583074,68.76993410370852,138.5786623868174,87.58441163824241,89.99965337121827,73.00015461739677
9600.0,34.429101710988775,68.43339590354881,139.3499252552457,87.54612779942559,89.99964805524462,73.00015432677688
9620.0,33.56430780286658,68.10327027026337,140.12565208630838,87.50998364572146,89.99958409915081,73.00015173263074
9640.0,32.6995368935533,67.77058837998754,140.89965091463955,87.47302473273615,89.99953821184937,73.00014975210235
9660.0,31.834859971731596,67.4290964890213,141.6675377059488,87.4332438163135,89.99956980793036,73.00015029166445
9680.0,30.97021130456575,67.0853802168367,142.43380999553773,87.39271513521474,89.99962565896215,73.00015210572865
9700.0,30.105471608010326,66.75026010897143,143.2060486483372,87.35487680595298,89.9996081745728,73.00015132740081
9720.0,29.24066506716066,66.42104097306131,143.98251055913056,87.31910372889332,89.9995341026267,73.00014859892578
9740.0,28.375936556018452,66.0844646175604,144.7537663829648,87.28087003771441,89.9995210475961,73.00014729413975
9760.0,27.51129888026896,65.73963134409345,145.5192140628157,87.23995501061694,89.99958569670508,73.000149265707
9780.0,26.646590016475162,65.40156728805127,146.28942295115957,87.2011836508937,89.99959500224017,73.0001495545684
9800.0,25.78177921668609,65.07274872520888,147.0662054269949,87.16555519002652,89.9995174383669,73.00014641830442
9820.0,24.917047543322084,64.73646016733151,147.83765725212172,87.12743266058835,89.99950116872056,73.00014552711754
9840.0,24.052416056826715,64.3911647528059,148.60271834172713,87.0863301179584,89.9995715191062,73.00014744371958
9860.0,23.187678237950035,64.05572382151634,149.37479443275677,87.04843138481651,89.99955746472548,73.00014653261476
9880.0,22.32286961537188,63.72677814020877,150.1515008423747,87.01274920694713,89.99947744068386,73.0001428684055
9900.0,21.45819427367403,63.38491958574512,150.91902791903655,86.97282568535229,89.99951395747944,73.00014415778595
9920.0,20.593535351977987,63.04260997615575,151.68608913534456,86.93259332381015,89.99956069511202,73.00014595535713
9940.0,19.728719645589354,62.71387906191199,152.46307432972057,86.89706519993297,89.99948262454006,73.00014212441764
9960.0,18.863998626258507,62.37660461687606,153.23379971194476,86.85858759298073,89.99947417277188,73.00014122553465
9980.0,17.99936394276722,62.031797155855095,153.99907299964457,86.8175683520664,89.99954412198525,73.0001435188998
10000.0,17.134563078681403,61.702180952651915,154.77540139341176,86.78171484133134,89.99947378913255,73.00014076373601
10020.0,16.269828501135112,61.36592468473026,155.54694485507258,86.74360468971062,89.99945768327267,73.0001391845104
10040.0,15.405194192981252,61.02113832373546,156.3121559285395,86.70255875359757,89.99952823026385,73.0001418396925
10060.0,14.540381592354297,60.692420186673296,157.08920713321055,86.66702035470203,89.99944796404591,73.0001382228424
10080.0,13.67568062144971,60.35315385554462,157.8584672808884,86.62789415656347,89.9994594541997,73.00013824825447
10100.0,12.811014950495718,60.011368067509395,158.62585845499441,86.58780172624274,89.99950445867077,73.00013957623011
10120.0,11.946191572511873,59.68322650381879,159.40340468586587,86.55256464616019,89.99941478882585,73.0001354889657
10140.0,11.081557048121656,59.33832916697886,160.16844670974479,86.51144622394455,89.99948267513875,73.00013783137267
10160.0,10.216795634404608,59.00500942286693,160.94215884623574,86.47431720353697,89.99944820447216,73.00013618564043
10180.0,9.352049696209376,58.66982082476488,161.71445410898227,86.43662508441614,89.99942072619388,73.00013443947779
10200.0,8.487398041223837,58.32677851176483,162.48081792159238,86.39606812012127,89.99947841334036,73.00013660840519
10220.0,7.622576633110469,57.99829355821642,163.25823709841586,86.36075754646308,89.99938959307504,73.0001315300019
10240.0,6.757955356230211,57.65248904035954,164.02245800964724,86.31923532783098,89.99947029832364,73.00013480153164
10260.0,5.893144081487624,57.32337630165457,164.79942231941249,86.28367360323297,89.99939119897857,73.0001310936133
10280.0,5.028488395836695,56.98034678736294,165.56570611054082,86.24314269714355,89.99944146082761,73.00013271890896
10300.0,4.163719138250419,56.64758907638465,166.3399348109181,86.20630174656618,89.9994002108107,73.00013030693252
10320.0,3.299021991859147,56.30806534785089,167.10891279311696,86.16700085244447,89.99941547176327,73.0001300323118
10340.0,2.434286485167173,55.97249448075127,167.8809512973894,86.12913014375833,89.99940249536031,73.00012954382203
10360.0,1.5695674867386264,55.63482592425233,168.65135420532067,86.09054271087764,89.99939919622467,73.00012872763405
10380.0,0.7048414700616445,55.2984384569949,169.42276254845137,86.05235301532178,89.99939420117893,73.00012805446629
10400.0,-0.0076042025072264,55.01844160903665,170.05501787109324,86.02197242382132,89.99872009685525,72.99838604612046
10420.0,0.003925462192494736,55.02781183015158,170.04631248480533,86.01732526128527,89.99528242184836,72.39474624148784
10440.0,0.005802930621044958,55.022644949766075,170.054196999645,86.0228526146335,90.00350628745508,71.73020904772486
10460.0,0.005394132204382544,55.020200871172825,170.04965736593914,86.02131207333943,90.00261857732087,71.1760885948854
10480.0,0.001488205213239646,55.03042665937868,170.04987533581257,86.02028659644174,89.99875977423665,70.55601905527756
10500.0,0.0022003122052438907,55.016178335618534,170.0501324071717,86.02167413672507,90.00478660436315,69.96756770568582
10520.0,0.012751170111937138,55.02909879348358,170.05542645334768,86.02128425679638,90.0016100554465,69.37784618476785
10540.0,0.0020776963411865837,55.01887218637547,170.04462964353502,86.01795261858261,89.99950633281107,68.72546910916256
10560.0,0.001371848628165685,55.02859346156403,170.0579674760254,86.02419149610259,90.00164992508782,68.09937920552981
10580.0,0.0002572471089040113,55.01838627640549,170.0417955513251,86.0185952795588,89.99685292001718,67.52333311480726
10600.0,0.004120240185919861,55.02945058506321,170.05878993432307,86.02574529013698,89.99616684799238,66.9793669411337
10620.0,-0.006920825758479015,55.016081276063154,170.0430831472093,86.016625005867,89.99885944836673,66.36142979058998
10640.0,0.00013511268496490525,55.02668539534158,170.06342580575415,86.02750891806679,89.99877023933472,65.76236032907465
10660.0,0.0040351590379129245,55.020332266442324,170.03726432869712,86.01471400617636,90.00045506991837,65.07409867937656
10680.0,0.005224360741624387,55.02845751722495,170.0624949660545,86.02701022903754,89.99926342973322,64.50360163518704
10700.0,0.009460024065514171,55.01861153437829,170.0387725799803,86.0156652180475,90.00061891256678,63.76977384186982
10720.0,0.014259174969902661,55.03416943786539,170.05685829141396,86.02303355916806,89.99905420122944,63.29863549267601
10740.0,0.005712535053699371,55.015776982452024,170.04281752142697,86.01659636355593,90.00137618065571,62.699932417247965
10760.0,0.008175893526859764,55.02838405194348,170.0604331743699,86.02669688365741,89.99809129185263,62.069263173531525
10780.0,0.005268441030582376,55.01731892678166,170.04470495798836,86.01387934148191,90.00514886124698,61.505985701896186
10800.0,-0.006082327947037577,55.025169918638,170.060213680269,86.0280407458554,89.99902262413002,60.79919078257556
10820.0,0.004441245466066462,55.01820348972881,170.04550361484908,86.01850557036396,89.99500541499147,60.22900193931221
10840.0,-0.0044558147566926345,55.03017907292733,170.05169235117955,86.02174216728156,90.00021271993643,59.67720126578112
10860.0,-0.010946194509547182,55.0187133690517,170.049855277852,86.01985146105827,89.99776922263001,59.061722481052385
10880.0,0.00393305117736883,55.02323781929195,170.05395527750127,86.02153075051666,89.99733086120888,58.448158400656084
10900.0,-0.002112077506035051,55.02243356348994,170.05221053872094,86.01988884374454,89.99568103657253,57.812627544017225
10920.0,-0.0009766027943902563,55.02069050094486,170.0510906864432,86.01923148423896,90.00304503701818,57.19712189781915
10940.0,0.002629774364243696,55.02688826498197,170.0511785970054,86.02535287593868,89.99776959597735,56.61392297548461
10960.0,-0.011230316695076382,55.01372414109772,170.0517333969784,86.02122714450437,89.9998943953082,55.97766237950754
10980.0,0.004520023435938938,55.03465246497185,170.05040349463474,86.01992767137018,89.99694026236946,55.41556239153242
11000.0,0.0037686575064799334,55.01252186920415,170.04840152926232,86.02003598481458,89.99752547745919,54.71108756244658
11020.0,0.0041430479348110345,55.03975796455302,170.05070936586364,86.0145874886338,89.99859073333207,54.18078312181104
11040.0,-0.0006526419027848606,55.01474530555611,170.0468794891354,86.01038660310297,89.99679315815516,53.57955060544298
11060.0,-0.00964590941249447,55.024203811526604,170.0625035983837,86.03275660890483,89.99689314758962,52.94746019261666
11080.0,0.008364650959212034,55.01994431277578,170.03964217427787,86.01399026911868,89.9970582186009,52.37381049993336
11100.0,0.0011380044046018878,55.02234613725799,170.06612399046708,86.02377198056672,90.00090497110318,51.70724273769939
11120.0,-0.017237863324489552,55.011206629642224,170.05289326245014,86.02051769661887,89.999368055642,51.06767421379396
11140.0,0.0014898353022019173,55.03370765418527,170.04559495795462,86.01941496398786,90.00176693728399,50.54512682521439
11160.0,0.0021027033160108967,55.021724036098476,170.05170831340092,86.01589706699014,90.00117218820833,49.94848530722884
11180.0,-0.0005194566931051922,55.023528557286106,170.04681272909014,86.02097746198136,90.00114732148069,49.29260480467726
11200.0,-0.018116911908796236,55.019858422096185,170.05980185051754,86.0269839854931,89.9974988582746,48.72741281559369
11220.0,0.0067213230953872116,55.02386899169529,170.03614980713476,86.0198557434677,89.99487715618861,48.125548944928546
11240.0,0.007525834406038687,55.02984201036572,170.05781364158807,86.0228366724465,90.0022606296483,47.479626796872196
11260.0,0.002958867416111065,55.00850723460763,170.04889379679227,86.023272627424,90.00223299155279,46.869014591837875
11280.0,-0.0021459408636174877,55.03843884044727,170.0501914722983,86.01831635277094,89.99729617932857,46.29388081480831
11300.0,-0.003077432395369828,55.012710970973,170.04567737495185,86.02358146988364,89.99668909581959,45.64889647631528
11320.0,-0.000744065895654277,55.03103256117627,170.0546578895223,86.01491253597536,89.99950328964142,45.063424426251665
11340.0,0.001346984189964905,55.01892704791096,170.05016131629193,86.01864834709735,89.9947340295877,44.47876209442537
11360.0,0.013442223538468332,55.023605101383694,170.0490679261691,86.01898214716944,90.00237986481719,43.859107985473024
11380.0,-0.0054886303522925966,55.03017796194524,170.04914763876198,86.01967125313622,89.9978079708774,43.28344067779441
11400.0,0.006394680088252964,55.019511046225,170.0412497477824,86.01772287990808,90.00043822784589,42.64109370137588
11420.0,-0.003917183783900085,55.02331371549337,170.06298530851822,86.0295618287502,89.99955426535014,42.04806466347537
11440.0,-0.00181658843070561,55.00964773697111,170.04859308216743,86.02030249702489,90.00111622457828,41.426793632482074
11460.0,0.0009951387851062188,55.032892256183054,170.051655621895,86.02169108295215,90.00307917160687,40.81162368166677
11480.0,0.004262958025997743,55.01679519288541,170.04753292903794,86.02353628443711,90.00176235573058,40.220167507066805
11500.0,-0.003960558445618876,55.02024466179478,170.0545132095755,86.01854379519722,89.99652883825651,39.56589619867617
11520.0,-0.007961858693497555,55.02421696622074,170.057309806193,86.01669916309898,90.0046428359085,38.998524251498914
11540.0,-0.004264432277979413,55.01221332097547,170.04546566588607,86.02423817622142,89.9935992738087,38.41085510387754
11560.0,0.0026854578957231897,55.03067505092225,170.05940342582062,86.019524868835,89.99964215914126,37.79534669752255
11580.0,0.0019614245376395113,55.01339002601293,170.04641204292955,86.01530408059442,90.00264568372481,37.17856643583375
11600.0,-0.0015350678748124202,55.03206795033498,170.05008953658344,86.01565913238012,90.00054630889606,36.564394974513725
11620.0,0.007249685192287542,55.028012869765156,170.0437296985353,86.01811970322063,90.00140235763142,35.99178665812448
11640.0,-0.005686368292491873,55.01661688008911,170.0472520825131,86.01946799237737,90.00317035294688,35.35425871246772
11660.0,0.005162499633259109,55.03480023346359,170.0520700493477,86.01804777005817,89.99292467298532,34.750028028728494
11680.0,0.0007669490369850927,55.01437926775651,170.04314407201545,86.01634475070618,89.99338387096674,34.15100793744845
11700.0,0.009273770039146404,55.033759726139685,170.04844030195503,86.01686439058048,89.99850533828412,33.54424095640376
11720.0,-0.008576397744544708,55.01548240191725,170.05759058563928,86.02002272491,89.99929000155402,32.87632526028501
11740.0,0.004914968452012331,55.02263070910365,170.04111173582447,86.01614618948784,90.00531828099435,32.2958813726095
11760.0,-0.00788972588030737,55.03046462511918,170.05472833681733,86.02159794367446,89.99619365597134,31.732152526310582
11780.0,0.001804086957684763,55.01353907932182,170.04412193259333,86.01919019120879,89.99578010940975,31.12956332228654
11800.0,3.646545927587948e-05,55.0203634678295,170.05870958828444,86.02510629910314,89.99809340129654,30.478973837355174
11820.0,-0.0075749668167361065,55.02488044400438,170.04897940875375,86.02146232700731,90.00122127721153,29.87926175009033
11840.0,-0.011257003469029837,55.01839903577135,170.0404698318221,86.02088380039156,90.00668320880807,29.154030279427804
11860.0,0.0030547028228082034,55.0264519539027,170.05905392199318,86.02512738514935,90.00205099476376,28.691290443541693
11880.0,0.00958957665181534,55.01363305083485,170.04700449266954,86.0225829643852,89.98917157964874,28.100077542513553
11900.0,0.00918264022541481,55.01936856150407,170.05134974306094,86.02103482326177,90.00599075191077,27.46753182940997
11920.0,0.006083374538781967,55.021616101750354,170.06119861638106,86.02421641692186,89.99800727474393,26.808347594267698
11940.0,-0.0020329738627178234,55.016751803181855,170.04043663573748,86.01996524178088,89.99395751294306,26.276035761475953
11960.0,-0.007030849729194075,55.027224484392605,170.05192205839833,86.01659999425416,89.98873151514822,25.657390775900986
11980.0,0.0084074292327961,55.02420248115552,170.05020016889947,86.01997416668802,90.00615565252909,25.056407212671655
12000.0,-0.0007737968772323243,55.005231723689704,170.05355134952728,86.02393798561941,89.99275839968789,24.406407973497085
12020.0,0.009708937207750224,55.02602817060047,170.05445796662235,86.02333679060953,89.99223661297907,23.81621081160562
12040.0,-0.007766810125570416,55.015539715567776,170.05257307040978,86.0230192578937,89.9974847880412,23.252373055159634
12060.0,-0.0028702450984914416,55.022578849003445,170.03962798654285,86.01533195206049,89.99699593878441,22.640404478067868
12080.0,-0.0033376670510702083,55.02123142589509,170.06052781928076,86.02124843662455,89.99055530844436,22.011635971989186
12100.0,-0.00020780462908118376,55.01542290707083,170.0491800575027,86.01851702245071,89.99407388037582,21.377896358340024
12120.0,0.0013903791789690203,55.024757579813006,170.04188920790176,86.01673545018858,90.00235313055613,20.80010980529176
12140.0,0.00468379505262805,55.02543563616959,170.05732621544254,86.01904345707877,90.0017132400484,20.205211579783892
12160.0,0.007035117359161429,55.014503608795884,170.0474811230147,86.01997025666968,89.99805830634082,19.55560049222776
12180.0,0.0004912937410473651,55.01345709053174,170.05354361064846,86.02366492707685,90.00109524462377,18.842557053132353
12200.0,-0.007431206920829785,55.02917545865255,170.0524666086366,86.02466416283158,90.0015765836779,18.318841669963987
12220.0,0.005382884669078156,55.01991182335142,170.04332279948704,86.01529399289693,89.99610060033267,17.711740665424315
12240.0,0.004345399238938851,55.020189386834765,170.04546983264572,86.01600899970721,90.00029639630729,17.099091010442375
12260.0,0.002622858974790565,55.026015693759604,170.05527485399617,86.0219012574258,89.99992918903448,16.540883014852184
12280.0,-0.00554363939053022,55.019414138206805,170.04601515135124,86.01830625890824,90.00338481543075,15.89325176229136
12300.0,-0.0005944603186530863,55.02048820312045,170.04267120616856,86.01590362499243,89.994335763041,15.290185078022192
12320.0,-0.001700921811293128,55.021423887502074,170.05113094414799,86.02351608102404,89.99991209794852,14.730471118946618
12340.0,-0.005088909167407384,55.018829649491096,170.04878412148014,86.02129758491255,89.99879112732994,14.127153235899746
12360.0,-0.0008342936044491821,55.020513244013095,170.0451543566084,86.0154139692174,90.00099208054615,13.442033893362117
12380.0,0.004076915513560039,55.018311992315816,170.05381814623595,86.02278008715031,90.00485061021739,12.924601665342758
12400.0,-0.0030195618261356877,55.0249376229868,170.05069825038368,86.01812271202661,89.99453404304495,12.313234874389538
12420.0,0.0037444231340252026,55.013733080707574,170.05047051305877,86.01745293876968,90.00070697608012,11.710007148106493
12440.0,0.0017836943904160848,55.02215911782321,170.04457199267415,86.0159856169569,89.99911782383417,11.086187933951505
12460.0,-0.00028839709267704743,55.021684360977595,170.05385060101858,86.02094134723023,90.00600488772201,10.466957254387903
12480.0,-0.0017483517961921634,55.02796575749858,170.04834799916983,86.01934476351202,89.99758362583873,9.971514878868621
12500.0,0.870746579058522,55.378191133423314,170.1565344366249,86.85773149594608,89.99673809380991,10.002823607737083
12520.0,1.7319357697519375,55.69246078795458,170.23704706226317,87.67728555518943,89.9992731039288,9.999055341637346
12540.0,2.5999507932343544,56.021107565255136,170.328479475694,88.50458193221661,89.99980352414555,9.99670739870043
12560.0,3.46205581512469,56.383006948611595,170.44199007848002,89.34088706940541,89.99935518627157,9.998489642236258
12580.0,4.326871320484454,56.72722028130975,170.54471220839102,90.17138753081875,89.99923028196497,9.998038324921579
12600.0,5.191937499311213,57.04386717889395,170.62555369119536,90.99301464306147,89.99940620047767,9.997827249706477
12620.0,6.057158488997516,57.37353892402554,170.71586687872124,91.81899636493459,89.9995178566487,9.99783112530564
12640.0,6.922377046297947,57.72894431905717,170.82650337722802,92.6536274262799,89.99944675548744,9.998121909471712
12660.0,7.7863051643568015,58.079429105652004,170.93332106371022,93.48652669772407,89.99925760988357,9.998284126287725
12680.0,8.651433178233676,58.40657886089348,171.0216081615768,94.31154374124063,89.99936538886446,9.99823988747078
12700.0,9.516433489628268,58.72834461820729,171.10557361477203,95.13487844480755,89.99950727676031,9.99811035671737
12720.0,10.38113170020336,59.0667290223711,171.20276652599148,95.96367106922986,89.99948094896025,9.998168517302345
12740.0,11.245661340807425,59.418900211807546,171.3111135720456,96.79714599174059,89.999348528412,9.998404168783807
12760.0,12.11017855087909,59.76700221185516,171.4161960949312,97.62926924214949,89.99925387793394,9.99859082909361
12780.0,12.974958891939025,60.101212487918495,171.51012615342648,98.45675885561532,89.99929000208675,9.998602946064372
12800.0,13.83983077754811,60.42726711019242,171.5972503377676,99.2813967604865,89.9993744462546,9.998512410036556
12820.0,14.70463713550425,60.756231930269514,171.6868892000122,100.10706518058835,89.99943372625266,9.998443211451098
12840.0,15.569331129869719,61.09418648294055,171.78367047585647,100.93568559672056,89.99941517606989,9.998512792078403
12860.0,16.434003463405016,61.43900824828484,171.88628752837295,101.76671456801017,89.99934996897204,9.998675805283645
12880.0,17.29865262166282,61.785377562258724,171.9900345076411,102.598181829259,89.99928024957268,9.998863140661573
12900.0,18.16331434673176,62.12876968168117,172.09136714884988,103.42868130660523,89.99923272932276,9.999010242667184
12920.0,19.028009847129116,62.46771472938172,172.18915858399095,104.25768679507773,89.99921890363603,9.999098149493177
12940.0,19.89275020887571,62.80321077584453,172.28405733618973,105.08551473879899,89.99923630468477,9.999121973281973
12960.0,20.75753295733775,63.13712605326015,172.37747819832254,105.91269802704198,89.9992654011922,9.999134562882391
12980.0,21.6222886995495,63.47090085651739,172.47078278866223,106.73985687230191,89.99928933072954,9.999141891122031
13000.0,22.48704488950411,63.80535281621195,172.5647521296567,107.56731686347041,89.99930737765789,9.99914526104027
13020.0,23.35178945185378,64.14079582223869,172.6595887636424,108.39509011691857,89.99931856892809,9.999164772106397
13040.0,24.216533081630267,64.47718823261961,172.75517498393225,109.22317510585313,89.999324410399,9.999204262933137
13060.0,25.081251748741895,64.81434214282038,172.85134351180932,110.05151414248553,89.99932453526927,9.999257891737564
13080.0,25.94597531233779,65.15209084502509,172.94800140799174,110.880017840925,89.99932038418036,9.999325033441313
13100.0,26.81069770893039,65.49037141711028,173.0451253353805,111.70867350467276,89.99931198658639,9.999403712688986
13120.0,27.67541230181972,65.8292774904507,173.14272744461115,112.53751919924225,89.99929970966632,9.999499384771921
13140.0,28.540118940048725,66.16893089601706,173.24092372437778,113.36662858634469,89.99928448267084,9.999611253840222
13160.0,29.404816551089585,66.50931602219619,173.33984193343298,114.19594728499743,89.99926193642999,9.999741046865923
13180.0,30.26950610392615,66.8501545407706,173.43919784503467,115.02547636190157,89.99923885890705,9.999876886901365
13200.0,31.134192516928817,67.19058986031847,173.53832794577036,115.85494134491341,89.99921315448991,9.99999931894961
13220.0,31.998895536581013,67.52931901609209,173.6359702879546,116.68378365987132,89.99919495694981,10.000093910634444
13240.0,32.86364593381732,67.86511442409318,173.73072603597421,117.51137922141874,89.99920614290917,10.000145282023412
13260.0,33.728433525643815,68.19749812781345,173.82270602369127,118.33796916131894,89.99925577903882,10.000104488105432
13280.0,34.59320380467385,68.5288868337462,173.91418168339706,119.16444663003487,89.99928869448193,10.00000348932327
13300.0,35.457942816749934,68.8646993274888,174.00859602931985,119.99199854434525,89.99930244410513,10.000056998289892
13320.0,36.32262614048149,69.20704712407156,174.1092567704067,120.82192192359018,89.9992875080194,10.000241093475829
13340.0,37.18726533786081,69.55170142800635,174.21238616240242,121.65286308382264,89.99922781803487,10.00046221947009
13360.0,38.051992801135086,69.88959946036071,174.30934112807336,122.48137645454975,89.99921290130975,10.000539955848053
13380.0,38.916793869677235,70.21918323434392,174.39842587079244,123.30678822035838,89.99927236683762,10.000434236898695
13400.0,39.78155666295332,70.55290295869173,174.4913245880037,124.13370161398208,89.99930964741012,10.000408756056457
13420.0,40.646194465315695,70.89831827090302,174.59488561087295,124.96470189930942,89.99925771323797,10.00067866372469
13440.0,41.510891330251354,71.23922107713507,174.69451098193846,125.79417628716514,89.99923091636686,10.000839340440356
13460.0,42.37570401975916,71.56744084513782,174.78240332273344,126.61922884886576,89.9993008304558,10.000668751842342
13480.0,43.240410293512824,71.90572076148558,174.87955350470097,127.44777204589671,89.99930248430756,10.000753184924411
13500.0,44.10505949299275,72.2514062294595,174.9835698311451,128.278892885447,89.9992413925807,10.00104830627851
13520.0,44.96986245192985,72.5803120130633,175.07211490904413,129.10419543397526,89.99930382176619,10.000879760230859
13540.0,45.83456626020451,72.9189545007142,175.16958976452312,129.93284446409413,89.99930706880362,10.000975777403799
13560.0,46.69924171235145,73.26213948849099,175.27129694032593,130.76299995812286,89.99926774777312,10.00121601155469
13580.0,47.56405113502614,73.59023729207308,175.35884184885185,131.5878942206466,89.9993400574959,10.001019273500402
13600.0,48.42868851556505,73.93648109842754,175.46349106389872,132.4191749874122,89.99928225110484,10.001341424918946
13620.0,49.29347775634616,74.26679032074259,175.5531206252348,133.24489659928486,89.99933425955592,10.001200790525509
13640.0,50.15815581318964,74.60890783114806,175.65387625325621,134.07468445029428,89.99931179398163,10.00140821602754
13660.0,51.022914571039486,74.94259666109159,175.74670332579126,134.90156125373136,89.99933851782409,10.001365620313624
13680.0,51.88760507026136,75.28310420994042,175.84594758992603,135.73076821785494,89.99932791964696,10.001527298008527
13700.0,52.752365084651736,75.61630768208124,175.93828428342684,136.55743473735518,89.99935861272706,10.001464113517905
13720.0,53.61704036830093,75.9589191955144,176.03957773513375,137.38743299826714,89.99933360840161,10.001697193086791
13740.0,54.48182234983561,76.28927134215601,176.12915431905017,138.21309603390952,89.99938457882925,10.001533716910075
13760.0,55.346489123109166,76.63336829828445,176.23197589722605,139.04354247581185,89.9993461922929,10.001826118314984
13780.0,56.21124567074223,76.96603733875966,176.32367550001362,139.87000886052442,89.99938742608167,10.001727302355913
13800.0,57.07597511871752,77.30274836914171,176.41929183640676,140.69780980294195,89.99939771579997,10.001774577254663
13820.0,57.940658787978215,77.64469930209147,176.52017054084587,141.52752640225796,89.99937483404773,10.001996942635003
13840.0,58.80541452992869,77.97771067674871,176.61213486750486,142.35409407300398,89.99941311954436,10.001905714464893
13860.0,59.67015156423516,78.31327061635713,176.70654156587452,143.1814971414489,89.99943217696055,10.001911946778016
13880.0,60.53484343809018,78.65428985002984,176.80656956396263,144.0108551394956,89.99941621967558,10.002105530475497
13900.0,61.39955939361453,78.99240806126053,176.90356195005248,144.839223675909,89.99942174473996,10.002195825603264
13920.0,62.26430265643293,79.32672877695416,176.99679416022323,145.6662058784502,89.99945021599318,10.002143884793933
13940.0,63.12903872302586,79.66175877913668,177.09076278958307,146.4934465426012,89.9994743338926,10.002118364873297
13960.0,63.99376127219903,79.99920247864425,177.18705716390454,147.32146267194264,89.99948214295138,10.002187155853294
13980.0,64.85847534576764,80.3376766904588,177.28448549504668,148.1499145080103,89.99948419823197,10.002290734290305
14000.0,65.72318988376385,80.675893387219,177.38169981552898,148.9782618594053,89.99948753094938,10.002383578991378
14020.0,66.58790859997465,81.0135373891265,177.4783009190739,149.80639278274404,89.99949537477127,10.002459466521906
14040.0,67.45263114178506,81.3507300070376,177.57446502819644,150.63434421331024,89.99950625627731,10.002512280765242
14060.0,68.31735462704697,81.68767021456951,177.67033991622242,151.46221783581458,89.99951899472102,10.002555181880581
14080.0,69.18207955864325,82.02439249482782,177.76597249735528,152.29001179343803,89.99953324927223,10.002589352165629
14100.0,70.04680654890062,82.36080764059287,177.86126727649335,153.11769094775966,89.99954996159046,10.002607899766641
14120.0,70.91153552819954,82.69684586016561,177.95614177749286,153.94521002873057,89.99956986678784,10.002607199236687
14140.0,71.77626358777422,83.03277171655287,178.05090132732695,154.7726875327862,89.9995903541416,10.002602898030732
14160.0,72.64098856786404,83.36943745312465,178.14656636905252,155.60049354872308,89.99960355920616,10.002635530958518
14180.0,73.50571487167078,83.70777187829037,178.24387233772617,156.42880031692965,89.99960955584876,10.002721527423619
14200.0,74.37048384502363,84.0458817173887,178.34096289757213,157.25707625141914,89.99961229985156,10.002818828372357
14220.0,75.2350889611626,84.38148261081012,178.43535483174838,158.08440800476106,89.99964615216358,10.002791207616353
14240.0,76.09989250450398,84.718102321713,178.53086602058724,158.9121263432741,89.99965601574432,10.002809265528278
14260.0,76.96462093099599,85.05593256737791,178.62774602590338,159.74028785058445,89.99966097267311,10.003239155495885
14280.0,77.82933871045475,85.39211259533384,178.72277270070018,160.5678575582707,89.99968466293463,10.01264603372868
14300.0,78.69403808348777,85.72936133743616,178.81896732736945,161.395784990097,89.99969976697436,10.031687305908921
14320.0,79.55875744477424,86.06608605584461,178.91458899190056,162.22352258501968,89.99971641644724,10.13765396844394
14340.0,80.42349048685375,86.40299205178121,179.0104041976347,163.05132944986912,89.99972421951652,10.856909216336318
14360.0,81.28822103888915,86.73989656918793,179.10622806583447,163.87914427799862,89.99973003431948,11.886448009853314
14380.0,82.1529378912194,87.07675563075706,179.2020100245821,164.70694225593803,89.9997404575111,12.646030177107864
14400.0,83.01765909906159,87.41360379939886,179.2977784947647,165.53472950359966,89.99975290849693,13.279447880775464
14420.0,83.88238426274056,87.7504475181427,179.39354131675114,166.3625104806461,89.99976606502865,13.90231873011819
14440.0,84.74710732077797,88.08728106990318,179.489294146503,167.19028494271603,89.99978064423878,14.46444323798415
14460.0,85.61183016850423,88.42410569899354,179.58503813674338,168.01805324091936,89.99979641825801,14.958955119867495
14480.0,86.47655344637688,88.76092296453054,179.68077465697135,168.8458160384321,89.99981305192803,15.40498521024739
14500.0,87.34127660710047,89.09773268864313,179.77650361564062,169.67357368503107,89.99983044716241,15.803560505460485
14520.0,88.20599973276595,89.43453519039254,179.8722253564156,170.50132658668204,89.99984844622554,16.15439530662174
14540.0,89.07072287447393,89.77133103642868,179.96794041702486,171.32907517491373,89.9998669039164,16.461053727339475
14560.0,89.78376898438599,90.04878952520426,180.04574564331165,172.01087232031475,89.99954327448214,16.68475641868553
14580.0,89.76807299634719,90.04688659791586,180.04363389925513,172.0025826842038,90.0006729948988,17.91212628322847
14600.0,89.77834521005826,90.04549661689526,180.04511235886022,172.0040099629568,89.99956785321362,17.597588215235707
14620.0,89.77459840258004,90.04584414790617,180.04486341797642,172.0037035414553,89.9999896344833,17.53700326295739
14640.0,89.77541572203396,90.04585268103085,180.04487215417953,172.0037452094564,89.9998980572849,17.532344722912512
14660.0,89.77556084897329,90.04586042223433,180.04487294817102,172.00374857277325,89.99988484043334,17.528710662522816
14680.0,89.77556092593588,90.04586268492847,180.04487508040145,172.003750998042,89.99988607511773,17.525535493087663
14700.0,89.77556092629625,90.04586461011681,180.0448771175919,172.0037527071962,89.99988728753277,17.522708169190583
14720.0,89.77556092632452,90.04586649651681,180.04487900896473,172.00375444523712,89.9998884568292,17.520190197078215
14740.0,89.775560923856,90.04586838504218,180.04488064520004,172.00375655965533,89.99988957622945,17.517947617783324
14760.0,89.77556092217155,90.04587014210371,180.04488226423086,172.00375846311317,89.99989065517032,17.51595019847082
14780.0,89.77556092255153,90.04587174188822,180.04488398772895,172.00375980788604,89.99989170223853,17.514170984996866
14800.0,89.77556092282869,90.04587331413944,180.04488555357133,172.0037612926523,89.99989270782766,17.512586203056923
14820.0,89.77579015749276,90.04488462813856,180.04475960544423,172.00404624856782,89.99952143128972,17.96352084764686
14840.0,89.77649369645748,90.04460352624952,180.04515461761756,172.00429736860102,89.99966900352759,18.512011401422594
14860.0,89.77533578768238,90.04604572306349,180.0443745574633,172.00343879196603,89.999336722484,19.108184735680666
14880.0,89.77593054423606,90.04603675402483,180.0455340585619,172.0041233224089,89.99989042665862,19.71484292209564
14900.0,89.77528091574531,90.04546894911829,180.0450925563423,172.004115595398,89.99967657704568,20.337693339104096
14920.0,89.77600878323321,90.04708390934888,180.0445631833438,172.0040923718315,90.00075500037005,20.949781890609277
14940.0,89.77307006233255,90.0405300249586,180.041829824111,172.00470370966966,89.99996439108136,21.542184914485553
14960.0,89.77873672813384,90.04677609460983,180.04708312175663,172.00438079483075,90.00258058026607,22.139372764484925
14980.0,89.77306012542964,90.04900655598202,180.04613964278514,172.00354058048927,89.99920744918289,22.762431023500877
15000.0,89.77502153257187,90.04765626851376,180.04091255463342,172.0019851240693,89.99828513253937,23.372460625237593
15020.0,89.77430660164984,90.04453473808405,180.04696351150497,172.00624145326046,90.00135565649916,23.996333060837696
15040.0,89.77679223675591,90.04868574535975,180.0388536704499,171.99981828945556,90.00011408878143,24.632723229237957
15060.0,89.77596003952868,90.04407495373535,180.04744274551817,172.00611949710085,90.00333034613215,25.192444941794545
15080.0,89.77446813194982,90.04547422944171,180.0387424943936,171.99985315439963,90.00328838658406,25.779719641580073
15100.0,89.77627446974407,90.04709152188825,180.04199915849932,172.00194984547701,89.99957986140241,26.42384007010271
15120.0,89.77526036527706,90.04623714109472,180.0452578057481,172.00393657780612,89.99941011447561,27.045958698317293
15140.0,89.77486093490337,90.047822288618,180.04444421563485,172.001924029252,90.0001813975902,27.623779554114392
15160.0,89.77221107078493,90.04237201131498,180.04466785175566,172.00453396664747,89.99847220212379,28.269551340682266
15180.0,89.77252707083446,90.04369733746822,180.0434625625993,172.00202330905904,89.99687531076219,28.937333810089843
15200.0,89.7691385831489,90.04970204093733,180.0473411802914,172.00598215412117,89.99507267110138,29.513938090847024
15220.0,89.77306799482851,90.04639558941093,180.0413134005922,172.0019366973218,89.99562227764723,30.040159526385185
15240.0,89.78694245738834,90.04608118531966,180.04755623412586,172.00547724026293,89.99995927481565,30.633006170070264
15260.0,89.78044638262473,90.04726732876831,180.0436423715838,172.0047104084512,89.99669055981981,31.27653911522037
15280.0,89.76397776940497,90.04660033154823,180.04450936458412,172.00197630063693,89.99884811622866,31.851782167271296
15300.0,89.78008178988273,90.04412810380045,180.0430521184517,172.00437274192345,90.00111872004668,32.52006503663953
15320.0,89.76330245770579,90.0505497811281,180.0435324159476,172.00158610145175,90.0042137070853,33.086133391148984
15340.0,89.7764511810676,90.04700451954747,180.04414316809965,172.0036980815974,90.00151258085012,33.6890814357274
15360.0,89.76766786564417,90.04756754323701,180.0441020288209,172.00386121910273,89.99955642617338,34.307728159880426
15380.0,89.77179337583836,90.05507952691865,180.04356626216455,171.9985965044103,90.00924776896927,34.90055284067805
15400.0,89.7706975108659,90.04446819880017,180.0449380284348,172.00509997914597,89.99455349468896,35.521210812723396
15420.0,89.7841711343502,90.04545853869115,180.0464882606728,172.0064421870464,89.99984814353843,36.08527571433086
15440.0,89.76882356997149,90.04191713303592,180.04673196755772,172.00616242799077,90.00269739702132,36.73470225721611
15460.0,89.78644360521355,90.04186376104055,180.04745301412754,172.00836422686618,90.0023755829076,37.34737724234643
15480.0,89.78458443632839,90.04627629681752,180.05059232878955,172.00832248178997,90.00261997658292,37.8976534875465
15500.0,89.76237195663418,90.04534765444467,180.04855676802669,172.00819558715347,90.00112434023448,38.53877811014678
15520.0,89.77132347468404,90.0439637548253,180.04509993366057,172.00381558216216,90.0014740646926,39.182884018446586
15540.0,89.78345278388042,90.0504695808207,180.0415740335932,171.9979049094223,89.99573092436589,39.819651685833115
15560.0,89.76925481503295,90.0449394032829,180.0437008995584,172.0010173747974,90.00398106557104,40.34441770370327
15580.0,89.7796443646246,90.04857346226134,180.04534035652446,172.00184962280358,90.00054596265252,40.95216370677156
15600.0,89.79186382086154,90.04381786644065,180.0455801528606,172.00656859052359,90.00010814965171,41.65945605413573
15620.0,89.78331357292541,90.04309011001861,180.04385070918246,172.00356687231962,89.99838857899326,42.26521200834675
15640.0,89.77074160155026,90.05094984230378,180.04777692674926,172.0043469804784,90.00188190088875,42.84086078654202
15660.0,89.77170795664208,90.04087653601017,180.04449473389224,172.00564656011602,89.99685451815488,43.3994860594167
15680.0,89.77718972585969,90.04502189261261,180.04616298887788,172.00598948196085,90.00463094138836,43.99004459335343
15700.0,89.77948689025123,90.04283946120597,180.05278574018428,172.0118183840296,90.00109032101803,44.58107637864818
15720.0,89.77012708645819,90.0401399486288,180.04630739672197,172.00829436131437,90.00109348233997,45.203141717952796
15740.0,89.76761409268633,90.04639019343155,180.0462559272878,172.00447643118025,89.99866749995537,45.80607215656528
15760.0,89.77750330807022,90.04890224244288,180.0432931594746,172.00145374651066,89.99899146700005,46.39944909929953
15780.0,89.76225823582679,90.04444067010773,180.04702797870706,172.00532993126066,90.0021176498583,47.07892565079171
15800.0,89.7624167425804,90.04420822372545,180.04376257710322,172.0046406573514,89.99920531897966,47.611688247664105
15820.0,89.77837840381355,90.04274289848534,180.04451530292408,172.0063064027515,90.00080358452583,48.339039614885266
15840.0,89.76441896356566,90.0473906079718,180.04508961306453,172.0068638779375,89.99870847640422,48.81608063528423
15860.0,89.77184951952235,90.04104719855346,180.04457461411246,172.00564349175892,90.00141623749315,49.520405282713405
15880.0,89.76416334304565,90.04795514558447,180.04556907482672,172.0033218037313,90.00189852571704,50.05646007389918
15900.0,89.76618882522236,90.04485068105868,180.04425161497056,172.00349177049844,89.99865666961577,50.80965132589699
15920.0,89.78646059491908,90.05315057358912,180.0418615291358,171.99916103075404,89.99927400847533,51.276926938530444
15940.0,89.75876223758587,90.04503237715022,180.04635417301486,172.0071929819824,89.99981071337537,51.94746330278759
15960.0,89.77070146654276,90.05105748470854,180.04105742183245,172.0023889533368,90.00010454150483,52.55176088134042
15980.0,89.7936602922538,90.05207373278755,180.0403940058306,171.99899755970327,89.99877406758453,53.19493741347744
16000.0,89.79414457031854,90.03918469422669,180.048604247735,172.00774016091665,89.99835138087313,53.6961112764719
16020.0,89.78858387944851,90.04201199519822,180.04392201722874,172.00622649455025,89.99924561357558,54.37487272521404
16040.0,89.75736369348378,90.0426020704209,180.04639213694583,172.0066513370966,90.00080777276972,54.932298298136594
16060.0,89.77126266562902,90.04019987730895,180.04671403272127,172.0082288281311,90.00091408104458,55.59231884924964
16080.0,89.76077727789911,90.04359559512993,180.04670622165577,172.0058824314474,90.0005860796607,56.22184110161648
16100.0,89.76509669163181,90.0487552251391,180.04390716884973,172.00229532273366,90.00481461624011,56.72885286846786
16120.0,89.77533201316636,90.04681327055567,180.0450143891406,172.00364637193496,89.99659681566011,57.36199924919234
16140.0,89.78124829995467,90.04605423677982,180.04532922979843,172.0041329951402,89.9997156883676,57.941907375292445
16160.0,89.78145646738696,90.04622431443347,180.04502245110962,172.0041177938752,89.99669045468791,58.61129012785465
16180.0,89.77713932231758,90.0458150079684,180.0454619586212,172.0041908447449,89.99252747239068,59.168461846643474
16200.0,89.7835837901939,90.0473323379185,180.04457882958837,172.0034191769399,89.9967274878883,59.69823943690645
16220.0,89.76195671318267,90.04592627721442,180.04565504386886,172.0045115117634,89.99859801792584,60.35369988966598
16240.0,89.76805591166047,90.04647152623859,180.04515560518558,172.00473037770988,89.99833040816557,60.953598529155244
16260.0,89.7918770245354,90.05062755250013,180.04432464924247,172.00186123423507,89.99699293172809,61.49422152559609
16280.0,89.78435553343421,90.04681775669854,180.0453554790588,172.00360771413153,90.00117504609261,62.17287974391352
16300.0,89.78217221957459,90.04697391386792,180.04501185570328,172.00385141291156,90.00110296051216,62.80344024506561
16320.0,89.78016357305707,90.04634971684665,180.04522829927257,172.00413025808916,90.00119474025539,63.402503929017094
16340.0,89.78007711798502,90.04697746926108,180.04525652581475,172.00367988878912,90.00032540332964,63.96837388442807
16360.0,89.77302516842467,90.04632196034449,180.04516221273272,172.00459779970944,89.99888540942574,64.64178651389821
16380.0,89.76572782459058,90.04442107824921,180.0459329463423,172.00500172921005,89.99980064624435,65.31165238233608
16400.0,89.78005281056411,90.0458258825143,180.04550454251518,172.00424755615893,89.99970633377141,65.8458163772774
16420.0,89.78618455645707,90.04883219839519,180.0448634540989,172.003064046595,89.99791325496766,66.34301610057246
16440.0,89.7784974179158,90.04597535005081,180.04516831500257,172.00466404846392,90.00088529715109,67.11838840500276
16460.0,89.7519949070529,90.04478013619044,180.04604977934076,172.00516747819097,90.00143199383119,67.7207256384162
16480.0,89.76706209257624,90.04429328783017,180.04618166270367,172.00568357463962,89.99853064274555,68.28219346102071
16500.0,89.76450393013717,90.04619610581054,180.04544684302476,172.00424898426442,90.00189035594089,68.84924529674372
16520.0,89.77197963073073,90.04604129875555,180.04541314597546,172.00437196855015,90.00100861137928,69.5124035073397
16540.0,89.76177864803455,90.04613236111182,180.04550255876597,172.0040435738122,89.99982207888182,70.12172161191471
16560.0,89.7808134161924,90.04618852842133,180.0453327875757,172.0041333150602,89.99969484423205,70.64049020610403
16580.0,89.76027614461356,90.0466929996747,180.04524956846143,172.00416862271362,90.00140372448378,71.33883943007467
16600.0,89.79809306019934,90.04509400054842,180.04557006950125,172.00496361045734,89.99714267905186,71.89094597723211
16620.0,89.78141995889575,90.0461989555818,180.04554845364984,172.00437454565443,89.99954901491353,72.61880440910613
