timestamp(s),s1,s2,s3,s4,s5,s6,x,y,z,distance_zero
0,90,90,90,90,90,73,0,0,471,471
21,90,90,90,90,90,72,0,0,471,471
42,90,90,91,91,90,72,-7.92,0,471,471.0665838
62,90,90,91,91,90,71,-7.92,0,471,471.0665838
83,90,90,92,92,90,71,-15.84,0,471,471.2662789
104,90,90,93,92,90,70,-20.5,0,470,470.446862
125,90,90,94,93,90,70,-28.39,0,469,469.8584809
145,90,90,94,94,90,69,-31.6,0,469,470.0633574
166,90,90,95,94,90,69,-36.24,0,468,469.4010413
186,90,90,95,95,90,68,-39.44,0,468,469.6589333
201,90,90,96,95,90,68,-44.06,0,467,469.0738573
214,90,90,96,96,90,68,-47.24,0,467,469.3832311
234,90,90,96.4,96.3,90,67.7,-50.03,0,466,468.6779288
254,90,90,96.8,96.6,90,67.4,-52.81,0,465,467.9892051
274,90,90,97.2,96.9,90,67.1,-55.59,0,465,468.3110591
300,90,90,100,99,90,65,-74.79,0,460,466.0402816
320,90,90,100.4,99.4,90,64.7,-77.81,0,459,465.5484895
340,90,90,100.8,99.8,90,64.4,-80.81,0,458,465.074463
360,90,90,101.2,100.2,90,64.1,-83.79,0,457,464.6178689
380,90,90,101.6,100.6,90,63.8,-86.77,0,456,464.1821118
400,90,90,104,103,90,62,-104.28,0,448,459.9764324
420,90,90,104.5,103.4,90,61.7,-107.56,0,447,459.7587994
440,90,90,105,103.8,90,61.4,-110.83,0,445,458.5938169
460,90,90,105.5,104.2,90,61.1,-114.07,0,444,458.418984
480,90,90,106,104.6,90,60.8,-117.28,0,442,457.2948703
500,90,90,109,107,90,59,-136.03,0,431,451.9570344
520,90,90,109.4,107.4,90,58.7,-138.66,0,429,450.8520773
540,90,90,109.8,107.8,90,58.4,-141.27,0,428,450.7118957
560,90,90,110.2,108.2,90,58.1,-143.85,0,426,449.6318744
580,90,90,110.6,108.6,90,57.8,-146.41,0,424,448.5664812
600,90,90,113,111,90,56,-161.25,0,412,442.4314212
620,90,90,113.5,111.4,90,55.7,-163.99,0,410,441.5798004
640,90,90,114,111.8,90,55.4,-166.7,0,408,440.741296
660,90,90,114.5,112.2,90,55.1,-169.38,0,405,438.9926929
680,90,90,115,112.6,90,54.8,-172.01,0,403,438.1739838
700,90,90,118,115,90,53,-187.05,0,387,429.8333427
720,90,90,118.4,115.4,90,52.7,-189.11,0,385,428.9377485
740,90,90,118.8,115.8,90,52.4,-191.13,0,383,428.0416766
760,90,90,119.2,116.2,90,52.1,-193.12,0,380,426.257357
780,90,90,119.6,116.6,90,51.8,-195.08,0,378,425.3706694
800,90,90,122,119,90,50,-206.15,0,363,417.4527788
820,90,90,122.5,119.5,90,49.6,-208.3,0,360,415.9193311
840,90,90,123,120,90,49.2,-210.4,0,356,413.5264925
860,90,90,123.5,120.5,90,48.8,-212.45,0,353,412.000003
880,90,90,124,121,90,48.4,-214.44,0,350,410.4686512
900,90,90,127,124,90,46,-225.24,0,329,398.7155096
920,90,90,127.4,124.4,90,45.7,-226.52,0,326,396.9726822
940,90,90,127.8,124.8,90,45.4,-227.77,0,324,396.0494576
960,90,90,128.2,125.2,90,45.1,-228.98,0,321,394.3004443
980,90,90,128.6,125.6,90,44.8,-230.16,0,318,392.5527042
1000,90,90,131,128,90,43,-236.41,0,300,381.9550865
1020,90,90,131.5,128.4,90,42.7,-237.49,0,297,380.2768729
1040,90,90,132,128.8,90,42.4,-238.51,0,294,378.580269
1060,90,90,132.5,129.2,90,42.1,-239.49,0,290,376.1056502
1080,90,90,133,129.6,90,41.8,-240.41,0,287,374.3874572
1100,90,90,136,132,90,40,-244.92,0,267,362.3186531
1120,90,90,136.4,132.4,90,39.7,-245.39,0,264,360.4334226
1140,90,90,136.8,132.8,90,39.4,-245.82,0,261,358.5365705
1160,90,90,137.2,133.2,90,39.1,-246.21,0,258,356.6277669
1180,90,90,137.6,133.6,90,38.8,-246.57,0,255,354.7136379
1200,90,90,140,136,90,37,-247.86,0,236,342.2434508
1220,90,90,140.5,136.4,90,36.7,-247.99,0,233,340.2764172
1240,90,90,141,136.8,90,36.4,-248.07,0,229,337.6088342
1260,90,90,141.5,137.2,90,36.1,-248.1,0,226,335.6033522
1280,90,90,142,137.6,90,35.8,-248.08,0,223,333.5756082
1300,90,90,145,140,90,34,-246.91,0,202,319.0118307
1320,90,90,145.4,140.4,90,33.7,-246.55,0,199,316.8405001
1340,90,90,145.8,140.8,90,33.4,-246.15,0,196,314.6519069
1360,90,90,146.2,141.2,90,33.1,-245.71,0,193,312.4458419
1380,90,90,146.6,141.6,90,32.8,-245.24,0,190,310.2300076
1400,90,90,149,144,90,31,-241.6,0,173,297.1524188
1420,90,90,149.5,144.4,90,30.6,-240.8,0,169,294.1864035
1440,90,90,150,144.8,90,30.2,-239.96,0,166,291.7821132
1460,90,90,150.5,145.2,90,29.8,-239.07,0,163,289.3500733
1480,90,90,151,145.6,90,29.4,-238.14,0,160,286.8983437
1500,90,90,154,148,90,27,-231.56,0,141,271.1107405
1520,90,90,154.4,148.4,90,26.7,-230.42,0,138,268.5840211
1540,90,90,154.8,148.8,90,26.4,-229.24,0,135,266.0375492
1560,90,90,155.2,149.2,90,26.1,-228.03,0,132,263.479944
1580,90,90,155.6,149.6,90,25.8,-226.79,0,130,261.4071615
1600,90,90,158,152,90,24,-218.65,0,114,246.5843111
1620,90,90,158.5,152.4,90,23.7,-217.03,0,111,243.7683755
1640,90,90,159,152.8,90,23.4,-215.36,0,109,241.3730093
1660,90,90,159.5,153.2,90,23.1,-213.65,0,106,238.500152
1680,90,90,160,153.6,90,22.8,-211.9,0,103,235.6068972
1700,90,90,163,156,90,21,-200.61,0,87,218.6626902
1720,90,90,163.4,156.4,90,20.7,-198.8,0,84,215.8180715
1740,90,90,163.8,156.8,90,20.4,-196.97,0,82,213.3569331
1760,90,90,164.2,157.2,90,20.1,-195.11,0,80,210.8741618
1780,90,90,164.6,157.6,90,19.8,-193.23,0,78,208.3790606
1800,90,90,167,160,90,18,-181.39,0,66,193.0241749
1820,90,90,167.5,160.5,90,17.7,-178.81,0,63,189.583797
1840,90,90,168,161,90,17.4,-176.2,0,61,186.4602907
1860,90,90,168.5,161.5,90,17.1,-173.55,0,58,182.9852521
1880,90,90,169,162,90,16.8,-170.87,0,56,179.8125605
1900,90,90,172,165,90,15,-154.09,0,43,159.9772737
1920,90,90,172.4,165.4,90,14.7,-151.77,0,42,157.4742293
1940,90,90,172.8,165.8,90,14.4,-149.44,0,40,154.7007227
1960,90,90,173.2,166.2,90,14.1,-147.09,0,39,152.1724946
1980,90,90,173.6,166.6,90,13.8,-144.72,0,37,149.3749591
2000,90,90,176,169,90,12,-130.18,0,29,133.3710328
2020,90,90,176.4,169.3,90,11.8,-128.02,0,28,131.0462529
2040,90,90,176.8,169.6,90,11.6,-125.85,0,27,128.713723
2060,90,90,177.2,169.9,90,11.4,-123.67,0,26,126.3735293
2080,90,90,177.6,170.2,90,11.2,-121.48,0,25,124.0257651
2100,90,90,180,172,90,10,-108.14,0,19,109.7964462
2120,90,90,180,172,90,10.3,-108.14,0,19,109.7964462
2140,90,90,180,172,90,10.6,-108.14,0,19,109.7964462
2160,90,90,180,172,90,10.9,-108.14,0,19,109.7964462
2180,90,90,180,172,90,11.2,-108.14,0,19,109.7964462
2200,90,90,180,172,90,13,-108.14,0,19,109.7964462
2220,90,90,180,172,90,13.3,-108.14,0,19,109.7964462
2240,90,90,180,172,90,13.6,-108.14,0,19,109.7964462
2260,90,90,180,172,90,13.9,-108.14,0,19,109.7964462
2280,90,90,180,172,90,14.2,-108.14,0,19,109.7964462
2300,90,90,180,172,90,16,-108.14,0,19,109.7964462
2320,90,90,180,172,90,16.3,-108.14,0,19,109.7964462
2340,90,90,180,172,90,16.6,-108.14,0,19,109.7964462
2360,90,90,180,172,90,16.9,-108.14,0,19,109.7964462
2380,90,90,180,172,90,17.2,-108.14,0,19,109.7964462
2400,90,90,180,172,90,19,-108.14,0,19,109.7964462
2420,90,90,180,172,90,19.3,-108.14,0,19,109.7964462
2440,90,90,180,172,90,19.6,-108.14,0,19,109.7964462
2460,90,90,180,172,90,19.9,-108.14,0,19,109.7964462
2480,90,90,180,172,90,20.2,-108.14,0,19,109.7964462
2500,90,90,180,172,90,22,-108.14,0,19,109.7964462
2520,90,90,180,172,90,22.3,-108.14,0,19,109.7964462
2540,90,90,180,172,90,22.6,-108.14,0,19,109.7964462
2560,90,90,180,172,90,22.9,-108.14,0,19,109.7964462
2580,90,90,180,172,90,23.2,-108.14,0,19,109.7964462
2600,90,90,180,172,90,25,-108.14,0,19,109.7964462
2620,90,90,180,172,90,25.3,-108.14,0,19,109.7964462
2640,90,90,180,172,90,25.6,-108.14,0,19,109.7964462
2660,90,90,180,172,90,25.9,-108.14,0,19,109.7964462
2680,90,90,180,172,90,26.2,-108.14,0,19,109.7964462
2700,90,90,180,172,90,28,-108.14,0,19,109.7964462
2720,90,90,180,172,90,28.4,-108.14,0,19,109.7964462
2740,90,90,180,172,90,28.8,-108.14,0,19,109.7964462
2760,90,90,180,172,90,29.2,-108.14,0,19,109.7964462
2780,90,90,180,172,90,29.6,-108.14,0,19,109.7964462
2800,90,90,180,172,90,32,-108.14,0,19,109.7964462
2820,90,90,180,172,90,32.3,-108.14,0,19,109.7964462
2840,90,90,180,172,90,32.6,-108.14,0,19,109.7964462
2860,90,90,180,172,90,32.9,-108.14,0,19,109.7964462
2880,90,90,180,172,90,33.2,-108.14,0,19,109.7964462
2900,90,90,180,172,90,35,-108.14,0,19,109.7964462
2920,90,90,180,172,90,35.3,-108.14,0,19,109.7964462
2940,90,90,180,172,90,35.6,-108.14,0,19,109.7964462
2960,90,90,180,172,90,35.9,-108.14,0,19,109.7964462
2980,90,90,180,172,90,36.2,-108.14,0,19,109.7964462
3000,90,90,180,172,90,38,-108.14,0,19,109.7964462
3020,90,90,180,172,90,38.3,-108.14,0,19,109.7964462
3040,90,90,180,172,90,38.6,-108.14,0,19,109.7964462
3060,90,90,180,172,90,38.9,-108.14,0,19,109.7964462
3080,90,90,180,172,90,39.2,-108.14,0,19,109.7964462
3100,90,90,180,172,90,41,-108.14,0,19,109.7964462
3120,90,90,180,172,90,41.3,-108.14,0,19,109.7964462
3140,90,90,180,172,90,41.6,-108.14,0,19,109.7964462
3160,90,90,180,172,90,41.9,-108.14,0,19,109.7964462
3180,90,90,180,172,90,42.2,-108.14,0,19,109.7964462
3200,90,90,180,172,90,44,-108.14,0,19,109.7964462
3220,90,90,180,172,90,44.3,-108.14,0,19,109.7964462
3240,90,90,180,172,90,44.6,-108.14,0,19,109.7964462
3260,90,90,180,172,90,44.9,-108.14,0,19,109.7964462
3280,90,90,180,172,90,45.2,-108.14,0,19,109.7964462
3300,90,90,180,172,90,47,-108.14,0,19,109.7964462
3320,90,90,180,172,90,47.3,-108.14,0,19,109.7964462
3340,90,90,180,172,90,47.6,-108.14,0,19,109.7964462
3360,90,90,180,172,90,47.9,-108.14,0,19,109.7964462
3380,90,90,180,172,90,48.2,-108.14,0,19,109.7964462
3400,90,90,180,172,90,50,-108.14,0,19,109.7964462
3420,90,90,180,172,90,50.4,-108.14,0,19,109.7964462
3440,90,90,180,172,90,50.8,-108.14,0,19,109.7964462
3460,90,90,180,172,90,51.2,-108.14,0,19,109.7964462
3480,90,90,180,172,90,51.6,-108.14,0,19,109.7964462
3500,90,90,180,172,90,54,-108.14,0,19,109.7964462
3520,90,90,180,172,90,54.3,-108.14,0,19,109.7964462
3540,90,90,180,172,90,54.6,-108.14,0,19,109.7964462
3560,90,90,180,172,90,54.9,-108.14,0,19,109.7964462
3580,90,90,180,172,90,55.2,-108.14,0,19,109.7964462
3600,90,90,180,172,90,57,-108.14,0,19,109.7964462
3620,90,90,180,172,90,57.3,-108.14,0,19,109.7964462
3640,90,90,180,172,90,57.6,-108.14,0,19,109.7964462
3660,90,90,180,172,90,57.9,-108.14,0,19,109.7964462
3680,90,90,180,172,90,58.2,-108.14,0,19,109.7964462
3700,90,90,180,172,90,60,-108.14,0,19,109.7964462
3720,90,90,180,172,90,60.3,-108.14,0,19,109.7964462
3740,90,90,180,172,90,60.6,-108.14,0,19,109.7964462
3760,90,90,180,172,90,60.9,-108.14,0,19,109.7964462
3780,90,90,180,172,90,61.2,-108.14,0,19,109.7964462
3800,90,90,180,172,90,63,-108.14,0,19,109.7964462
3820,90,90,180,172,90,63.3,-108.14,0,19,109.7964462
3840,90,90,180,172,90,63.6,-108.14,0,19,109.7964462
3860,90,90,180,172,90,63.9,-108.14,0,19,109.7964462
3880,90,90,180,172,90,64.2,-108.14,0,19,109.7964462
3900,90,90,180,172,90,66,-108.14,0,19,109.7964462
3920,90,90,180,172,90,66.3,-108.14,0,19,109.7964462
3940,90,90,180,172,90,66.6,-108.14,0,19,109.7964462
3960,90,90,180,172,90,66.9,-108.14,0,19,109.7964462
3980,90,90,180,172,90,67.2,-108.14,0,19,109.7964462
4000,90,90,180,172,90,69,-108.14,0,19,109.7964462
4020,90,90,180,172,90,69.3,-108.14,0,19,109.7964462
4040,90,90,180,172,90,69.6,-108.14,0,19,109.7964462
4060,90,90,180,172,90,69.9,-108.14,0,19,109.7964462
4080,90,90,180,172,90,70.2,-108.14,0,19,109.7964462
4100,90,90,180,172,90,72,-108.14,0,19,109.7964462
4120,90,89.8,179.9,171.6,90,72.1,-110.1,0,20,111.9017873
4140,90,89.6,179.8,171.2,90,72.2,-112.05,0,20,113.8209229
4160,90,89.4,179.7,170.8,90,72.3,-114,0,21,115.9180745
4180,90,89.2,179.6,170.4,90,72.4,-115.93,0,22,117.9990038
4200,90,88,179,168,90,73,-127.39,0,28,130.430871
4220,90,87.9,179,167.6,90,73,-128.81,0,28,131.8181175
4240,90,87.8,179,167.2,90,73,-130.22,0,29,133.4100761
4260,90,87.7,179,166.8,90,73,-131.62,0,29,134.7769431
4280,90,87.6,179,166.4,90,73,-133.02,0,30,136.360993
4300,90,87,179,164,90,73,-141.33,0,34,145.362199
4320,90,86.8,178.9,163.6,90,73,-143.14,0,35,147.3569123
4340,90,86.6,178.8,163.2,90,73,-144.94,0,36,149.3439105
4360,90,86.4,178.7,162.8,90,73,-146.73,0,38,151.5707521
4380,90,86.2,178.6,162.4,90,73,-148.5,0,39,153.5358264
4400,90,85,178,160,90,73,-158.87,0,47,165.6764223
4420,90,84.8,178,159.6,90,73,-160.27,0,48,167.3035352
4440,90,84.6,178,159.2,90,73,-161.67,0,49,168.9324981
4460,90,84.4,178,158.8,90,73,-163.06,0,51,170.849535
4480,90,84.2,178,158.4,90,73,-164.43,0,52,172.4564435
4500,90,83,178,156,90,73,-172.46,0,59,182.2730139
4520,90,82.8,177.9,155.5,90,73,-174.27,0,61,184.6375717
4540,90,82.6,177.8,155,90,73,-176.06,0,63,186.9923089
4560,90,82.4,177.7,154.5,90,73,-177.83,0,65,189.3370246
4580,90,82.2,177.6,154,90,73,-179.57,0,67,191.6621635
4600,90,81,177,151,90,73,-189.54,0,79,205.3446167
4620,90,80.9,177,150.6,90,73,-190.58,0,80,206.6899523
4640,90,80.8,177,150.2,90,73,-191.62,0,81,208.0365939
4660,90,80.7,177,149.8,90,73,-192.65,0,82,209.3753149
4680,90,80.6,177,149.4,90,73,-193.67,0,84,211.1020343
4700,90,80,177,147,90,73,-199.57,0,91,219.3380608
4720,90,79.8,176.9,146.6,90,73,-200.76,0,93,221.2545539
4740,90,79.6,176.8,146.2,90,73,-201.92,0,95,223.1517116
4760,90,79.4,176.7,145.8,90,73,-203.06,0,97,225.0385825
4780,90,79.2,176.6,145.4,90,73,-204.18,0,99,226.9151216
4800,90,78,176,143,90,73,-210.41,0,112,238.3618428
4820,90,77.8,176,142.5,90,73,-211.4,0,114,240.1790166
4840,90,77.6,176,142,90,73,-212.37,0,116,241.9855717
4860,90,77.4,176,141.5,90,73,-213.32,0,118,243.7815055
4880,90,77.2,176,141,90,73,-214.25,0,120,245.5668188
4900,90,76,176,138,90,73,-219.29,0,133,256.4704741
4920,90,75.8,175.9,137.6,90,73,-220.01,0,135,258.1267133
4940,90,75.6,175.8,137.2,90,73,-220.69,0,138,260.284606
4960,90,75.4,175.7,136.8,90,73,-221.35,0,140,261.9080421
4980,90,75.2,175.6,136.4,90,73,-221.98,0,142,263.5130365
5000,90,74,175,134,90,73,-225.21,0,157,274.5333206
5020,90,73.9,175,133.6,90,73,-225.65,0,158,275.4667357
5040,90,73.8,175,133.2,90,73,-226.07,0,160,276.9614502
5060,90,73.7,175,132.8,90,73,-226.48,0,161,277.8744148
5080,90,73.6,175,132.4,90,73,-226.88,0,163,279.3627291
5100,90,73,175,130,90,73,-228.98,0,173,286.9857843
5120,90,72.8,174.9,129.5,90,73,-229.33,0,176,289.0817339
5140,90,72.6,174.8,129,90,73,-229.64,0,178,290.5486699
5160,90,72.4,174.7,128.5,90,73,-229.92,0,181,292.6161417
5180,90,72.2,174.6,128,90,73,-230.15,0,184,294.6608601
5200,90,71,174,125,90,73,-230.81,0,201,306.0625036
5220,90,70.8,174,124.6,90,73,-230.74,0,203,307.327102
5240,90,70.6,174,124.2,90,73,-230.66,0,205,308.5920213
5260,90,70.4,174,123.8,90,73,-230.55,0,207,309.8423833
5280,90,70.2,174,123.4,90,73,-230.42,0,209,311.0858023
5300,90,69,174,121,90,73,-229.22,0,222,319.1015644
5320,90,68.8,173.9,120.6,90,73,-228.9,0,224,320.2674039
5340,90,68.6,173.8,120.2,90,73,-228.55,0,227,322.1243587
5360,90,68.4,173.7,119.8,90,73,-228.17,0,229,323.2685399
5380,90,68.2,173.6,119.4,90,73,-227.76,0,232,325.1132381
5400,90,67,173,117,90,73,-224.7,0,247,333.9147945
5420,90,66.9,173,116.6,90,73,-224.4,0,249,335.1960024
5440,90,66.8,173,116.2,90,73,-224.09,0,251,336.4778271
5460,90,66.7,173,115.8,90,73,-223.77,0,252,337.0118884
5480,90,66.6,173,115.4,90,73,-223.43,0,254,338.2853306
5500,90,66,173,113,90,73,-221.1,0,264,344.3562254
5520,90,65.8,172.9,112.5,90,73,-220.24,0,267,346.1136484
5540,90,65.6,172.8,112,90,73,-219.34,0,270,347.8649675
5560,90,65.4,172.7,111.5,90,73,-218.4,0,272,348.8302739
5580,90,65.2,172.6,111,90,73,-217.42,0,275,350.5659088
5600,90,64,172,108,90,73,-210.79,0,292,360.1338975
5620,90,63.8,172,107.6,90,73,-209.83,0,294,361.1988772
5640,90,63.6,172,107.2,90,73,-208.84,0,296,362.2570159
5660,90,63.4,172,106.8,90,73,-207.84,0,298,363.3200595
5680,90,63.2,172,106.4,90,73,-206.81,0,300,364.3766953
5700,90,62,172,104,90,73,-200.25,0,311,369.8933123
5720,90,61.8,171.9,103.6,90,73,-198.88,0,314,371.6843478
5740,90,61.6,171.8,103.2,90,73,-197.48,0,316,372.6316551
5760,90,61.4,171.7,102.8,90,73,-196.06,0,318,373.5820172
5780,90,61.2,171.6,102.4,90,73,-194.61,0,320,374.5304422
5800,90,60,171,100,90,73,-185.35,0,334,381.9824898
5820,90,59.9,171,99.5,90,73,-184.18,0,336,383.1687258
5840,90,59.8,171,99,90,73,-183,0,337,383.4814207
5860,90,59.7,171,98.5,90,73,-181.8,0,339,384.6716002
5880,90,59.6,171,98,90,73,-180.58,0,341,385.8628466
5900,90,59,171,95,90,73,-172.89,0,351,391.2696667
5920,90,58.8,170.9,94.6,90,73,-171.05,0,353,392.2589738
5940,90,58.6,170.8,94.2,90,73,-169.19,0,355,393.2559677
5960,90,58.4,170.7,93.8,90,73,-167.31,0,357,394.2608732
5980,90,58.2,170.6,93.4,90,73,-165.4,0,359,395.2697307
6000,90,57,170,91,90,73,-153.48,0,370,400.5697323
6020,90,56.8,170,90.6,90,73,-151.73,0,372,401.753647
6040,90,56.6,170,90.2,90,73,-149.97,0,373,402.0199011
6060,90,56.4,170,89.8,90,73,-148.19,0,375,403.2186455
6080,90,56.2,170,89.4,90,73,-146.4,0,376,403.4959232
6100,90,55,170,87,90,73,-135.34,0,384,407.152202
6120,90,55,169.8,86.9,90,73,-134.42,0,385,407.7912902
6140,90,55,169.6,86.8,90,73,-133.48,0,386,408.4273625
6160,90,55,169.4,86.7,90,73,-132.55,0,387,409.0702904
6180,90,55,169.2,86.6,90,73,-131.61,0,388,409.7135488
6200,90,55,168,86,90,73,-125.88,0,393,412.6678742
6220,90,55.2,167.6,86,90,73,-125.4,0,393,412.5217085
6240,90,55.4,167.2,86,90,73,-124.92,0,394,413.3291744
6260,90,55.6,166.8,86,90,73,-124.44,0,395,414.1380369
6280,90,55.8,166.4,86,90,73,-123.95,0,396,414.9453006
6300,90,57,164,86,90,73,-121.01,0,400,417.9036014
6320,90,57.2,163.6,86,90,73,-120.52,0,401,418.7195606
6340,90,57.4,163.2,86,90,73,-120.02,0,402,419.5340277
6360,90,57.6,162.8,86,90,73,-119.53,0,402,419.3941117
6380,90,57.8,162.4,86,90,73,-119.03,0,403,420.2108291
6400,90,59,160,86,90,73,-116,0,407,423.2079867
6420,90,59.1,159.6,86,90,73,-114.99,0,408,423.8946804
6440,90,59.2,159.2,86,90,73,-113.98,0,409,424.5850214
6460,90,59.3,158.8,86,90,73,-112.96,0,410,425.2763356
6480,90,59.4,158.4,86,90,73,-111.93,0,411,425.96869
6500,90,60,156,86,90,73,-105.71,0,416,429.2209269
6520,90,60.2,155.6,86,90,73,-105.17,0,417,430.0578204
6540,90,60.4,155.2,86,90,73,-104.64,0,417,429.9285168
6560,90,60.6,154.8,86,90,73,-104.1,0,418,430.7676984
6580,90,60.8,154.4,86,90,73,-103.56,0,419,431.6082409
6600,90,62,152,86,90,73,-100.31,0,422,433.7581078
6620,90,62.2,151.6,86.1,90,73,-100.04,0,423,434.6688413
6640,90,62.4,151.2,86.2,90,73,-99.78,0,423,434.6090754
6660,90,62.6,150.8,86.3,90,73,-99.51,0,424,435.520654
6680,90,62.8,150.4,86.4,90,73,-99.24,0,424,435.4590424
6700,90,64,148,87,90,73,-97.63,0,427,438.0189687
6720,90,64.2,147.6,87,90,73,-97.08,0,428,438.8718793
6740,90,64.4,147.2,87,90,73,-96.53,0,428,438.7505452
6760,90,64.6,146.8,87,90,73,-95.97,0,429,439.6035042
6780,90,64.8,146.4,87,90,73,-95.41,0,429,439.4815902
6800,90,66,144,87,90,73,-92.05,0,433,442.6761824
6820,90,66.1,143.6,87,90,73,-90.94,0,433,442.4467014
6840,90,66.2,143.2,87,90,73,-89.82,0,434,443.1970582
6860,90,66.3,142.8,87,90,73,-88.71,0,435,443.9532229
6880,90,66.4,142.4,87,90,73,-87.59,0,435,443.7307834
6900,90,67,140,87,90,73,-80.8,0,439,446.3738792
6920,90,67.2,139.6,87,90,73,-80.21,0,440,447.2512092
6940,90,67.4,139.2,87,90,73,-79.63,0,440,447.1475561
6960,90,67.6,138.8,87,90,73,-79.04,0,441,448.0271438
6980,90,67.8,138.4,87,90,73,-78.45,0,441,447.9234337
7000,90,69,136,87,90,73,-74.91,0,444,450.274925
7020,90,69.2,135.6,87,90,73,-74.31,0,445,451.161807
7040,90,69.4,135.2,87,90,73,-73.72,0,445,451.0650046
7060,90,69.6,134.8,87,90,73,-73.12,0,446,451.9541286
7080,90,69.8,134.4,87,90,73,-72.52,0,446,451.8574448
7100,90,71,132,87,90,73,-68.93,0,449,454.2602172
7120,90,71.2,131.6,87.1,90,73,-68.63,0,449,454.2147916
7140,90,71.4,131.2,87.2,90,73,-68.33,0,449,454.1695596
7160,90,71.6,130.8,87.3,90,73,-68.03,0,450,455.1132616
7180,90,71.8,130.4,87.4,90,73,-67.73,0,450,455.0685145
7200,90,73,128,88,90,73,-65.94,0,452,456.7845046
7220,90,73.1,127.6,88,90,73,-64.75,0,452,456.6142382
7240,90,73.2,127.2,88,90,73,-63.56,0,453,457.4372893
7260,90,73.3,126.8,88,90,73,-62.37,0,453,457.2734596
7280,90,73.4,126.4,88,90,73,-61.18,0,454,458.1036918
7300,90,74,124,88,90,73,-53.97,0,457,460.1757935
7320,90,74.2,123.6,88,90,73,-53.35,0,457,460.1034911
7340,90,74.4,123.2,88,90,73,-52.73,0,457,460.0320129
7360,90,74.6,122.8,88,90,73,-52.11,0,458,460.954935
7380,90,74.8,122.4,88,90,73,-51.49,0,458,460.885257
7400,90,76,120,88,90,73,-47.74,0,460,462.4706559
7420,90,76.2,119.6,88,90,73,-47.11,0,460,462.4060468
7440,90,76.4,119.2,88,90,73,-46.48,0,461,463.3372318
7460,90,76.6,118.8,88,90,73,-45.85,0,461,463.274457
7480,90,76.8,118.4,88,90,73,-45.22,0,461,463.2125305
7500,90,78,116,88,90,73,-41.44,0,463,464.8508079
7520,90,78.2,115.6,88,90,73,-40.81,0,463,464.7950689
7540,90,78.4,115.2,88,90,73,-40.17,0,463,464.7393128
7560,90,78.6,114.8,88,90,73,-39.54,0,464,465.6816634
7580,90,78.8,114.4,88,90,73,-38.91,0,464,465.6285946
7600,90,80,112,88,90,73,-35.09,0,465,466.3221077
7620,90,80.1,111.6,88.1,90,73,-34.17,0,465,466.2537816
7640,90,80.2,111.2,88.2,90,73,-33.25,0,466,467.1847199
7660,90,80.3,110.8,88.3,90,73,-32.33,0,466,467.120144
7680,90,80.4,110.4,88.4,90,73,-31.41,0,466,467.0573713
7700,90,81,108,89,90,73,-25.87,0,467,467.7160003
7720,90,81.2,107.6,89,90,73,-25.22,0,467,467.6804982
7740,90,81.4,107.2,89,90,73,-24.58,0,468,468.6450431
7760,90,81.6,106.8,89,90,73,-23.94,0,468,468.6119115
7780,90,81.8,106.4,89,90,73,-23.29,0,468,468.5791546
7800,90,83,104,89,90,73,-19.43,0,469,469.402306
7820,90,83.2,103.6,89,90,73,-18.78,0,469,469.3758498
7840,90,83.4,103.2,89,90,73,-18.14,0,469,469.3506787
7860,90,83.6,102.8,89,90,73,-17.49,0,469,469.3260062
7880,90,83.8,102.4,89,90,73,-16.84,0,469,469.3022327
7900,90,85,100,89,90,73,-12.96,0,470,470.1786486
7920,90,85.2,99.6,89,90,73,-12.32,0,470,470.1614429
7940,90,85.4,99.2,89,90,73,-11.67,0,470,470.1448595
7960,90,85.6,98.8,89,90,73,-11.02,0,470,470.1291742
7980,90,85.8,98.4,89,90,73,-10.37,0,470,470.114387
8000,90,87,96,89,90,73,-6.49,0,471,471.0447114
8020,90,87.1,95.6,89,90,73,-5.23,0,471,471.0290362
8040,90,87.2,95.2,89,90,73,-3.97,0,471,471.016731
8060,90,87.3,94.8,89,90,73,-2.71,0,471,471.0077962
8080,90,87.4,94.4,89,90,73,-1.45,0,471,471.0022319
8100,90,88,92,89,90,73,6.11,0,471,471.039629
8120,89.9,88.1,91.8,89,90,73,6.44,-0.01,471,471.0440252
8140,89.8,88.2,91.6,89,90,73,6.76,-0.02,471,471.0485092
8160,89.7,88.3,91.4,89,90,73,7.09,-0.04,471,471.0533618
8180,89.6,88.4,91.2,89,90,73,7.41,-0.05,471,471.0582879
8200,89,89,90,89,90,73,9.36,-0.16,471,471.0930218
8220,88.6,88.9,90.4,89,90,73,8.1,-0.2,471,471.069687
8240,88.2,88.8,90.8,89,90,73,6.83,-0.21,471,471.0495653
8260,87.8,88.7,91.2,89,90,73,5.57,-0.21,471,471.0329808
8280,87.4,88.6,91.6,89,90,73,4.31,-0.2,471,471.0197619
8300,85,88,94,89,90,73,-3.23,0.28,471,471.0111584
8320,84.5,87.8,94.4,89,90,73,-3.87,0.37,471,471.0160441
8340,84,87.6,94.8,89,90,73,-4.52,0.47,471,471.0219223
8360,83.5,87.4,95.2,89,90,73,-5.16,0.59,471,471.0286336
8380,83,87.2,95.6,89,90,73,-5.79,0.71,471,471.036122
8400,80,86,98,89,90,73,-9.58,1.69,470,470.1006621
8420,79.6,85.8,98.4,89,90,73,-10.2,1.87,470,470.114387
8440,79.2,85.6,98.8,89,90,73,-10.83,2.07,470,470.129316
8460,78.8,85.4,99.2,89,90,73,-11.45,2.27,470,470.1449302
8480,78.4,85.2,99.6,89,90,73,-12.07,2.48,470,470.1614992
8500,76,84,102,89,90,73,-15.72,3.92,469,469.2797511
8520,75.5,83.8,102.4,89,90,73,-16.31,4.22,469,469.3024872
8540,75,83.6,102.8,89,90,73,-16.89,4.53,469,469.3258921
8560,74.5,83.4,103.2,89,90,73,-17.48,4.85,469,469.3506929
8580,74,83.2,103.6,89,90,73,-18.05,5.18,469,469.3757928
8600,71,82,106,89,90,73,-21.42,7.37,468,468.5478986
8620,70.6,81.9,106.4,88.9,90,73,-22.24,7.83,468,468.5935622
8640,70.2,81.8,106.8,88.8,90,73,-23.06,8.3,468,468.6412846
8660,69.8,81.7,107.2,88.7,90,73,-23.87,8.78,468,468.6905859
8680,69.4,81.6,107.6,88.6,90,73,-24.67,9.27,467,467.7430297
8700,67,81,110,88,90,73,-29.37,12.46,466,467.0908354
8720,66.5,80.8,110.4,88,90,73,-29.84,12.98,466,467.1347835
8740,66,80.6,110.8,88,90,73,-30.31,13.5,466,467.1797792
8760,65.5,80.4,111.2,88,90,73,-30.77,14.02,466,467.2251634
8780,65,80.2,111.6,88,90,73,-31.23,14.56,465,466.2749259
8800,62,79,114,88,90,73,-33.79,17.97,464,465.5756491
8820,61.6,78.8,114.4,88,90,73,-34.22,18.5,464,465.627811
8840,61.2,78.6,114.8,88,90,73,-34.65,19.05,464,465.6817851
8860,60.8,78.4,115.2,88,90,73,-35.07,19.6,463,464.7397819
8880,60.4,78.2,115.6,88,90,73,-35.48,20.16,463,464.7948537
8900,58,77,118,88,90,73,-37.82,23.63,461,463.1519506
8920,57.5,76.8,118.4,88,90,73,-38.14,24.3,461,463.2128556
8940,57,76.6,118.8,88,90,73,-38.45,24.97,461,463.2741126
8960,56.5,76.4,119.2,88,90,73,-38.76,25.65,461,463.3370912
8980,56,76.2,119.6,88,90,73,-39.05,26.34,460,462.4053396
9000,53,75,122,88,90,73,-40.62,30.61,458,460.8155341
9020,52.6,74.9,122.4,88,90,73,-41.37,31.63,458,460.9511187
9040,52.2,74.8,122.8,88,90,73,-42.1,32.66,457,460.0957353
9060,51.8,74.7,123.2,88,90,73,-42.82,33.7,457,460.2371589
9080,51.4,74.6,123.6,88,90,73,-43.53,34.75,457,460.3818235
9100,49,74,126,88,90,73,-47.47,41.26,454,458.3358905
9120,48.5,73.8,126.4,87.9,90,73,-47.33,41.87,454,458.3767291
9140,48,73.6,126.8,87.8,90,73,-47.19,42.49,453,457.4290067
9160,47.5,73.4,127.2,87.7,90,73,-47.04,43.1,453,457.4706238
9180,47,73.2,127.6,87.6,90,73,-46.88,43.72,453,457.5130302
9200,44,72,130,87,90,73,-45.78,47.41,451,455.7899917
9220,43.6,71.8,130.4,87,90,73,-45.87,48.16,450,454.8883847
9240,43.2,71.6,130.8,87,90,73,-45.94,48.92,450,454.9765379
9260,42.8,71.4,131.2,87,90,73,-46.01,49.69,450,455.0670458
9280,42.4,71.2,131.6,87,90,73,-46.07,50.45,449,454.1680828
9300,40,70,134,87,90,73,-46.23,55.1,447,452.749625
9320,39.5,69.8,134.4,87,90,73,-46.13,55.96,446,451.85783
9340,39,69.6,134.8,87,90,73,-46.02,56.83,446,451.9551851
9360,38.5,69.4,135.2,87,90,73,-45.89,57.69,445,451.0643282
9380,38,69.2,135.6,87,90,73,-45.75,58.56,445,451.162206
9400,35,68,138,87,90,73,-44.66,63.78,442,448.8055303
9420,34.6,67.9,138.4,87,90,73,-44.87,65.04,441,448.0228995
9440,34.2,67.8,138.8,87,90,73,-45.06,66.3,441,448.2266097
9460,33.8,67.7,139.2,87,90,73,-45.23,67.56,440,447.44844
9480,33.4,67.6,139.6,87,90,73,-45.38,68.82,439,446.6727402
9500,31,67,142,87,90,73,-45.95,76.47,435,444.0541222
9520,30.5,66.8,142.4,87,90,73,-45.57,77.36,435,444.1691057
9540,30,66.6,142.8,87,90,73,-45.17,78.24,434,443.3033121
9560,29.5,66.4,143.2,87,90,73,-44.77,79.13,434,443.4206917
9580,29,66.2,143.6,87,90,73,-44.35,80.01,433,442.5579313
9600,26,65,146,87,90,73,-41.58,85.26,430,440.3386924
9620,25.6,64.8,146.4,86.9,90,73,-41.1,85.79,429,439.420225
9640,25.2,64.6,146.8,86.8,90,73,-40.62,86.32,429,439.4793815
9660,24.8,64.4,147.2,86.7,90,73,-40.13,86.85,429,439.5387803
9680,24.4,64.2,147.6,86.6,90,73,-39.63,87.37,428,438.6206263
9700,22,63,150,86,90,73,-36.55,90.46,426,437.029649
9720,21.5,62.8,150.4,86,90,73,-35.96,91.28,425,436.1767532
9740,21,62.6,150.8,86,90,73,-35.36,92.11,424,435.3281311
9760,20.5,62.4,151.2,86,90,73,-34.74,92.93,424,435.4524687
9780,20,62.2,151.6,86,90,73,-34.12,93.74,423,434.6036838
9800,17,61,154,86,90,73,-30.12,98.52,419,431.4793214
9820,16.6,60.9,154.4,86,90,73,-29.74,99.74,418,430.7627365
9840,16.2,60.8,154.8,86,90,73,-29.33,100.96,418,431.0187589
9860,15.8,60.7,155.2,86,90,73,-28.91,102.18,417,430.3086572
9880,15.4,60.6,155.6,86,90,73,-28.48,103.39,416,429.600515
9900,13,60,158,86,90,73,-25.52,110.53,411,426.3673901
9920,12.6,59.8,158.3,86,90,73,-24.78,110.84,410,425.4404236
9940,12.2,59.6,158.6,86,90,73,-24.03,111.14,410,425.4756638
9960,11.8,59.4,158.9,86,90,73,-23.28,111.44,410,425.5124346
9980,11.4,59.2,159.2,86,90,73,-22.53,111.73,409,424.584731
10000,9,58,161,86,90,73,-17.96,113.36,407,422.8735641
10020,8.5,57.8,161.4,86,90,73,-17.04,114.02,406,422.0508524
10040,8,57.6,161.8,86,90,73,-16.12,114.67,405,421.2292289
10060,7.5,57.4,162.2,86,90,73,-15.18,115.31,404,420.4079311
10080,7,57.2,162.6,86,90,73,-14.24,115.94,404,420.5482864
10100,4,56,165,86,90,73,-8.36,119.53,399,416.6033011
10120,3.6,55.9,165.4,86,90,73,-7.58,120.56,398,415.9280827
10140,3.2,55.8,165.8,86,90,73,-6.8,121.58,397,415.2552666
10160,2.8,55.7,166.2,86,90,73,-6,122.6,397,415.5427295
10180,2.4,55.6,166.6,86,90,73,-5.18,123.61,396,414.8762038
10200,0,55,169,86,90,73,0,129.42,390,410.9130521
10220,0,55,169.1,86,90,72.7,0,129.78,389,410.0778565
10240,0,55,169.2,86,90,72.4,0,130.13,389,410.1887576
10260,0,55,169.3,86,90,72.1,0,130.48,389,410.2999274
10280,0,55,169.4,86,90,71.8,0,130.83,388,409.46366
10300,0,55,170,86,90,70,0,132.91,386,408.2414336
10320,0,55,170,86,90,69.7,0,132.91,386,408.2414336
10340,0,55,170,86,90,69.4,0,132.91,386,408.2414336
10360,0,55,170,86,90,69.1,0,132.91,386,408.2414336
10380,0,55,170,86,90,68.8,0,132.91,386,408.2414336
10400,0,55,170,86,90,67,0,132.91,386,408.2414336
10420,0,55,170,86,90,66.7,0,132.91,386,408.2414336
10440,0,55,170,86,90,66.4,0,132.91,386,408.2414336
10460,0,55,170,86,90,66.1,0,132.91,386,408.2414336
10480,0,55,170,86,90,65.8,0,132.91,386,408.2414336
10500,0,55,170,86,90,64,0,132.91,386,408.2414336
10520,0,55,170,86,90,63.7,0,132.91,386,408.2414336
10540,0,55,170,86,90,63.4,0,132.91,386,408.2414336
10560,0,55,170,86,90,63.1,0,132.91,386,408.2414336
10580,0,55,170,86,90,62.8,0,132.91,386,408.2414336
10600,0,55,170,86,90,61,0,132.91,386,408.2414336
10620,0,55,170,86,90,60.6,0,132.91,386,408.2414336
10640,0,55,170,86,90,60.2,0,132.91,386,408.2414336
10660,0,55,170,86,90,59.8,0,132.91,386,408.2414336
10680,0,55,170,86,90,59.4,0,132.91,386,408.2414336
10700,0,55,170,86,90,57,0,132.91,386,408.2414336
10720,0,55,170,86,90,56.7,0,132.91,386,408.2414336
10740,0,55,170,86,90,56.4,0,132.91,386,408.2414336
10760,0,55,170,86,90,56.1,0,132.91,386,408.2414336
10780,0,55,170,86,90,55.8,0,132.91,386,408.2414336
10800,0,55,170,86,90,54,0,132.91,386,408.2414336
10820,0,55,170,86,90,53.7,0,132.91,386,408.2414336
10840,0,55,170,86,90,53.4,0,132.91,386,408.2414336
10860,0,55,170,86,90,53.1,0,132.91,386,408.2414336
10880,0,55,170,86,90,52.8,0,132.91,386,408.2414336
10900,0,55,170,86,90,51,0,132.91,386,408.2414336
10920,0,55,170,86,90,50.7,0,132.91,386,408.2414336
10940,0,55,170,86,90,50.4,0,132.91,386,408.2414336
10960,0,55,170,86,90,50.1,0,132.91,386,408.2414336
10980,0,55,170,86,90,49.8,0,132.91,386,408.2414336
11000,0,55,170,86,90,48,0,132.91,386,408.2414336
11020,0,55,170,86,90,47.7,0,132.91,386,408.2414336
11040,0,55,170,86,90,47.4,0,132.91,386,408.2414336
11060,0,55,170,86,90,47.1,0,132.91,386,408.2414336
11080,0,55,170,86,90,46.8,0,132.91,386,408.2414336
11100,0,55,170,86,90,45,0,132.91,386,408.2414336
11120,0,55,170,86,90,44.7,0,132.91,386,408.2414336
11140,0,55,170,86,90,44.4,0,132.91,386,408.2414336
11160,0,55,170,86,90,44.1,0,132.91,386,408.2414336
11180,0,55,170,86,90,43.8,0,132.91,386,408.2414336
11200,0,55,170,86,90,42,0,132.91,386,408.2414336
11220,0,55,170,86,90,41.6,0,132.91,386,408.2414336
11240,0,55,170,86,90,41.2,0,132.91,386,408.2414336
11260,0,55,170,86,90,40.8,0,132.91,386,408.2414336
11280,0,55,170,86,90,40.4,0,132.91,386,408.2414336
11300,0,55,170,86,90,38,0,132.91,386,408.2414336
11320,0,55,170,86,90,37.7,0,132.91,386,408.2414336
11340,0,55,170,86,90,37.4,0,132.91,386,408.2414336
11360,0,55,170,86,90,37.1,0,132.91,386,408.2414336
11380,0,55,170,86,90,36.8,0,132.91,386,408.2414336
11400,0,55,170,86,90,35,0,132.91,386,408.2414336
11420,0,55,170,86,90,34.7,0,132.91,386,408.2414336
11440,0,55,170,86,90,34.4,0,132.91,386,408.2414336
11460,0,55,170,86,90,34.1,0,132.91,386,408.2414336
11480,0,55,170,86,90,33.8,0,132.91,386,408.2414336
11500,0,55,170,86,90,32,0,132.91,386,408.2414336
11520,0,55,170,86,90,31.7,0,132.91,386,408.2414336
11540,0,55,170,86,90,31.4,0,132.91,386,408.2414336
11560,0,55,170,86,90,31.1,0,132.91,386,408.2414336
11580,0,55,170,86,90,30.8,0,132.91,386,408.2414336
11600,0,55,170,86,90,29,0,132.91,386,408.2414336
11620,0,55,170,86,90,28.7,0,132.91,386,408.2414336
11640,0,55,170,86,90,28.4,0,132.91,386,408.2414336
11660,0,55,170,86,90,28.1,0,132.91,386,408.2414336
11680,0,55,170,86,90,27.8,0,132.91,386,408.2414336
11700,0,55,170,86,90,26,0,132.91,386,408.2414336
11720,0,55,170,86,90,25.7,0,132.91,386,408.2414336
11740,0,55,170,86,90,25.4,0,132.91,386,408.2414336
11760,0,55,170,86,90,25.1,0,132.91,386,408.2414336
11780,0,55,170,86,90,24.8,0,132.91,386,408.2414336
11800,0,55,170,86,90,23,0,132.91,386,408.2414336
11820,0,55,170,86,90,22.7,0,132.91,386,408.2414336
11840,0,55,170,86,90,22.4,0,132.91,386,408.2414336
11860,0,55,170,86,90,22.1,0,132.91,386,408.2414336
11880,0,55,170,86,90,21.8,0,132.91,386,408.2414336
11900,0,55,170,86,90,20,0,132.91,386,408.2414336
11920,0,55,170,86,90,19.7,0,132.91,386,408.2414336
11940,0,55,170,86,90,19.4,0,132.91,386,408.2414336
11960,0,55,170,86,90,19.1,0,132.91,386,408.2414336
11980,0,55,170,86,90,18.8,0,132.91,386,408.2414336
12000,0,55,170,86,90,17,0,132.91,386,408.2414336
12020,0,55,170,86,90,16.7,0,132.91,386,408.2414336
12040,0,55,170,86,90,16.4,0,132.91,386,408.2414336
12060,0,55,170,86,90,16.1,0,132.91,386,408.2414336
12080,0,55,170,86,90,15.8,0,132.91,386,408.2414336
12100,0,55,170,86,90,14,0,132.91,386,408.2414336
12120,0,55,170,86,90,13.6,0,132.91,386,408.2414336
12140,0,55,170,86,90,13.2,0,132.91,386,408.2414336
12160,0,55,170,86,90,12.8,0,132.91,386,408.2414336
12180,0,55,170,86,90,12.4,0,132.91,386,408.2414336
12200,0,55,170,86,90,10,0,132.91,386,408.2414336
12220,0.2,55,170,86.2,90,10,-0.47,133.4,386,408.4014947
12240,0.4,55,170,86.4,90,10,-0.93,133.89,386,408.5625986
12260,0.6,55,170,86.6,90,10,-1.41,134.37,385,407.7772492
12280,0.8,55,170,86.8,90,10,-1.88,134.85,385,407.937565
12300,2,55,170,88,90,10,-4.81,137.65,382,406.0722332
12320,2.4,55.2,170,88.4,90,10,-5.85,139.47,381,405.767302
12340,2.8,55.4,170,88.8,90,10,-6.91,141.26,379,404.5282879
12360,3.2,55.6,170,89.2,90,10,-8,143.03,378,404.2345617
12380,3.6,55.8,170,89.6,90,10,-9.11,144.78,377,403.9470764
12400,6,57,170,92,90,10,-16.27,154.77,368,399.5528323
12420,6.5,57.2,170.1,92.4,90,10,-17.85,156.62,366,398.5027565
12440,7,57.4,170.2,92.8,90,10,-19.45,158.44,364,397.4638802
12460,7.5,57.6,170.3,93.2,90,10,-21.09,160.21,362,396.4291011
12480,8,57.8,170.4,93.6,90,10,-22.76,161.95,360,395.4058928
12500,11,59,171,96,90,10,-33.34,171.52,348,389.402961
12520,11.4,59.2,171,96.5,90,10,-34.87,172.94,346,388.3814626
12540,11.8,59.4,171,97,90,10,-36.42,174.32,344,387.3627225
12560,12.2,59.6,171,97.5,90,10,-37.98,175.67,342,386.3501382
12580,12.6,59.8,171,98,90,10,-39.56,176.97,340,385.3354052
12600,15,61,171,101,90,10,-49.32,184.05,328,379.3294938
12620,15.5,61.1,171.1,101.4,90,10,-51.23,184.74,326,378.1922534
12640,16,61.2,171.2,101.8,90,10,-53.16,185.4,324,377.0611961
12660,16.5,61.3,171.3,102.2,90,10,-55.1,186.02,322,375.9301137
12680,17,61.4,171.4,102.6,90,10,-57.05,186.61,320,374.8039415
12700,20,62,172,105,90,10,-68.9,189.29,308,368.024339
12720,20.4,62.2,172,105.4,90,10,-70.6,189.85,306,366.9650971
12740,20.8,62.4,172,105.8,90,10,-72.32,190.37,304,365.9056153
12760,21.2,62.6,172,106.2,90,10,-74.03,190.86,302,364.8451459
12780,21.6,62.8,172,106.6,90,10,-75.75,191.32,301,364.6126779
12800,24,64,172,109,90,10,-86.09,193.36,289,358.2186172
12820,24.5,64.2,172.1,109.4,90,10,-88.22,193.58,286,356.4435226
12840,25,64.4,172.2,109.8,90,10,-90.35,193.75,284,355.4689649
12860,25.5,64.6,172.3,110.2,90,10,-92.47,193.87,281,353.6909354
12880,26,64.8,172.4,110.6,90,10,-94.59,193.94,279,352.7052476
12900,29,66,173,113,90,10,-107.19,193.38,264,344.3566763
12920,29.4,66.2,173,113.5,90,10,-108.89,193.25,262,343.2879179
12940,29.8,66.4,173,114,90,10,-110.58,193.08,259,341.4510548
12960,30.2,66.6,173,114.5,90,10,-112.25,192.87,257,340.3643627
12980,30.6,66.8,173,115,90,10,-113.91,192.62,255,339.2682604
13000,33,68,173,118,90,10,-123.61,190.34,240,330.316133
13020,33.5,68.1,173.1,118.4,90,10,-125.43,189.51,238,329.0755612
13040,34,68.2,173.2,118.8,90,10,-127.23,188.63,236,327.8181658
13060,34.5,68.3,173.3,119.2,90,10,-129.02,187.72,234,326.559273
13080,35,68.4,173.4,119.6,90,10,-130.78,186.78,231,324.5784602
13100,38,69,174,122,90,10,-140.97,180.43,219,316.8414837
13120,38.4,69.2,174,122.4,90,10,-142.36,179.61,217,315.6186333
13140,38.8,69.4,174,122.8,90,10,-143.73,178.77,214,313.7085045
13160,39.2,69.6,174,123.2,90,10,-145.09,177.9,212,312.4796283
13180,39.6,69.8,174,123.6,90,10,-146.43,177,210,311.2406543
13200,42,71,174,126,90,10,-154.04,171.08,198,303.6456619
13220,42.5,71.2,174.1,126.5,90,10,-155.49,169.69,195,301.6568186
13240,43,71.4,174.2,127,90,10,-156.9,168.25,192,299.6492491
13260,43.5,71.6,174.3,127.5,90,10,-158.27,166.78,189,297.6339384
13280,44,71.8,174.4,128,90,10,-159.6,165.27,186,295.6050285
13300,47,73,175,131,90,10,-166.71,155.46,170,284.3589909
13320,47.4,73.2,175,131.4,90,10,-167.6,154.12,168,282.9606587
13340,47.8,73.4,175,131.8,90,10,-168.47,152.76,166,281.5559598
13360,48.2,73.6,175,132.2,90,10,-169.31,151.38,164,280.1388593
13380,48.6,73.8,175,132.6,90,10,-170.12,149.98,162,278.709194
13400,51,75,175,135,90,10,-174.44,141.25,150,269.964583
13420,51.5,75.1,175.1,135.4,90,10,-175.2,139.36,148,268.3658875
13440,52,75.2,175.2,135.8,90,10,-175.92,137.44,146,266.7463214
13460,52.5,75.3,175.3,136.2,90,10,-176.61,135.52,144,265.1278229
13480,53,75.4,175.4,136.6,90,10,-177.27,133.58,142,263.5000366
13500,56,76,176,139,90,10,-180.44,121.71,130,253.5190677
13520,56.4,76.2,176,139.5,90,10,-180.61,119.99,128,251.7966882
13540,56.8,76.4,176,140,90,10,-180.74,118.27,126,250.0614734
13560,57.2,76.6,176,140.5,90,10,-180.83,116.54,124,248.308398
13580,57.6,76.8,176,141,90,10,-180.89,114.8,122,246.5445844
13600,60,78,176,144,90,10,-180.51,104.22,109,235.2162165
13620,60.5,78.2,176.1,144.4,90,10,-180.53,102.14,107,233.3937885
13640,61,78.4,176.2,144.8,90,10,-180.51,100.06,105,231.5617924
13660,61.5,78.6,176.3,145.2,90,10,-180.45,97.98,103,229.7200098
13680,62,78.8,176.4,145.6,90,10,-180.34,95.89,101,227.8561118
13700,65,80,177,148,90,10,-178.81,83.38,89,216.4399235
13720,65.4,80.2,177,148.4,90,10,-178.45,81.7,87,214.6818402
13740,65.8,80.4,177,148.8,90,10,-178.05,80.02,86,213.3096409
13760,66.2,80.6,177,149.2,90,10,-177.63,78.34,84,211.5314929
13780,66.6,80.8,177,149.6,90,10,-177.18,76.67,82,209.7499495
13800,69,82,177,152,90,10,-173.9,66.75,73,200.0644209
13820,69.4,82.1,177.1,152.4,90,10,-173.12,65.07,72,198.4657132
13840,69.8,82.2,177.2,152.8,90,10,-172.32,63.4,70,196.5037974
13860,70.2,82.3,177.3,153.2,90,10,-171.49,61.74,69,194.8888086
13880,70.6,82.4,177.4,153.6,90,10,-170.63,60.09,68,193.2599415
13900,73,83,178,156,90,10,-164.92,50.42,59,182.2684361
13920,73.5,83.2,178,156.4,90,10,-164.1,48.61,58,180.7089984
13940,74,83.4,178,156.8,90,10,-163.25,46.81,57,179.1388808
13960,74.5,83.6,178,157.2,90,10,-162.37,45.03,55,177.2476172
13980,75,83.8,178,157.6,90,10,-161.46,43.26,54,175.6609211
14000,78,85,178,160,90,10,-155.39,33.03,47,165.668443
14020,78.4,85.2,178.1,160.5,90,10,-153.68,31.55,45,163.2113504
14040,78.8,85.4,178.2,161,90,10,-151.93,30.08,44,161.007861
14060,79.2,85.6,178.3,161.5,90,10,-150.16,28.64,42,158.5316221
14080,79.6,85.8,178.4,162,90,10,-148.35,27.23,41,156.3016168
14100,82,87,179,165,90,10,-136.93,19.24,33,142.1583712
14120,82.5,87.1,179,165.4,90,10,-135.72,17.87,32,140.5818456
14140,83,87.2,179,165.8,90,10,-134.5,16.51,32,139.2365976
14160,83.5,87.3,179,166.2,90,10,-133.25,15.18,31,137.6480835
14180,84,87.4,179,166.6,90,10,-131.99,13.87,30,136.0651939
14200,87,88,179,169,90,10,-124.08,6.5,27,127.1498974
14220,87.3,88.2,179.1,169.3,90,10,-122.53,5.78,26,125.3914243
14240,87.6,88.4,179.2,169.6,90,10,-120.97,5.07,25,123.6302787
14260,87.9,88.6,179.3,169.9,90,10,-119.4,4.38,24,121.8669127
14280,88.2,88.8,179.4,170.2,90,10,-117.82,3.7,23,120.1009675
14300,90,90,180,172,90,10,-108.14,0,19,109.7964462
14320,90,90,180,172,90,10.3,-108.14,0,19,109.7964462
14340,90,90,180,172,90,10.6,-108.14,0,19,109.7964462
14360,90,90,180,172,90,10.9,-108.14,0,19,109.7964462
14380,90,90,180,172,90,11.2,-108.14,0,19,109.7964462
14400,90,90,180,172,90,13,-108.14,0,19,109.7964462
14420,90,90,180,172,90,13.3,-108.14,0,19,109.7964462
14440,90,90,180,172,90,13.6,-108.14,0,19,109.7964462
14460,90,90,180,172,90,13.9,-108.14,0,19,109.7964462
14480,90,90,180,172,90,14.2,-108.14,0,19,109.7964462
14500,90,90,180,172,90,16,-108.14,0,19,109.7964462
14520,90,90,180,172,90,16.4,-108.14,0,19,109.7964462
14540,90,90,180,172,90,16.8,-108.14,0,19,109.7964462
14560,90,90,180,172,90,17.2,-108.14,0,19,109.7964462
14580,90,90,180,172,90,17.6,-108.14,0,19,109.7964462
14600,90,90,180,172,90,20,-108.14,0,19,109.7964462
14620,90,90,180,172,90,20.3,-108.14,0,19,109.7964462
14640,90,90,180,172,90,20.6,-108.14,0,19,109.7964462
14660,90,90,180,172,90,20.9,-108.14,0,19,109.7964462
14680,90,90,180,172,90,21.2,-108.14,0,19,109.7964462
14700,90,90,180,172,90,23,-108.14,0,19,109.7964462
14720,90,90,180,172,90,23.3,-108.14,0,19,109.7964462
14740,90,90,180,172,90,23.6,-108.14,0,19,109.7964462
14760,90,90,180,172,90,23.9,-108.14,0,19,109.7964462
14780,90,90,180,172,90,24.2,-108.14,0,19,109.7964462
14800,90,90,180,172,90,26,-108.14,0,19,109.7964462
14820,90,90,180,172,90,26.3,-108.14,0,19,109.7964462
14840,90,90,180,172,90,26.6,-108.14,0,19,109.7964462
14860,90,90,180,172,90,26.9,-108.14,0,19,109.7964462
14880,90,90,180,172,90,27.2,-108.14,0,19,109.7964462
14900,90,90,180,172,90,29,-108.14,0,19,109.7964462
14920,90,90,180,172,90,29.3,-108.14,0,19,109.7964462
14940,90,90,180,172,90,29.6,-108.14,0,19,109.7964462
14960,90,90,180,172,90,29.9,-108.14,0,19,109.7964462
14980,90,90,180,172,90,30.2,-108.14,0,19,109.7964462
15000,90,90,180,172,90,32,-108.14,0,19,109.7964462
15020,90,90,180,172,90,32.3,-108.14,0,19,109.7964462
15040,90,90,180,172,90,32.6,-108.14,0,19,109.7964462
15060,90,90,180,172,90,32.9,-108.14,0,19,109.7964462
15080,90,90,180,172,90,33.2,-108.14,0,19,109.7964462
15100,90,90,180,172,90,35,-108.14,0,19,109.7964462
15120,90,90,180,172,90,35.3,-108.14,0,19,109.7964462
15140,90,90,180,172,90,35.6,-108.14,0,19,109.7964462
15160,90,90,180,172,90,35.9,-108.14,0,19,109.7964462
15180,90,90,180,172,90,36.2,-108.14,0,19,109.7964462
15200,90,90,180,172,90,38,-108.14,0,19,109.7964462
15220,90,90,180,172,90,38.4,-108.14,0,19,109.7964462
15240,90,90,180,172,90,38.8,-108.14,0,19,109.7964462
15260,90,90,180,172,90,39.2,-108.14,0,19,109.7964462
15280,90,90,180,172,90,39.6,-108.14,0,19,109.7964462
15300,90,90,180,172,90,42,-108.14,0,19,109.7964462
15320,90,90,180,172,90,42.3,-108.14,0,19,109.7964462
15340,90,90,180,172,90,42.6,-108.14,0,19,109.7964462
15360,90,90,180,172,90,42.9,-108.14,0,19,109.7964462
15380,90,90,180,172,90,43.2,-108.14,0,19,109.7964462
15400,90,90,180,172,90,45,-108.14,0,19,109.7964462
15420,90,90,180,172,90,45.3,-108.14,0,19,109.7964462
15440,90,90,180,172,90,45.6,-108.14,0,19,109.7964462
15460,90,90,180,172,90,45.9,-108.14,0,19,109.7964462
15480,90,90,180,172,90,46.2,-108.14,0,19,109.7964462
15500,90,90,180,172,90,48,-108.14,0,19,109.7964462
15520,90,90,180,172,90,48.3,-108.14,0,19,109.7964462
15540,90,90,180,172,90,48.6,-108.14,0,19,109.7964462
15560,90,90,180,172,90,48.9,-108.14,0,19,109.7964462
15580,90,90,180,172,90,49.2,-108.14,0,19,109.7964462
15600,90,90,180,172,90,51,-108.14,0,19,109.7964462
15620,90,90,180,172,90,51.3,-108.14,0,19,109.7964462
15640,90,90,180,172,90,51.6,-108.14,0,19,109.7964462
15660,90,90,180,172,90,51.9,-108.14,0,19,109.7964462
15680,90,90,180,172,90,52.2,-108.14,0,19,109.7964462
15700,90,90,180,172,90,54,-108.14,0,19,109.7964462
15720,90,90,180,172,90,54.3,-108.14,0,19,109.7964462
15740,90,90,180,172,90,54.6,-108.14,0,19,109.7964462
15760,90,90,180,172,90,54.9,-108.14,0,19,109.7964462
15780,90,90,180,172,90,55.2,-108.14,0,19,109.7964462
15800,90,90,180,172,90,57,-108.14,0,19,109.7964462
15820,90,90,180,172,90,57.3,-108.14,0,19,109.7964462
15840,90,90,180,172,90,57.6,-108.14,0,19,109.7964462
15860,90,90,180,172,90,57.9,-108.14,0,19,109.7964462
15880,90,90,180,172,90,58.2,-108.14,0,19,109.7964462
15900,90,90,180,172,90,60,-108.14,0,19,109.7964462
15920,90,90,180,172,90,60.3,-108.14,0,19,109.7964462
15940,90,90,180,172,90,60.6,-108.14,0,19,109.7964462
15960,90,90,180,172,90,60.9,-108.14,0,19,109.7964462
15980,90,90,180,172,90,61.2,-108.14,0,19,109.7964462
16000,90,90,180,172,90,63,-108.14,0,19,109.7964462
16020,90,90,180,172,90,63.4,-108.14,0,19,109.7964462
16040,90,90,180,172,90,63.8,-108.14,0,19,109.7964462
16060,90,90,180,172,90,64.2,-108.14,0,19,109.7964462
16080,90,90,180,172,90,64.6,-108.14,0,19,109.7964462
16100,90,90,180,172,90,67,-108.14,0,19,109.7964462
16120,90,90,180,172,90,67.3,-108.14,0,19,109.7964462
16140,90,90,180,172,90,67.6,-108.14,0,19,109.7964462
16160,90,90,180,172,90,67.9,-108.14,0,19,109.7964462
16180,90,90,180,172,90,68.2,-108.14,0,19,109.7964462
16200,90,90,180,172,90,70,-108.14,0,19,109.7964462
16220,90,90,180,172,90,70.3,-108.14,0,19,109.7964462
16240,90,90,180,172,90,70.6,-108.14,0,19,109.7964462
16260,90,90,180,172,90,70.9,-108.14,0,19,109.7964462
16280,90,90,180,172,90,71.2,-108.14,0,19,109.7964462
16300,90,90,180,172,90,73,-108.14,0,19,109.7964462
16320,90,89.8,179.9,171.6,90,73,-110.1,0,20,111.9017873
16340,90,89.6,179.8,171.2,90,73,-112.05,0,20,113.8209229
16360,90,89.4,179.7,170.8,90,73,-114,0,21,115.9180745
16380,90,89.2,179.6,170.4,90,73,-115.93,0,22,117.9990038
16400,90,88,179,168,90,73,-127.39,0,28,130.430871
16420,90,87.8,179,167.5,90,73,-129.28,0,29,132.4927107
16440,90,87.6,179,167,90,73,-131.16,0,29,134.3277544
16460,90,87.4,179,166.5,90,73,-133.03,0,30,136.370748
16480,90,87.2,179,166,90,73,-134.89,0,31,138.4063297
16500,90,86,179,163,90,73,-145.84,0,38,150.7093414
16520,90,85.8,178.9,162.6,90,73,-147.62,0,39,152.6848532
16540,90,85.6,178.8,162.2,90,73,-149.38,0,40,154.6427638
16560,90,85.4,178.7,161.8,90,73,-151.13,0,41,156.5927102
16580,90,85.2,178.6,161.4,90,73,-152.86,0,43,158.7928827
16600,90,84,178,159,90,73,-162.98,0,51,170.7731841
16620,90,83.9,178,158.6,90,73,-164.23,0,52,172.2657624
16640,90,83.8,178,158.2,90,73,-165.47,0,53,173.7507436
16660,90,83.7,178,157.8,90,73,-166.71,0,54,175.2376218
16680,90,83.6,178,157.4,90,73,-167.94,0,55,176.7168458
16700,90,83,178,155,90,73,-175.16,0,61,185.4778305
16720,90,82.8,177.9,154.5,90,73,-176.95,0,63,187.8305154
16740,90,82.6,177.8,154,90,73,-178.71,0,65,190.1637823
16760,90,82.4,177.7,153.5,90,73,-180.46,0,67,192.4962639
16780,90,82.2,177.6,153,90,73,-182.17,0,69,194.7996635
16800,90,81,177,150,90,73,-191.96,0,81,208.3498059
16820,90,80.8,177,149.6,90,73,-193.06,0,82,209.7526248
16840,90,80.6,177,149.2,90,73,-194.14,0,84,211.5333061
16860,90,80.4,177,148.8,90,73,-195.21,0,86,213.314191
16880,90,80.2,177,148.4,90,73,-196.26,0,87,214.678801
16900,90,79,177,146,90,73,-202.25,0,97,224.3079635
16920,90,78.8,176.9,145.6,90,73,-203.37,0,99,226.1865533
16940,90,78.6,176.8,145.2,90,73,-204.47,0,101,228.0547761
16960,90,78.4,176.7,144.8,90,73,-205.54,0,103,229.9036572
16980,90,78.2,176.6,144.4,90,73,-206.6,0,105,231.7510734
17000,90,77,176,142,90,73,-212.41,0,118,242.9856129
17020,90,76.9,176,141.6,90,73,-213.15,0,120,244.607691
17040,90,76.8,176,141.2,90,73,-213.88,0,121,245.7349271
17060,90,76.7,176,140.8,90,73,-214.6,0,123,247.3502779
17080,90,76.6,176,140.4,90,73,-215.31,0,124,248.4640741
17100,90,76,176,138,90,73,-219.29,0,133,256.4704741
17120,90,75.8,175.9,137.5,90,73,-220.16,0,136,258.7787194
17140,90,75.6,175.8,137,90,73,-221,0,138,260.5475005
17160,90,75.4,175.7,136.5,90,73,-221.8,0,141,262.823591
17180,90,75.2,175.6,136,90,73,-222.57,0,143,264.5494375
17200,90,74,175,133,90,73,-226.45,0,160,277.2717124
17220,90,73.8,175,132.6,90,73,-226.79,0,162,278.7072014
17240,90,73.6,175,132.2,90,73,-227.11,0,164,280.1338111
17260,90,73.4,175,131.8,90,73,-227.41,0,166,281.5516082
17280,90,73.2,175,131.4,90,73,-227.69,0,168,282.9606618
17300,90,72,175,129,90,73,-228.96,0,180,291.2433374
17320,90,71.8,174.9,128.6,90,73,-229.13,0,182,292.6167406
17340,90,71.6,174.8,128.2,90,73,-229.27,0,185,294.6009723
17360,90,71.4,174.7,127.8,90,73,-229.39,0,187,295.9540034
17380,90,71.2,174.6,127.4,90,73,-229.47,0,190,297.9202593
17400,90,70,174,125,90,73,-229.37,0,205,307.6289923
17420,90,69.9,174,124.5,90,73,-229.47,0,207,309.0396106
17440,90,69.8,174,124,90,73,-229.54,0,209,310.4345528
17460,90,69.7,174,123.5,90,73,-229.6,0,211,311.828735
17480,90,69.6,174,123,90,73,-229.63,0,213,313.2074982
17500,90,69,174,120,90,73,-229.42,0,225,321.3386631
17520,90,68.8,173.9,119.6,90,73,-229.06,0,228,323.1910946
17540,90,68.6,173.8,119.2,90,73,-228.67,0,230,324.3300308
17560,90,68.4,173.7,118.8,90,73,-228.25,0,233,326.1702968
17580,90,68.2,173.6,118.4,90,73,-227.8,0,235,327.2886188
17600,90,67,173,116,90,73,-224.5,0,250,336.0063243
17620,90,66.8,173,115.6,90,73,-223.95,0,253,337.879568
17640,90,66.6,173,115.2,90,73,-223.37,0,255,338.9972816
17660,90,66.4,173,114.8,90,73,-222.78,0,257,340.1175215
17680,90,66.2,173,114.4,90,73,-222.16,0,259,341.2272932
17700,90,65,173,112,90,73,-218.03,0,271,347.8190347
17720,90,64.9,172.9,111.6,90,73,-217.4,0,273,348.9867619
17740,90,64.8,172.8,111.2,90,73,-216.75,0,275,350.1507711
17760,90,64.7,172.7,110.8,90,73,-216.07,0,277,351.3050596
17780,90,64.6,172.6,110.4,90,73,-215.38,0,279,352.4621177
17800,90,64,172,108,90,73,-210.79,0,292,360.1338975
17820,90,63.8,172,107.6,90,73,-209.83,0,294,361.1988772
17840,90,63.6,172,107.2,90,73,-208.84,0,296,362.2570159
17860,90,63.4,172,106.8,90,73,-207.84,0,298,363.3200595
17880,90,63.2,172,106.4,90,73,-206.81,0,300,364.3766953
17900,90,62,172,104,90,73,-200.25,0,311,369.8933123
17920,90,61.8,171.9,103.5,90,73,-198.76,0,314,371.6201523
17940,90,61.6,171.8,103,90,73,-197.23,0,316,372.4992254
17960,90,61.4,171.7,102.5,90,73,-195.66,0,319,374.2243119
17980,90,61.2,171.6,102,90,73,-194.06,0,322,375.9564916
18000,90,60,171,99,90,73,-183.75,0,337,383.8398918
18020,90,59.8,171,98.6,90,73,-182.34,0,338,384.0467102
18040,90,59.6,171,98.2,90,73,-180.91,0,340,385.1342988
18060,90,59.4,171,97.8,90,73,-179.47,0,342,386.2298291
18080,90,59.2,171,97.4,90,73,-178,0,344,387.3241536
18100,90,58,171,95,90,73,-168.85,0,354,392.2069894
18120,90,57.9,170.9,94.6,90,73,-167.39,0,355,392.4849196
18140,90,57.8,170.8,94.2,90,73,-165.91,0,357,393.6688051
18160,90,57.7,170.7,93.8,90,73,-164.41,0,359,394.8564905
18180,90,57.6,170.6,93.4,90,73,-162.9,0,360,395.1410002
18200,90,57,170,91,90,73,-153.48,0,370,400.5697323
18220,90,56.8,170,90.5,90,73,-151.51,0,372,401.6706114
18240,90,56.6,170,90,90,73,-149.52,0,374,402.7806232
18260,90,56.4,170,89.5,90,73,-147.51,0,375,402.9692297
18280,90,56.2,170,89,90,73,-145.49,0,377,404.0994186
18300,90,55,170,86,90,73,-132.91,0,386,408.2414336
18320,90,55.1,169.7,86,90,73,-132.34,0,387,409.0022929
18340,90,55.2,169.4,86,90,73,-131.76,0,388,409.7617571
18360,90,55.3,169.1,86,90,73,-131.18,0,389,410.5230717
18380,90,55.4,168.8,86,90,73,-130.6,0,389,410.3381045
18400,90,56,167,86,90,73,-127.06,0,393,413.0293496
18420,90,56.1,166.6,86,90,73,-126.11,0,394,413.6903819
18440,90,56.2,166.2,86,90,73,-125.15,0,395,414.3519307
18460,90,56.3,165.8,86,90,73,-124.19,0,396,415.0170552
18480,90,56.4,165.4,86,90,73,-123.22,0,397,415.6827738
18500,90,57,163,86,90,73,-117.32,0,403,419.7296539
18520,90,57.2,162.6,86,90,73,-116.81,0,404,420.5479474
18540,90,57.4,162.2,86,90,73,-116.3,0,404,420.406577
18560,90,57.6,161.8,86,90,73,-115.8,0,405,421.2299135
18580,90,57.8,161.4,86,90,73,-115.29,0,406,422.0518737
18600,90,59,159,86,90,73,-112.2,0,410,425.0750992
18620,90,59.2,158.6,86,90,73,-111.69,0,411,425.9056892
18640,90,59.4,158.2,86,90,73,-111.17,0,411,425.7696195
18660,90,59.6,157.8,86,90,73,-110.64,0,412,426.5972452
18680,90,59.8,157.4,86,90,73,-110.12,0,413,427.4288413
18700,90,61,155,86,90,73,-106.96,0,417,430.4990611
18720,90,61.2,154.6,86,90,73,-106.43,0,417,430.3676857
18740,90,61.4,154.2,86,90,73,-105.89,0,418,431.203771
18760,90,61.6,153.8,86,90,73,-105.36,0,419,432.0436663
18780,90,61.8,153.4,86,90,73,-104.82,0,419,431.9122971
18800,90,63,151,86,90,73,-101.58,0,423,435.0258572
18820,90,63.1,150.6,86.1,90,73,-100.79,0,424,435.8148966
18840,90,63.2,150.2,86.2,90,73,-99.99,0,424,435.6305776
18860,90,63.3,149.8,86.3,90,73,-99.2,0,425,436.4236932
18880,90,63.4,149.4,86.4,90,73,-98.4,0,426,437.2168341
18900,90,64,147,87,90,73,-93.56,0,429,439.0836749
18920,90,64.2,146.6,87,90,73,-93,0,430,439.9420416
18940,90,64.4,146.2,87,90,73,-92.44,0,430,439.824003
18960,90,64.6,145.8,87,90,73,-91.87,0,431,440.6825353
18980,90,64.8,145.4,87,90,73,-91.31,0,432,441.5444667
19000,90,66,143,87,90,73,-87.89,0,435,443.7900991
19020,90,66.2,142.6,87,90,73,-87.32,0,435,443.6775658
19040,90,66.4,142.2,87,90,73,-86.75,0,436,444.5464683
19060,90,66.6,141.8,87,90,73,-86.17,0,436,444.4336496
19080,90,66.8,141.4,87,90,73,-85.6,0,437,445.3047945
19100,90,68,139,87,90,73,-82.12,0,440,447.5976926
19120,90,68.2,138.6,87,90,73,-81.54,0,441,448.4749398
19140,90,68.4,138.2,87,90,73,-80.96,0,441,448.3698491
19160,90,68.6,137.8,87,90,73,-80.37,0,442,449.247523
19180,90,68.8,137.4,87,90,73,-79.79,0,442,449.144124
19200,90,70,135,87,90,73,-76.25,0,445,451.4853957
19220,90,70.1,134.6,87,90,73,-75.09,0,445,451.2909351
19240,90,70.2,134.2,87,90,73,-73.93,0,446,452.0858822
19260,90,70.3,133.8,87,90,73,-72.77,0,447,452.8846132
19280,90,70.4,133.4,87,90,73,-71.6,0,447,452.6980892
19300,90,71,131,87,90,73,-64.54,0,450,454.6046762
19320,90,71.2,130.6,87.1,90,73,-64.24,0,451,455.5521678
19340,90,71.4,130.2,87.2,90,73,-63.94,0,451,455.5099599
19360,90,71.6,129.8,87.3,90,73,-63.64,0,451,455.4679457
19380,90,71.8,129.4,87.4,90,73,-63.33,0,452,456.4150402
19400,90,73,127,88,90,73,-61.52,0,453,457.1582991
19420,90,73.2,126.6,88,90,73,-60.9,0,454,458.0663817
19440,90,73.4,126.2,88,90,73,-60.29,0,454,457.9856811
19460,90,73.6,125.8,88,90,73,-59.68,0,455,458.8972678
19480,90,73.8,125.4,88,90,73,-59.06,0,455,458.8170481
19500,90,75,123,88,90,73,-55.36,0,457,460.3408841
19520,90,75.1,122.7,88,90,73,-54.6,0,457,460.2501059
19540,90,75.2,122.4,88,90,73,-53.84,0,458,461.1537115
19560,90,75.3,122.1,88,90,73,-53.08,0,458,461.0655988
19580,90,75.4,121.8,88,90,73,-52.32,0,458,460.9787223
19600,90,76,120,88,90,73,-47.74,0,460,462.4706559
19620,90,76.2,119.6,88,90,73,-47.11,0,460,462.4060468
19640,90,76.4,119.2,88,90,73,-46.48,0,461,463.3372318
19660,90,76.6,118.8,88,90,73,-45.85,0,461,463.274457
19680,90,76.8,118.4,88,90,73,-45.22,0,461,463.2125305
19700,90,78,116,88,90,73,-41.44,0,463,464.8508079
19720,90,78.2,115.6,88,90,73,-40.81,0,463,464.7950689
19740,90,78.4,115.2,88,90,73,-40.17,0,463,464.7393128
19760,90,78.6,114.8,88,90,73,-39.54,0,464,465.6816634
19780,90,78.8,114.4,88,90,73,-38.91,0,464,465.6285946
19800,90,80,112,88,90,73,-35.09,0,465,466.3221077
19820,90,80.2,111.6,88.1,90,73,-34.77,0,465,466.2981374
19840,90,80.4,111.2,88.2,90,73,-34.46,0,466,467.2723955
19860,90,80.6,110.8,88.3,90,73,-34.14,0,466,467.2489054
19880,90,80.8,110.4,88.4,90,73,-33.82,0,466,467.2256333
19900,90,82,108,89,90,73,-31.91,0,467,468.0889318
19920,90,82.1,107.6,89,90,73,-30.67,0,467,468.0060351
19940,90,82.2,107.2,89,90,73,-29.42,0,467,467.9257809
19960,90,82.3,106.8,89,90,73,-28.18,0,467,467.8494548
