timestamp(s),s1,s2,s3,s4,s5,s6
0,90,90,90,90,90,73
10,90,90,90,90,90,73
20,90,90,90,90,90,73
30,90,90,90,90,90,73
40,90,90,90,90,90,73
50,90,90,90,90,90,73
60,90,90,90,90,90,73
70,90,90,90,90,90,73
80,90,90,90,90,90,73
90,90,90,90,90,90,73
100,90,90,90,90,90,73
110,90,90,90,90,90,73
120,90,90,90,90,90,73
130,90,90,90,90,90,73
140,90,90,90,90,90,73
150,90,90,90,90,90,73
160,90,90,90,90,90,73
170,90,90,90,90,90,73
180,90,90,90,90,90,73
190,90,90,90,90,90,73
200,90,90,90,90,90,73
210,90,90,91.1,90,90,72.2
220,90,90,92.2,90,90,71.4
230,90,90,93.3,90,90,70.6
240,90,90,94.4,90,90,69.8
250,90,90,95.5,90,90,69
260,90,90,96.6,90,90,68.2
270,90,90,97.7,90,90,67.4
280,90,90,98.8,90,90,66.6
290,90,90,99.9,90,90,65.8
300,90,90,101,90,90,65
310,90,90,102.4,90,90,64
320,90,90,103.8,90,90,63
330,90,90,105.2,90,90,62
340,90,90,106.6,90,90,61
350,90,90,108,90,90,60
360,90,90,109.4,90,90,59
370,90,90,110.8,90,90,58
380,90,90,112.2,90,90,57
390,90,90,113.6,90,90,56
400,90,90,115,90,90,55
410,90,90,116.4,90,90,54
420,90,90,117.8,90,90,53
430,90,90,119.2,90,90,52
440,90,90,119.2,90,90,51
450,90,90,119.2,90,90,50
460,90,90,119.2,90,90,49
470,90,90,119.2,90,90,48
480,90,90,119.2,90,90,47
490,90,90,119.2,90,90,46
500,90,90,119.2,90,90,45
510,90,90,119.2,90,90,44
520,90,90,119.2,127.6,90,43
530,90,90,119.2,128.9,90,42
540,90,90,119.2,130.2,90,41
550,90,90,119.2,131.5,90,40
560,90,90,137.4,132.8,90,39
570,90,90,138.8,134.1,90,38
580,90,90,140.2,135.4,90,37
590,90,90,141.6,136.7,90,36
600,90,90,143,138,90,35
610,90,90,144.4,139.3,90,34
620,90,90,145.8,140.6,90,33
630,90,90,147.2,141.9,90,32
640,90,90,148.6,143.2,90,31
650,90,90,150,144.5,90,30
660,90,90,151.4,145.8,90,29
670,90,90,152.8,147.1,90,28
680,90,90,152.8,148.4,90,27
690,90,90,152.8,149.7,90,26
700,90,90,152.8,151,90,25
710,90,90,152.8,152.2,90,24.1
720,90,90,152.8,153.4,90,23.2
730,90,90,152.8,154.6,90,22.3
740,90,90,152.8,155.8,90,21.4
750,90,90,152.8,157,90,20.5
760,90,90,152.8,158.2,90,19.6
770,90,90,152.8,159.4,90,18.7
780,90,90,168.2,160.6,90,17.8
790,90,90,169.6,161.8,90,16.9
800,90,90,171,163,90,16
810,90,90,171.9,163.9,90,15.4
820,90,90,172.8,164.8,90,14.8
830,90,90,173.7,165.7,90,14.2
840,90,90,174.6,166.6,90,13.6
850,90,90,175.5,167.5,90,13
860,90,90,176.4,168.4,90,12.4
870,90,90,177.3,169.3,90,11.8
880,90,90,178.2,170.2,90,11.2
890,90,90,179.1,171.1,90,10.6
900,90,90,180,172,90,10
910,90,90,180,172,90,10
920,90,90,180,172,90,10
930,90,90,180,172,90,10
940,90,90,180,172,90,10
950,90,90,180,172,90,10
960,90,90,180,172,90,10
970,90,90,180,172,90,10
980,90,90,180,172,90,10
990,90,90,180,172,90,10
1000,90,90,180,172,90,10
1010,90,90,180,172,90,10
1020,90,90,180,172,90,10
1030,90,90,180,172,90,10
1040,90,90,180,172,90,10
1050,90,90,180,172,90,10
1060,90,90,180,172,90,10
1070,90,90,180,172,90,10
1080,90,90,180,172,90,10
1090,90,90,180,172,90,10
1100,90,90,180,172,90,10
1110,90,90,180,172,90,10
1120,90,90,180,172,90,10
1130,90,90,180,172,90,10
1140,90,90,180,172,90,10
1150,90,90,180,172,90,10
1160,90,90,180,172,90,10
1170,90,90,180,172,90,10
1180,90,90,180,172,90,10
1190,90,90,180,172,90,10
1200,90,90,180,172,90,10
1210,90,90,180,172,90,10
1220,90,90,180,172,90,10
1230,90,90,180,172,90,10
1240,90,90,180,172,90,10
1250,90,90,180,172,90,10
1260,90,90,180,172,90,10
1270,90,90,180,172,90,10
1280,90,90,180,172,90,10
1290,90,90,180,172,90,10
1300,90,90,180,172,90,10
1310,90,90,180,172,90,10
1320,90,90,180,172,90,10
1330,90,90,180,172,90,10
1340,90,90,180,172,90,10
1350,90,90,180,172,90,10
1360,90,90,180,172,90,10
1370,90,90,180,172,90,10
1380,90,90,180,172,90,10
1390,90,90,180,172,90,10
1400,90,90,180,172,90,10
1410,90,90,180,172,90,10
1420,90,90,180,172,90,10
1430,90,90,180,172,90,10
1440,90,90,180,172,90,10
1450,90,90,180,172,90,10
1460,90,90,180,172,90,10
1470,90,90,180,172,90,10
1480,90,90,180,172,90,10
1490,90,90,180,172,90,10
1500,90,90,180,172,90,10
1510,90,90,180,172,90,10
1520,90,90,180,172,90,10
1530,90,90,180,172,90,10
1540,90,90,180,172,90,10
1550,90,90,180,172,90,10
1560,90,90,180,172,90,10
1570,90,90,180,172,90,10
1580,90,90,180,172,90,10
1590,90,90,180,172,90,10
1600,90,90,180,172,90,10
1610,90,90,180,172,90,10
1620,90,90,180,172,90,10
1630,90,90,180,172,90,10
1640,90,90,180,172,90,10
1650,90,90,180,172,90,10
1660,90,90,180,172,90,10
1670,90,90,180,172,90,10
1680,90,90,180,172,90,10
1690,90,90,180,172,90,10
1700,90,90,180,172,90,10
1710,90,90,180,172,90,10
1720,90,90,180,172,90,10
1730,90,90,180,172,90,10
1740,90,90,180,172,90,10
1750,90,90,180,172,90,10
1760,90,90,180,172,90,10
1770,90,90,180,172,90,10
1780,90,90,180,172,90,10
1790,90,90,180,172,90,10
1800,90,90,180,172,90,10
1810,90,90,180,172,90,10
1820,90,90,180,172,90,10
1830,90,90,180,172,90,10
1840,90,90,180,172,90,10
1850,90,90,180,172,90,10
1860,90,90,180,172,90,10
1870,90,90,180,172,90,10
1880,90,90,180,172,90,10
1890,90,90,180,172,90,10
1900,90,90,180,172,90,10
1910,90,90,180,172,90,10
1920,90,90,180,172,90,10
1930,90,90,180,172,90,10
1940,90,90,180,172,90,10
1950,90,90,180,172,90,10
1960,90,90,180,172,90,10
1970,90,90,180,172,90,10
1980,90,90,180,172,90,10
1990,90,90,180,172,90,10
2000,90,90,180,172,90,10
2010,90,90,180,172,90,10
2020,90,90,180,172,90,10
2030,90,90,180,172,90,10
2040,90,90,180,172,90,10
2050,90,90,180,172,90,10
2060,90,90,180,172,90,10
2070,90,90,180,172,90,10
2080,90,90,180,172,90,10
2090,90,90,180,172,90,10
2100,90,90,180,172,90,10
2110,90,90,180,172,90,10
2120,90,90,180,172,90,10
2130,90,90,180,172,90,10
2140,90,90,180,172,90,10
2150,90,90,180,172,90,10
2160,90,90,180,172,90,10
2170,90,90,180,172,90,10
2180,90,90,180,172,90,10
2190,90,90,180,172,90,10
2200,90,90,180,172,90,10
2210,90,90,180,172,90,10
2220,90,90,180,172,90,10
2230,90,90,180,172,90,10
2240,90,90,180,172,90,10
2250,90,90,180,172,90,10
2260,90,90,180,172,90,10
2270,90,90,180,172,90,10
2280,90,90,180,172,90,10
2290,90,90,180,172,90,10
2300,90,90,180,172,90,10
2310,90,90,180,172,90,10
2320,90,90,180,172,90,10
2330,90,90,180,172,90,10
2340,90,90,180,172,90,10
2350,90,90,180,172,90,10
2360,90,90,180,172,90,10
2370,90,90,180,172,90,10
2380,90,90,180,172,90,10
2390,90,90,180,172,90,10
2400,90,90,180,172,90,10
2410,90,90,180,172,90,10
2420,90,90,180,172,90,10
2430,90,90,180,172,90,10
2440,90,90,180,172,90,10
2450,90,90,180,172,90,10
2460,90,90,180,172,90,10
2470,90,90,180,172,90,10
2480,90,90,180,172,90,10
2490,90,90,180,172,90,10
2500,90,90,180,172,90,10
2510,90,90,180,172,90,10
2520,90,90,180,172,90,10
2530,90,90,180,172,90,10
2540,90,90,180,172,90,10
2550,90,90,180,172,90,10
2560,90,90,180,172,90,10
2570,90,90,180,172,90,10
2580,90,90,180,172,90,10
2590,90,90,180,172,90,10
2600,90,90,180,172,90,10
2610,90,90,180,172,90,10
2620,90,90,180,172,90,10
2630,90,90,180,172,90,10
2640,90,90,180,172,90,10
2650,90,90,180,172,90,10
2660,90,90,180,172,90,10
2670,90,90,180,172,90,10
2680,90,90,180,172,90,10
2690,90,90,180,172,90,10
2700,90,90,180,172,90,10
2710,90,90,180,172,90,10
2720,90,90,180,172,90,10
2730,90,90,180,172,90,10
2740,90,90,180,172,90,10
2750,90,90,180,172,90,10
2760,90,90,180,172,90,10
2770,90,90,180,172,90,10
2780,90,90,180,172,90,10
2790,90,90,180,172,90,10
2800,90,90,180,172,90,10
2810,90,90,180,172,90,10
2820,90,90,180,172,90,10
2830,90,90,180,172,90,10
2840,90,90,180,172,90,10
2850,90,90,180,172,90,10
2860,90,90,180,172,90,10
2870,90,90,180,172,90,10
2880,90,90,180,172,90,10
2890,90,90,180,172,90,10
2900,90,90,180,172,90,10
2910,90,90,180,172,90,10
2920,90,90,180,172,90,10
2930,90,90,180,172,90,10
2940,90,90,180,172,90,10
2950,90,90,180,172,90,10
2960,90,90,180,172,90,10
2970,90,90,180,172,90,10
2980,90,90,180,172,90,10
2990,90,90,180,172,90,10
3000,90,90,180,172,90,10
3010,90,90,180,172,90,10
3020,90,90,180,172,90,10
3030,90,90,180,172,90,10
3040,90,90,180,172,90,10
3050,90,90,180,172,90,10
3060,90,90,180,172,90,10
3070,90,90,180,172,90,10
3080,90,90,180,172,90,10
3090,90,90,180,172,90,10
3100,90,90,180,172,90,10
3110,90,90,180,172,90,10
3120,90,90,180,172,90,10
3130,90,90,180,172,90,10
3140,90,90,180,172,90,10
3150,90,90,180,172,90,10
3160,90,90,180,172,90,10
3170,90,90,180,172,90,10
3180,90,90,180,172,90,10
3190,90,90,180,172,90,10
3200,90,90,180,172,90,10
3210,90,90,180,172,90,10
3220,90,90,180,172,90,10
3230,90,90,180,172,90,10
3240,90,90,180,172,90,10
3250,90,90,180,172,90,10
3260,90,90,180,172,90,10
3270,90,90,180,172,90,10
3280,90,90,180,172,90,10
3290,90,90,180,172,90,10
3300,90,90,180,172,90,10
3310,90,90,180,172,90,10
3320,90,90,180,172,90,10
3330,90,90,180,172,90,10
3340,90,90,180,172,90,10
3350,90,90,180,172,90,10
3360,90,90,180,172,90,10
3370,90,90,180,172,90,10
3380,90,90,180,172,90,10
3390,90,90,180,172,90,10
3400,90,90,180,172,90,10
3410,90,90,180,172,90,10
3420,90,90,180,172,90,10
3430,90,90,180,172,90,10
3440,90,90,180,172,90,10
3450,90,90,180,172,90,10
3460,90,90,180,172,90,10
3470,90,90,180,172,90,10
3480,90,90,180,172,90,10
3490,90,90,180,172,90,10
3500,90,90,180,172,90,10
3510,90,90,180,172,90,10
3520,90,90,180,172,90,10
3530,90,90,180,172,90,10
3540,90,90,180,172,90,10
3550,90,90,180,172,90,10
3560,90,90,180,172,90,10
3570,90,90,180,172,90,10
3580,90,90,180,172,90,10
3590,90,90,180,172,90,10
3600,90,90,180,172,90,10
3610,90,90,180,172,90,10
3620,90,90,180,172,90,10
3630,90,90,180,172,90,10
3640,90,90,180,172,90,10
3650,90,90,180,172,90,10
3660,90,90,180,172,90,10
3670,90,90,180,172,90,10
3680,90,90,180,172,90,10
3690,90,90,180,172,90,10
3700,90,90,180,172,90,10
3710,90,90,180,172,90,10
3720,90,90,180,172,90,10
3730,90,90,180,172,90,10
3740,90,90,180,172,90,10
3750,90,90,180,172,90,10
3760,90,90,180,172,90,10
3770,90,90,180,172,90,10
3780,90,90,180,172,90,10
3790,90,90,180,172,90,10
3800,90,90,180,172,90,10
3810,90,90,180,172,90,10
3820,90,90,180,172,90,10
3830,90,90,180,172,90,10
3840,90,90,180,172,90,10
3850,90,90,180,172,90,10
3860,90,90,180,172,90,10
3870,90,90,180,172,90,10
3880,90,90,180,172,90,10
3890,90,90,180,172,90,10
3900,90,90,180,172,90,10
3910,90,90,180,172,90,10
3920,90,90,180,172,90,10
3930,90,90,180,172,90,10
3940,90,90,180,172,90,10
3950,90,90,180,172,90,10
3960,90,90,180,172,90,10
3970,90,90,180,172,90,10
3980,90,90,180,172,90,10
3990,90,90,180,172,90,10
4000,90,90,180,172,90,10
4010,90,90,180,172,90,10
4020,90,90,180,172,90,10
4030,90,90,180,172,90,10
4040,90,90,180,172,90,10
4050,90,90,180,172,90,10
4060,90,90,180,172,90,10
4070,90,90,180,172,90,10
4080,90,90,180,172,90,10
4090,90,90,180,172,90,10
4100,90,90,180,172,90,10
4110,90,90,180,172,90,10
4120,90,90,180,172,90,10
4130,90,90,180,172,90,10
4140,90,90,180,172,90,10
4150,90,90,180,172,90,10
4160,90,90,180,172,90,10
4170,90,90,180,172,90,10
4180,90,90,180,172,90,10
4190,90,90,180,172,90,10
4200,90,90,180,172,90,10
4210,90,89.7,179.9,171.4,90,10
4220,90,89.4,179.8,170.8,90,10
4230,90,89.1,179.7,170.2,90,10
4240,90,88.8,179.6,169.6,90,10
4250,90,88.5,179.5,169,90,10
4260,90,88.2,179.4,168.4,90,10
4270,90,87.9,179.3,167.8,90,10
4280,90,87.6,179.2,167.2,90,10
4290,90,87.3,179.1,166.6,90,10
4300,90,87,179,166,90,10
4310,90,86.2,178.7,164,90,10
4320,90,85.4,178.4,162,90,10
4330,90,84.6,178.1,160,90,10
4340,90,83.8,177.8,158,90,10
4350,90,83,177.5,156,90,10
4360,90,82.2,177.2,154,90,10
4370,90,81.4,176.9,152,90,10
4380,90,80.6,176.6,150,90,10
4390,90,79.8,176.3,148,90,10
4400,90,79,176,146,90,10
4410,90,78.2,175.8,144,90,10
4420,90,77.4,175.6,142,90,10
4430,90,76.6,175.4,140,90,10
4440,90,75.8,175.2,138,90,10
4450,90,75,175,136,90,10
4460,90,74.2,174.8,134,90,10
4470,90,73.4,174.6,132,90,10
4480,90,72.6,174.4,130,90,10
4490,90,71.8,174.2,128,90,10
4500,90,71,174,126,90,10
4510,90,70.2,173.8,124,90,10
4520,90,69.4,173.6,122,90,10
4530,90,68.6,173.4,120,90,10
4540,90,67.8,173.2,118,90,10
4550,90,67.8,173,116,90,10
4560,90,67.8,172.8,114,90,10
4570,90,67.8,172.6,112,90,10
4580,90,67.8,172.4,110,90,10
4590,90,67.8,172.2,108,90,10
4600,90,67.8,172,106,90,10
4610,90,67.8,171.8,104,90,10
4620,90,67.8,171.6,102,90,10
4630,90,67.8,171.4,100,90,10
4640,90,67.8,171.2,100,90,10
4650,90,67.8,171,100,90,10
4660,90,67.8,170.8,100,90,10
4670,90,67.8,170.6,100,90,10
4680,90,67.8,170.4,100,90,10
4690,90,67.8,170.2,100,90,10
4700,90,67.8,170,100,90,10
4710,90,67.8,170,100,90,10
4720,90,55,170,100,90,10
4730,90,55,170,100,90,10
4740,90,55,170,100,90,10
4750,90,55,170,100,90,10
4760,90,55,170,100,90,10
4770,90,55,170,100,90,10
4780,90,55,170,100,90,10
4790,90,55,170,100,90,10
4800,90,55,170,100,90,10
4810,90,55,170,100,90,10
4820,90,55,170,100,90,10
4830,90,55,170,100,90,10
4840,90,55,170,100,90,10
4850,90,55,170,100,90,10
4860,90,55,170,100,90,10
4870,90,55,170,100,90,10
4880,90,55,170,100,90,10
4890,90,55,170,100,90,10
4900,90,55,170,100,90,10
4910,90,55,170,100,90,10
4920,90,55,170,100,90,10
4930,90,55,170,100,90,10
4940,90,55,170,100,90,10
4950,90,55,170,100,90,10
4960,90,55,170,100,90,10
4970,90,55,170,100,90,10
4980,90,55,170,100,90,10
4990,90,55,170,100,90,10
5000,90,55,170,100,90,10
5010,90,55,170,100,90,10
5020,90,55,170,100,90,10
5030,90,55,170,100,90,10
5040,90,55,170,100,90,10
5050,90,55,170,100,90,10
5060,90,55,170,100,90,10
5070,90,55,170,100,90,10
5080,90,55,170,100,90,10
5090,90,55,170,100,90,10
5100,90,55,170,100,90,10
5110,90,55,170,100,90,10
5120,90,55,170,100,90,10
5130,90,55,170,100,90,10
5140,90,55,170,100,90,10
5150,90,55,170,100,90,10
5160,90,55,170,100,90,10
5170,90,55,170,100,90,10
5180,90,55,170,100,90,10
5190,90,55,170,100,90,10
5200,90,55,170,100,90,10
5210,90,55,170,100,90,10
5220,90,55,170,100,90,10
5230,90,55,170,100,90,10
5240,90,55,170,100,90,10
5250,90,55,170,100,90,10
5260,90,55,170,100,90,10
5270,90,55,170,100,90,10
5280,90,55,170,100,90,10
5290,90,55,170,100,90,10
5300,90,55,170,100,90,10
5310,90,55,170,100,90,10
5320,90,55,170,100,90,10
5330,90,55,170,100,90,10
5340,90,55,170,100,90,10
5350,90,55,170,100,90,10
5360,90,55,170,100,90,10
5370,90,55,170,100,90,10
5380,90,55,170,100,90,10
5390,90,55,170,100,90,10
5400,90,55,170,100,90,10
5410,90,55,170,100,90,10
5420,90,55,170,100,90,10
5430,90,55,170,100,90,10
5440,90,55,170,100,90,10
5450,90,55,170,100,90,10
5460,90,55,170,100,90,10
5470,90,55,170,100,90,10
5480,90,55,170,100,90,10
5490,90,55,170,100,90,10
5500,90,55,170,100,90,10
5510,90,55,170,100,90,10
5520,90,55,170,100,90,10
5530,90,55,170,100,90,10
5540,90,55,170,100,90,10
5550,90,55,170,100,90,10
5560,90,55,170,100,90,10
5570,90,55,170,100,90,10
5580,90,55,170,100,90,10
5590,90,55,170,100,90,10
5600,90,55,170,100,90,10
5610,90,55,170,100,90,10
5620,90,55,170,100,90,10
5630,90,55,170,100,90,10
5640,90,55,170,100,90,10
5650,90,55,170,100,90,10
5660,90,55,170,100,90,10
5670,90,55,170,100,90,10
5680,90,55,170,100,90,10
5690,90,55,170,100,90,10
5700,90,55,170,100,90,10
5710,90,55,170,100,90,10
5720,90,55,170,100,90,10
5730,90,55,170,100,90,10
5740,90,55,170,100,90,10
5750,90,55,170,100,90,10
5760,90,55,170,100,90,10
5770,90,55,170,100,90,10
5780,90,55,170,100,90,10
5790,90,55,170,100,90,10
5800,90,55,170,100,90,10
5810,90,55,170,100,90,10
5820,90,55,170,100,90,10
5830,90,55,170,100,90,10
5840,90,55,170,100,90,10
5850,90,55,170,100,90,10
5860,90,55,170,100,90,10
5870,90,55,170,100,90,10
5880,90,55,170,100,90,10
5890,90,55,170,100,90,10
5900,90,55,170,100,90,10
5910,90,55,170,100,90,10
5920,90,55,170,100,90,10
5930,90,55,170,100,90,10
5940,90,55,170,100,90,10
5950,90,55,170,100,90,10
5960,90,55,170,100,90,10
5970,90,55,170,100,90,10
5980,90,55,170,100,90,10
5990,90,55,170,100,90,10
6000,90,55,170,100,90,10
6010,90,55,170,86,90,10
6020,90,55,170,86,90,10
6030,90,55,170,86,90,10
6040,90,55,170,86,90,10
6050,90,55,170,86,90,10
6060,90,55,170,86,90,10
6070,90,55,170,86,90,10
6080,90,55,170,86,90,10
6090,90,55,170,86,90,10
6100,90,55,170,86,90,10
6110,90,55,170,86,90,10
6120,90,55,170,86,90,10
6130,90,55,170,86,90,10
6140,90,55,170,86,90,10
6150,90,55,170,86,90,10
6160,90,55,170,86,90,10
6170,90,55,170,86,90,10
6180,90,55,170,86,90,10
6190,90,55,170,86,90,10
6200,90,55,170,86,90,10
6210,90,55,170,86,90,10
6220,90,55,170,86,90,10
6230,90,55,170,86,90,10
6240,90,55,170,86,90,10
6250,90,55,170,86,90,10
6260,90,55,170,86,90,10
6270,90,55,170,86,90,10
6280,90,55,170,86,90,10
6290,90,55,170,86,90,10
6300,90,55,170,86,90,10
6310,90,55,170,86,90,10
6320,90,55,170,86,90,10
6330,90,55,170,86,90,10
6340,90,55,170,86,90,10
6350,90,55,170,86,90,10
6360,90,55,170,86,90,10
6370,90,55,170,86,90,10
6380,90,55,170,86,90,10
6390,90,55,170,86,90,10
6400,90,55,170,86,90,10
6410,90,55,170,86,90,10
6420,90,55,170,86,90,10
6430,90,55,170,86,90,10
6440,90,55,170,86,90,10
6450,90,55,170,86,90,10
6460,90,55,170,86,90,10
6470,90,55,170,86,90,10
6480,90,55,170,86,90,10
6490,90,55,170,86,90,10
6500,90,55,170,86,90,10
6510,90,55,170,86,90,10
6520,90,55,170,86,90,10
6530,90,55,170,86,90,10
6540,90,55,170,86,90,10
6550,90,55,170,86,90,10
6560,90,55,170,86,90,10
6570,90,55,170,86,90,10
6580,90,55,170,86,90,10
6590,90,55,170,86,90,10
6600,90,55,170,86,90,10
6610,90,55,170,86,90,10
6620,90,55,170,86,90,10
6630,90,55,170,86,90,10
6640,90,55,170,86,90,10
6650,90,55,170,86,90,10
6660,90,55,170,86,90,10
6670,90,55,170,86,90,10
6680,90,55,170,86,90,10
6690,90,55,170,86,90,10
6700,90,55,170,86,90,10
6710,90,55,170,86,90,10
6720,90,55,170,86,90,10
6730,90,55,170,86,90,10
6740,90,55,170,86,90,10
6750,90,55,170,86,90,10
6760,90,55,170,86,90,10
6770,90,55,170,86,90,10
6780,90,55,170,86,90,10
6790,90,55,170,86,90,10
6800,90,55,170,86,90,10
6810,90,55,170,86,90,10
6820,90,55,170,86,90,10
6830,90,55,170,86,90,10
6840,90,55,170,86,90,10
6850,90,55,170,86,90,10
6860,90,55,170,86,90,10
6870,90,55,170,86,90,10
6880,90,55,170,86,90,10
6890,90,55,170,86,90,10
6900,90,55,170,86,90,10
6910,90,55,170,86,90,10
6920,90,55,170,86,90,10
6930,90,55,170,86,90,10
6940,90,55,170,86,90,10
6950,90,55,170,86,90,10
6960,90,55,170,86,90,10
6970,90,55,170,86,90,10
6980,90,55,170,86,90,10
6990,90,55,170,86,90,10
7000,90,55,170,86,90,10
7010,90,55,170,86,90,10
7020,90,55,170,86,90,10
7030,90,55,170,86,90,10
7040,90,55,170,86,90,10
7050,90,55,170,86,90,10
7060,90,55,170,86,90,10
7070,90,55,170,86,90,10
7080,90,55,170,86,90,10
7090,90,55,170,86,90,10
7100,90,55,170,86,90,10
7110,90,55,170,86,90,10
7120,90,55,170,86,90,10
7130,90,55,170,86,90,10
7140,90,55,170,86,90,10
7150,90,55,170,86,90,10
7160,90,55,170,86,90,10
7170,90,55,170,86,90,10
7180,90,55,170,86,90,10
7190,90,55,170,86,90,10
7200,90,55,170,86,90,10
7210,90,55,170,86,90,10
7220,90,55,170,86,90,10
7230,90,55,170,86,90,10
7240,90,55,170,86,90,10
7250,90,55,170,86,90,10
7260,90,55,170,86,90,10
7270,90,55,170,86,90,10
7280,90,55,170,86,90,10
7290,90,55,170,86,90,10
7300,90,55,170,86,90,10
7310,90,55,170,86,90,10
7320,90,55,170,86,90,10
7330,90,55,170,86,90,10
7340,90,55,170,86,90,10
7350,90,55,170,86,90,10
7360,90,55,170,86,90,10
7370,90,55,170,86,90,10
7380,90,55,170,86,90,10
7390,90,55,170,86,90,10
7400,90,55,170,86,90,10
7410,90,55,170,86,90,10
7420,90,55,170,86,90,10
7430,90,55,170,86,90,10
7440,90,55,170,86,90,10
7450,90,55,170,86,90,10
7460,90,55,170,86,90,10
7470,90,55,170,86,90,10
7480,90,55,170,86,90,10
7490,90,55,170,86,90,10
7500,90,55,170,86,90,10
7510,90,55,170,86,90,10
7520,90,55,170,86,90,10
7530,90,55,170,86,90,10
7540,90,55,170,86,90,10
7550,90,55,170,86,90,10
7560,90,55,170,86,90,10
7570,90,55,170,86,90,10
7580,90,55,170,86,90,10
7590,90,55,170,86,90,10
7600,90,55,170,86,90,10
7610,90,55,170,86,90,10
7620,90,55,170,86,90,10
7630,90,55,170,86,90,10
7640,90,55,170,86,90,10
7650,90,55,170,86,90,10
7660,90,55,170,86,90,10
7670,90,55,170,86,90,10
7680,90,55,170,86,90,10
7690,90,55,170,86,90,10
7700,90,55,170,86,90,10
7710,90,55,170,86,90,10
7720,90,55,170,86,90,10
7730,90,55,170,86,90,10
7740,90,55,170,86,90,10
7750,90,55,170,86,90,10
7760,90,55,170,86,90,10
7770,90,55,170,86,90,10
7780,90,55,170,86,90,10
7790,90,55,170,86,90,10
7800,90,55,170,86,90,10
7810,90,55,170,86,90,10
7820,90,55,170,86,90,10
7830,90,55,170,86,90,10
7840,90,55,170,86,90,10
7850,90,55,170,86,90,10
7860,90,55,170,86,90,10
7870,90,55,170,86,90,10
7880,90,55,170,86,90,10
7890,90,55,170,86,90,10
7900,90,55,170,86,90,10
7910,90,55,170,86,90,10
7920,90,55,170,86,90,10
7930,90,55,170,86,90,10
7940,90,55,170,86,90,10
7950,90,55,170,86,90,10
7960,90,55,170,86,90,10
7970,90,55,170,86,90,10
7980,90,55,170,86,90,10
7990,90,55,170,86,90,10
8000,90,55,170,86,90,10
8010,90,55,170,86,90,10
8020,90,55,170,86,90,10
8030,90,55,170,86,90,10
8040,90,55,170,86,90,10
8050,90,55,170,86,90,10
8060,90,55,170,86,90,10
8070,90,55,170,86,90,10
8080,90,55,170,86,90,10
8090,90,55,170,86,90,10
8100,90,55,170,86,90,10
8110,90,55,170,86,90,10
8120,90,55,170,86,90,10
8130,90,55,170,86,90,10
8140,90,55,170,86,90,10
8150,90,55,170,86,90,10
8160,90,55,170,86,90,10
8170,90,55,170,86,90,10
8180,90,55,170,86,90,10
8190,90,55,170,86,90,10
8200,90,55,170,86,90,10
8210,90,55,170,86,90,10
8220,90,55,170,86,90,10
8230,90,55,170,86,90,10
8240,90,55,170,86,90,10
8250,90,55,170,86,90,10
8260,90,55,170,86,90,10
8270,90,55,170,86,90,10
8280,90,55,170,86,90,10
8290,90,55,170,86,90,10
8300,90,55,170,86,90,10
8310,89.2,55.2,169.3,86,90,10.2
8320,88.4,55.4,168.6,86,90,10.4
8330,87.6,55.6,167.9,86,90,10.6
8340,86.8,55.8,167.2,86,90,10.8
8350,86,56,166.5,86,90,11
8360,85.2,56.2,165.8,86,90,11.2
8370,84.4,56.4,165.1,86,90,11.4
8380,83.6,56.6,164.4,86,90,11.6
8390,82.8,56.8,163.7,86,90,11.8
8400,82,57,163,86,90,12
8410,80.6,57.6,161.8,86,90,12.5
8420,79.2,58.2,160.6,86,90,13
8430,77.8,58.8,159.4,86,90,13.5
8440,76.4,59.4,158.2,86,90,14
8450,75,60,157,86,90,14.5
8460,73.6,60.6,155.8,86,90,15
8470,72.2,61.2,154.6,86,90,15.5
8480,70.8,61.8,153.4,86,90,16
8490,69.4,62.4,152.2,86,90,16.5
8500,68,63,151,86,90,17
8510,66.6,63.5,149.7,86.1,90,17.5
8520,65.2,64,148.4,86.2,90,18
8530,63.8,64.5,147.1,86.3,90,18.5
8540,62.4,65,145.8,86.4,90,19
8550,61,65.5,144.5,86.5,90,19.5
8560,59.6,66,143.2,86.6,90,20
8570,58.2,66.5,141.9,86.7,90,20.5
8580,56.8,67,140.6,86.8,90,21
8590,55.4,67.5,139.3,86.9,90,21.5
8600,54,68,138,87,90,22
8610,52.6,68.6,136.8,87.1,90,22.5
8620,51.2,69.2,135.6,87.2,90,23
8630,49.8,69.8,134.4,87.3,90,23.5
8640,48.4,70.4,133.2,87.4,90,24
8650,47,71,132,87.5,90,24.5
8660,45.6,71.6,130.8,87.6,90,25
8670,44.2,72.2,129.6,87.7,90,25.5
8680,42.8,72.8,128.4,87.8,90,26
8690,41.4,73.4,127.2,87.9,90,26.5
8700,40,74,126,88,90,27
8710,38.6,74.5,124.7,88,90,27.6
8720,37.2,75,123.4,88,90,28.2
8730,35.8,75.5,122.1,88,90,28.8
8740,34.4,76,120.8,88,90,29.4
8750,33,76.5,119.5,88,90,30
8760,31.6,77,118.2,88,90,30.6
8770,30.2,77.5,116.9,88,90,31.2
8780,28.8,78,115.6,88,90,31.8
8790,27.4,78.5,114.3,88,90,32.4
8800,26,79,113,88,90,33
8810,24.6,79.5,111.8,88.1,90,33.5
8820,23.2,80,110.6,88.2,90,34
8830,21.8,80.5,109.4,88.3,90,34.5
8840,20.4,81,108.2,88.4,90,35
8850,19,81.5,107,88.5,90,35.5
8860,17.6,82,105.8,88.6,90,36
8870,16.2,82.5,104.6,88.7,90,36.5
8880,14.8,83,103.4,88.8,90,37
8890,13.4,83.5,102.2,88.9,90,37.5
8900,12,84,101,89,90,38
8910,10.8,84.6,99.9,89.1,90,38.5
8920,9.6,85.2,98.8,89.2,90,39
8930,8.4,85.8,97.7,89.3,90,39.5
8940,7.2,86.4,96.6,89.4,90,40
8950,6,87,95.5,89.5,90,40.5
8960,4.8,87.6,94.4,89.6,90,41
8970,3.6,88.2,93.3,89.7,90,41.5
8980,2.4,88.8,92.2,89.8,90,42
8990,1.2,89.4,91.1,89.9,90,42.5
9000,0,90,90,90,90,43
9010,0,90,90,90,90,43
9020,0,90,90,90,90,43
9030,0,90,90,90,90,43
9040,0,90,90,90,90,43
9050,0,90,90,90,90,43
9060,0,90,90,90,90,43
9070,0,90,90,90,90,43
9080,0,90,90,90,90,43
9090,0,90,90,90,90,43
9100,0,90,90,90,90,43
9110,0,90,90,90,90,43
9120,0,90,90,90,90,43
9130,0,90,90,90,90,43
9140,0,90,90,90,90,43
9150,0,90,90,90,90,43
9160,0,90,90,90,90,43
9170,0,90,90,90,90,43
9180,0,90,90,90,90,43
9190,0,90,90,90,90,43
9200,0,90,90,90,90,43
9210,0,90,90,90,90,43
9220,0,90,90,90,90,43
9230,0,90,90,90,90,43
9240,0,90,90,90,90,43
9250,0,90,90,90,90,43
9260,0,90,90,90,90,43
9270,0,90,90,90,90,43
9280,0,90,90,90,90,43
9290,0,90,90,90,90,43
9300,0,90,90,90,90,43
9310,0,90,90,90,90,43
9320,0,90,90,90,90,43
9330,0,90,90,90,90,43
9340,0,90,90,90,90,43
9350,0,90,90,90,90,43
9360,0,90,90,90,90,43
9370,0,90,90,90,90,43
9380,0,90,90,90,90,43
9390,0,90,90,90,90,43
9400,0,90,90,90,90,43
9410,0,90,90,90,90,43
9420,0,90,90,90,90,43
9430,0,90,90,90,90,43
9440,0,90,90,90,90,43
9450,0,90,90,90,90,43
9460,0,90,90,90,90,43
9470,0,90,90,90,90,43
9480,0,90,90,90,90,43
9490,0,90,90,90,90,43
9500,0,90,90,90,90,43
9510,0,90,90,90,90,43
9520,0,90,90,90,90,43
9530,0,90,90,90,90,43
9540,0,90,90,90,90,43
9550,0,90,90,90,90,43
9560,0,90,90,90,90,43
9570,0,90,90,90,90,43
9580,0,90,90,90,90,43
9590,0,90,90,90,90,43
9600,0,90,90,90,90,43
9610,0,90,90,90,90,43
9620,0,90,90,90,90,43
9630,0,90,90,90,90,43
9640,0,90,90,90,90,43
9650,0,90,90,90,90,43
9660,0,90,90,90,90,43
9670,0,90,90,90,90,43
9680,0,90,90,90,90,43
9690,0,90,90,90,90,43
9700,0,90,90,90,90,43
9710,0,90,90,90,90,43
9720,0,90,90,90,90,43
9730,0,90,90,90,90,43
9740,0,90,90,90,90,43
9750,0,90,90,90,90,43
9760,0,90,90,90,90,43
9770,0,90,90,90,90,43
9780,0,90,90,90,90,43
9790,0,90,90,90,90,43
9800,0,90,90,90,90,43
9810,0,90,90,90,90,43
9820,0,90,90,90,90,43
9830,0,90,90,90,90,43
9840,0,90,90,90,90,43
9850,0,90,90,90,90,43
9860,0,90,90,90,90,43
9870,0,90,90,90,90,43
9880,0,90,90,90,90,43
9890,0,90,90,90,90,43
9900,0,90,90,90,90,43
9910,0,90,90,90,90,43
9920,0,90,90,90,90,43
9930,0,90,90,90,90,43
9940,0,90,90,90,90,43
9950,0,90,90,90,90,43
9960,0,90,90,90,90,43
9970,0,90,90,90,90,43
9980,0,90,90,90,90,43
9990,0,90,90,90,90,43
10000,0,90,90,90,90,43
10010,0,90,90,90,90,43
10020,0,90,90,90,90,43
10030,0,90,90,90,90,43
10040,0,90,90,90,90,43
10050,0,90,90,90,90,43
10060,0,90,90,90,90,43
10070,0,90,90,90,90,43
10080,0,90,90,90,90,43
10090,0,90,90,90,90,43
10100,0,90,90,90,90,43
10110,0,90,90,90,90,43
10120,0,90,90,90,90,43
10130,0,90,90,90,90,43
10140,0,90,90,90,90,43
10150,0,90,90,90,90,43
10160,0,90,90,90,90,43
10170,0,90,90,90,90,43
10180,0,90,90,90,90,43
10190,0,90,90,90,90,43
10200,0,90,90,90,90,43
10210,0,90,90,90,90,43
10220,0,90,90,90,90,43
10230,0,90,90,90,90,43
10240,0,90,90,90,90,43
10250,0,90,90,90,90,43
10260,0,90,90,90,90,43
10270,0,90,90,90,90,43
10280,0,90,90,90,90,43
10290,0,90,90,90,90,43
10300,0,90,90,90,90,43
10310,0,90,90,90,90,43
10320,0,90,90,90,90,43
10330,0,90,90,90,90,43
10340,0,90,90,90,90,43
10350,0,90,90,90,90,43
10360,0,90,90,90,90,43
10370,0,90,90,90,90,43
10380,0,90,90,90,90,43
10390,0,90,90,90,90,43
10400,0,90,90,90,90,43
10410,0,90,90,90,90,43
10420,0,90,90,90,90,43
10430,0,90,90,90,90,43
10440,0,90,90,90,90,43
10450,0,90,90,90,90,43
10460,0,90,90,90,90,43
10470,0,90,90,90,90,43
10480,0,90,90,90,90,43
10490,0,90,90,90,90,43
10500,0,90,90,90,90,43
10510,0,90,90,90,90,43
10520,0,90,90,90,90,43
10530,0,90,90,90,90,43
10540,0,90,90,90,90,43
10550,0,90,90,90,90,43
10560,0,90,90,90,90,43
10570,0,90,90,90,90,43
10580,0,90,90,90,90,43
10590,0,90,90,90,90,43
10600,0,90,90,90,90,43
10610,0,90,90,90,90,43
10620,0,90,90,90,90,43
10630,0,90,90,90,90,43
10640,0,90,90,90,90,43
10650,0,90,90,90,90,43
10660,0,90,90,90,90,43
10670,0,90,90,90,90,43
10680,0,90,90,90,90,43
10690,0,90,90,90,90,43
10700,0,90,90,90,90,43
10710,0,90,90,90,90,43
10720,0,90,90,90,90,43
10730,0,90,90,90,90,43
10740,0,90,90,90,90,43
10750,0,90,90,90,90,43
10760,0,90,90,90,90,43
10770,0,90,90,90,90,43
10780,0,90,90,90,90,43
10790,0,90,90,90,90,43
10800,0,90,90,90,90,43
10810,0,90,90,90,90,43
10820,0,90,90,90,90,43
10830,0,90,90,90,90,43
10840,0,90,90,90,90,43
10850,0,90,90,90,90,43
10860,0,90,90,90,90,43
10870,0,90,90,90,90,43
10880,0,90,90,90,90,43
10890,0,90,90,90,90,43
10900,0,90,90,90,90,43
10910,0,90,90,90,90,43
10920,0,90,90,90,90,43
10930,0,90,90,90,90,43
10940,0,90,90,90,90,43
10950,0,90,90,90,90,43
10960,0,90,90,90,90,43
10970,0,90,90,90,90,43
10980,0,90,90,90,90,43
10990,0,90,90,90,90,43
11000,0,90,90,90,90,43
11010,0,90,90,90,90,43
11020,0,90,90,90,90,43
11030,0,90,90,90,90,43
11040,0,90,90,90,90,43
11050,0,90,90,90,90,43
11060,0,90,90,90,90,43
11070,0,90,90,90,90,43
11080,0,90,90,90,90,43
11090,0,90,90,90,90,43
11100,0,90,90,90,90,43
11110,0,90,90,90,90,43
11120,0,90,90,90,90,43
11130,0,90,90,90,90,43
11140,0,90,90,90,90,43
11150,0,90,90,90,90,43
11160,0,90,90,90,90,43
11170,0,90,90,90,90,43
11180,0,90,90,90,90,43
11190,0,90,90,90,90,43
11200,0,90,90,90,90,43
11210,0,90,90,90,90,43
11220,0,90,90,90,90,43
11230,0,90,90,90,90,43
11240,0,90,90,90,90,43
11250,0,90,90,90,90,43
11260,0,90,90,90,90,43
11270,0,90,90,90,90,43
11280,0,90,90,90,90,43
11290,0,90,90,90,90,43
11300,0,90,90,90,90,43
11310,0,90,90,90,90,43
11320,0,90,90,90,90,43
11330,0,90,90,90,90,43
11340,0,90,90,90,90,43
11350,0,90,90,90,90,43
11360,0,90,90,90,90,43
11370,0,90,90,90,90,43
11380,0,90,90,90,90,43
11390,0,90,90,90,90,43
11400,0,90,90,90,90,43
11410,0,90,90,90,90,43
11420,0,90,90,90,90,43
11430,0,90,90,90,90,43
11440,0,90,90,90,90,43
11450,0,90,90,90,90,43
11460,0,90,90,90,90,43
11470,0,90,90,90,90,43
11480,0,90,90,90,90,43
11490,0,90,90,90,90,43
11500,0,90,90,90,90,43
11510,0,90,90,90,90,43
11520,0,90,90,90,90,43
11530,0,90,90,90,90,43
11540,0,90,90,90,90,43
11550,0,90,90,90,90,43
11560,0,90,90,90,90,43
11570,0,90,90,90,90,43
11580,0,90,90,90,90,43
11590,0,90,90,90,90,43
11600,0,90,90,90,90,43
11610,0,90,90,90,90,43
11620,0,90,90,90,90,43
11630,0,90,90,90,90,43
11640,0,90,90,90,90,43
11650,0,90,90,90,90,43
11660,0,90,90,90,90,43
11670,0,90,90,90,90,43
11680,0,90,90,90,90,43
11690,0,90,90,90,90,43
11700,0,90,90,90,90,43
11710,0,90,90,90,90,43
11720,0,90,90,90,90,43
11730,0,90,90,90,90,43
11740,0,90,90,90,90,43
11750,0,90,90,90,90,43
11760,0,90,90,90,90,43
11770,0,90,90,90,90,43
11780,0,90,90,90,90,43
11790,0,90,90,90,90,43
11800,0,90,90,90,90,43
11810,0,90,90,90,90,43
11820,0,90,90,90,90,43
11830,0,90,90,90,90,43
11840,0,90,90,90,90,43
11850,0,90,90,90,90,43
11860,0,90,90,90,90,43
11870,0,90,90,90,90,43
11880,0,90,90,90,90,43
11890,0,90,90,90,90,43
11900,0,90,90,90,90,43
11910,0,90,90,90,90,43
11920,0,90,90,90,90,43
11930,0,90,90,90,90,43
11940,0,90,90,90,90,43
11950,0,90,90,90,90,43
11960,0,90,90,90,90,43
11970,0,90,90,90,90,43
11980,0,90,90,90,90,43
11990,0,90,90,90,90,43
12000,0,90,90,90,90,43
12010,0,90,90,90,90,43
12020,0,90,90,90,90,43
12030,0,90,90,90,90,43
12040,0,90,90,90,90,43
12050,0,90,90,90,90,43
12060,0,90,90,90,90,43
12070,0,90,90,90,90,43
12080,0,90,90,90,90,43
12090,0,90,90,90,90,43
12100,0,90,90,90,90,43
12110,0,90,90,90,90,43
12120,0,90,90,90,90,43
12130,0,90,90,90,90,43
12140,0,90,90,90,90,43
12150,0,90,90,90,90,43
12160,0,90,90,90,90,43
12170,0,90,90,90,90,43
12180,0,90,90,90,90,43
12190,0,90,90,90,90,43
12200,0,90,90,90,90,43
12210,0,90,90,90,90,43
12220,0,90,90,90,90,43
12230,0,90,90,90,90,43
12240,0,90,90,90,90,43
12250,0,90,90,90,90,43
12260,0,90,90,90,90,43
12270,0,90,90,90,90,43
12280,0,90,90,90,90,43
12290,0,90,90,90,90,43
12300,0,90,90,90,90,43
12310,0,90,90,90,90,43
12320,0,90,90,90,90,43
12330,0,90,90,90,90,43
12340,0,90,90,90,90,43
12350,0,90,90,90,90,43
12360,0,90,90,90,90,43
12370,0,90,90,90,90,43
12380,0,90,90,90,90,43
12390,0,90,90,90,90,43
12400,0,90,90,90,90,43
12410,0,90,90,90,90,43
12420,0,90,90,90,90,43
12430,0,90,90,90,90,43
12440,0,90,90,90,90,43
12450,0,90,90,90,90,43
12460,0,90,90,90,90,43
12470,0,90,90,90,90,43
12480,0,90,90,90,90,43
12490,0,90,90,90,90,43
12500,0,90,90,90,90,43
12510,0,90,90,90,90,43
12520,0,90,90,90,90,43
12530,0,90,90,90,90,43
12540,0,90,90,90,90,43
12550,0,90,90,90,90,43
12560,0,90,90,90,90,43
12570,0,90,90,90,90,43
12580,0,90,90,90,90,43
12590,0,90,90,90,90,43
12600,0,90,90,90,90,43
12610,0,90,90,90,90,43
12620,0,90,90,90,90,43
12630,0,90,90,90,90,43
12640,0,90,90,90,90,43
12650,0,90,90,90,90,43
12660,0,90,90,90,90,43
12670,0,90,90,90,90,43
12680,0,90,90,90,90,43
12690,0,90,90,90,90,43
12700,0,90,90,90,90,43
12710,0,90,90,90,90,43
12720,0,90,90,90,90,43
12730,0,90,90,90,90,43
12740,0,90,90,90,90,43
12750,0,90,90,90,90,43
12760,0,90,90,90,90,43
12770,0,90,90,90,90,43
12780,0,90,90,90,90,43
12790,0,90,90,90,90,43
12800,0,90,90,90,90,43
12810,0,90,90,90,90,43
12820,0,90,90,90,90,43
12830,0,90,90,90,90,43
12840,0,90,90,90,90,43
12850,0,90,90,90,90,43
12860,0,90,90,90,90,43
12870,0,90,90,90,90,43
12880,0,90,90,90,90,43
12890,0,90,90,90,90,43
12900,0,90,90,90,90,43
12910,0,90,90,90,90,43
12920,0,90,90,90,90,43
12930,0,90,90,90,90,43
12940,0,90,90,90,90,43
12950,0,90,90,90,90,43
12960,0,90,90,90,90,43
12970,0,90,90,90,90,43
12980,0,90,90,90,90,43
12990,0,90,90,90,90,43
13000,0,90,90,90,90,43
13010,0,90,90,90,90,43
13020,0,90,90,90,90,43
13030,0,90,90,90,90,43
13040,0,90,90,90,90,43
13050,0,90,90,90,90,43
13060,0,90,90,90,90,43
13070,0,90,90,90,90,43
13080,0,90,90,90,90,43
13090,0,90,90,90,90,43
13100,0,90,90,90,90,43
13110,0,90,90,90,90,43
13120,0,90,90,90,90,43
13130,0,90,90,90,90,43
13140,0,90,90,90,90,43
13150,0,90,90,90,90,43
13160,0,90,90,90,90,43
13170,0,90,90,90,90,43
13180,0,90,90,90,90,43
13190,0,90,90,90,90,43
13200,0,90,90,90,90,43
13210,0,90,90,90,90,43
13220,0,90,90,90,90,43
13230,0,90,90,90,90,43
13240,0,90,90,90,90,43
13250,0,90,90,90,90,43
13260,0,90,90,90,90,43
13270,0,90,90,90,90,43
13280,0,90,90,90,90,43
13290,0,90,90,90,90,43
13300,0,90,90,90,90,43
13310,0,90,90,90,90,43
13320,0,90,90,90,90,43
13330,0,90,90,90,90,43
13340,0,90,90,90,90,43
13350,0,90,90,90,90,43
13360,0,90,90,90,90,43
13370,0,90,90,90,90,43
13380,0,90,90,90,90,43
13390,0,90,90,90,90,43
13400,0,90,90,90,90,43
13410,1.2,90,90,90,90,43.4
13420,2.4,90,90,90,90,43.8
13430,3.6,90,90,90,90,44.2
13440,4.8,90,90,90,90,44.6
13450,6,90,90,90,90,45
13460,7.2,90,90,90,90,45.4
13470,8.4,90,90,90,90,45.8
13480,9.6,90,90,90,90,46.2
13490,10.8,90,90,90,90,46.6
13500,12,90,90,90,90,47
13510,13.4,90,90,90,90,47.4
13520,14.8,90,90,90,90,47.8
13530,16.2,90,90,90,90,48.2
13540,17.6,90,90,90,90,48.6
13550,19,90,90,90,90,49
13560,20.4,90,90,90,90,49.4
13570,21.8,90,90,90,90,49.8
13580,23.2,90,90,90,90,50.2
13590,24.6,90,90,90,90,50.6
13600,26,90,90,90,90,51
13610,27.4,90,90,90,90,51.5
13620,28.8,90,90,90,90,52
13630,30.2,90,90,90,90,52.5
13640,31.6,90,90,90,90,53
13650,33,90,90,90,90,53.5
13660,34.4,90,90,90,90,54
13670,35.8,90,90,90,90,54.5
13680,37.2,90,90,90,90,55
13690,38.6,90,90,90,90,55.5
13700,40,90,90,90,90,56
13710,41.4,90,90,90,90,56.5
13720,42.8,90,90,90,90,57
13730,44.2,90,90,90,90,57.5
13740,45.6,90,90,90,90,58
13750,47,90,90,90,90,58.5
13760,48.4,90,90,90,90,59
13770,49.8,90,90,90,90,59.5
13780,51.2,90,90,90,90,60
13790,52.6,90,90,90,90,60.5
13800,54,90,90,90,90,61
13810,55.4,90,90,90,90,61.4
13820,56.8,90,90,90,90,61.8
13830,58.2,90,90,90,90,62.2
13840,59.6,90,90,90,90,62.6
13850,61,90,90,90,90,63
13860,62.4,90,90,90,90,63.4
13870,63.8,90,90,90,90,63.8
13880,65.2,90,90,90,90,64.2
13890,66.6,90,90,90,90,64.6
13900,68,90,90,90,90,65
13910,69.3,90,90,90,90,65.5
13920,70.6,90,90,90,90,66
13930,71.9,90,90,90,90,66.5
13940,73.2,90,90,90,90,67
13950,74.5,90,90,90,90,67.5
13960,75.8,90,90,90,90,68
13970,77.1,90,90,90,90,68.5
13980,78.4,90,90,90,90,69
13990,79.7,90,90,90,90,69.5
14000,81,90,90,90,90,70
14010,81.9,90,90,90,90,70.3
14020,82.8,90,90,90,90,70.6
14030,83.7,90,90,90,90,70.9
14040,84.6,90,90,90,90,71.2
14050,85.5,90,90,90,90,71.5
14060,86.4,90,90,90,90,71.8
14070,87.3,90,90,90,90,72.1
14080,88.2,90,90,90,90,72.4
14090,89.1,90,90,90,90,72.7
14100,90,90,90,90,90,73
14110,90,90,90,90,90,73
14120,90,90,90,90,90,73
14130,90,90,90,90,90,73
14140,90,90,90,90,90,73
14150,90,90,90,90,90,73
14160,90,90,90,90,90,73
14170,90,90,90,90,90,73
14180,90,90,90,90,90,73
14190,90,90,90,90,90,73
14200,90,90,90,90,90,73
14210,90,90,90,90,90,73
14220,90,90,90,90,90,73
14230,90,90,90,90,90,73
14240,90,90,90,90,90,73
14250,90,90,90,90,90,73
14260,90,90,90,90,90,73
14270,90,90,90,90,90,73
14280,90,90,90,90,90,73
14290,90,90,90,90,90,73
14300,90,90,90,90,90,73
14310,90,90,90,90,90,73
14320,90,90,90,90,90,73
14330,90,90,90,90,90,73
14340,90,90,90,90,90,73
14350,90,90,90,90,90,73
14360,90,90,90,90,90,73
14370,90,90,90,90,90,73
14380,90,90,90,90,90,73
14390,90,90,90,90,90,73
14400,90,90,90,90,90,73
14410,90,90,90,90,90,73
14420,90,90,90,90,90,73
14430,90,90,90,90,90,73
14440,90,90,90,90,90,73
14450,90,90,90,90,90,73
14460,90,90,90,90,90,73
14470,90,90,90,90,90,73
14480,90,90,90,90,90,73
14490,90,90,90,90,90,73
14500,90,90,90,90,90,73
14510,90,90,90,90,90,73
14520,90,90,90,90,90,73
14530,90,90,90,90,90,73
14540,90,90,90,90,90,73
14550,90,90,90,90,90,73
14560,90,90,90,90,90,73
14570,90,90,90,90,90,73
14580,90,90,90,90,90,73
14590,90,90,90,90,90,73
14600,90,90,90,90,90,73
14610,90,90,90,90,90,73
14620,90,90,90,90,90,73
14630,90,90,90,90,90,73
14640,90,90,90,90,90,73
14650,90,90,90,90,90,73
14660,90,90,90,90,90,73
14670,90,90,90,90,90,73
14680,90,90,90,90,90,73
14690,90,90,90,90,90,73
14700,90,90,90,90,90,73
14710,90,90,90,90,90,73
14720,90,90,90,90,90,73
14730,90,90,90,90,90,73
14740,90,90,90,90,90,73
14750,90,90,90,90,90,73
14760,90,90,90,90,90,73
14770,90,90,90,90,90,73
14780,90,90,90,90,90,73
14790,90,90,90,90,90,73
14800,90,90,90,90,90,73
14810,90,90,90,90,90,73
14820,90,90,90,90,90,73
14830,90,90,90,90,90,73
14840,90,90,90,90,90,73
14850,90,90,90,90,90,73
14860,90,90,90,90,90,73
14870,90,90,90,90,90,73
14880,90,90,90,90,90,73
14890,90,90,90,90,90,73
14900,90,90,90,90,90,73
14910,90,90,90,90,90,73
14920,90,90,90,90,90,73
14930,90,90,90,90,90,73
14940,90,90,90,90,90,73
14950,90,90,90,90,90,73
14960,90,90,90,90,90,73
14970,90,90,90,90,90,73
14980,90,90,90,90,90,73
14990,90,90,90,90,90,73
15000,90,90,90,90,90,73
15010,90,90,90,90,90,73
15020,90,90,90,90,90,73
15030,90,90,90,90,90,73
15040,90,90,90,90,90,73
15050,90,90,90,90,90,73
15060,90,90,90,90,90,73
15070,90,90,90,90,90,73
15080,90,90,90,90,90,73
15090,90,90,90,90,90,73
15100,90,90,90,90,90,73
15110,90,90,90,90,90,73
15120,90,90,90,90,90,73
15130,90,90,90,90,90,73
15140,90,90,90,90,90,73
15150,90,90,90,90,90,73
15160,90,90,90,90,90,73
15170,90,90,90,90,90,73
15180,90,90,90,90,90,73
15190,90,90,90,90,90,73
15200,90,90,90,90,90,73
15210,90,90,90,90,90,73
15220,90,90,90,90,90,73
15230,90,90,90,90,90,73
15240,90,90,90,90,90,73
15250,90,90,90,90,90,73
15260,90,90,90,90,90,73
15270,90,90,90,90,90,73
15280,90,90,90,90,90,73
15290,90,90,90,90,90,73
15300,90,90,90,90,90,73
15310,90,90,90,90,90,73
15320,90,90,90,90,90,73
15330,90,90,90,90,90,73
15340,90,90,90,90,90,73
15350,90,90,90,90,90,73
15360,90,90,90,90,90,73
15370,90,90,90,90,90,73
15380,90,90,90,90,90,73
15390,90,90,90,90,90,73
15400,90,90,90,90,90,73
15410,90,90,90,90,90,73
15420,90,90,90,90,90,73
15430,90,90,90,90,90,73
15440,90,90,90,90,90,73
15450,90,90,90,90,90,73
15460,90,90,90,90,90,73
15470,90,90,90,90,90,73
15480,90,90,90,90,90,73
15490,90,90,90,90,90,73
15500,90,90,90,90,90,73
15510,90,90,90,90,90,73
15520,90,90,90,90,90,73
15530,90,90,90,90,90,73
15540,90,90,90,90,90,73
15550,90,90,90,90,90,73
15560,90,90,90,90,90,73
15570,90,90,90,90,90,73
15580,90,90,90,90,90,73
15590,90,90,90,90,90,73
15600,90,90,90,90,90,73
15610,90,90,90,90,90,73
15620,90,90,90,90,90,73
15630,90,90,90,90,90,73
15640,90,90,90,90,90,73
15650,90,90,90,90,90,73
15660,90,90,90,90,90,73
15670,90,90,90,90,90,73
15680,90,90,90,90,90,73
15690,90,90,90,90,90,73
15700,90,90,90,90,90,73
15710,90,90,90,90,90,73
15720,90,90,90,90,90,73
15730,90,90,90,90,90,73
15740,90,90,90,90,90,73
15750,90,90,90,90,90,73
15760,90,90,90,90,90,73
15770,90,90,90,90,90,73
15780,90,90,90,90,90,73
15790,90,90,90,90,90,73
15800,90,90,90,90,90,73
15810,90,90,90,90,90,73
15820,90,90,90,90,90,73
15830,90,90,90,90,90,73
15840,90,90,90,90,90,73
15850,90,90,90,90,90,73
15860,90,90,90,90,90,73
15870,90,90,90,90,90,73
15880,90,90,90,90,90,73
15890,90,90,90,90,90,73
15900,90,90,90,90,90,73
15910,90,90,90,90,90,73
15920,90,90,90,90,90,73
15930,90,90,90,90,90,73
15940,90,90,90,90,90,73
15950,90,90,90,90,90,73
15960,90,90,90,90,90,73
15970,90,90,90,90,90,73
15980,90,90,90,90,90,73
15990,90,90,90,90,90,73
16000,90,90,90,90,90,73
16010,90,90,90,90,90,73
16020,90,90,90,90,90,73
16030,90,90,90,90,90,73
16040,90,90,90,90,90,73
16050,90,90,90,90,90,73
16060,90,90,90,90,90,73
16070,90,90,90,90,90,73
16080,90,90,90,90,90,73
16090,90,90,90,90,90,73
16100,90,90,90,90,90,73
16110,90,90,90,90,90,73
16120,90,90,90,90,90,73
16130,90,90,90,90,90,73
16140,90,90,90,90,90,73
16150,90,90,90,90,90,73
16160,90,90,90,90,90,73
16170,90,90,90,90,90,73
16180,90,90,90,90,90,73
16190,90,90,90,90,90,73
16200,90,90,90,90,90,73
16210,90,90,90,90,90,73
16220,90,90,90,90,90,73
16230,90,90,90,90,90,73
16240,90,90,90,90,90,73
16250,90,90,90,90,90,73
16260,90,90,90,90,90,73
16270,90,90,90,90,90,73
16280,90,90,90,90,90,73
16290,90,90,90,90,90,73
16300,90,90,90,90,90,73
16310,90,90,90,90,90,73
16320,90,90,90,90,90,73
16330,90,90,90,90,90,73
16340,90,90,90,90,90,73
16350,90,90,90,90,90,73
16360,90,90,90,90,90,73
16370,90,90,90,90,90,73
16380,90,90,90,90,90,73
16390,90,90,90,90,90,73
16400,90,90,90,90,90,73
