timestamp(s),accel(m/s2),events,average_time_between_events
0.0,-0.014715,-,0.0
0.098,0.0,-,0.0
0.197,-0.004905,-,0.0
0.324,-0.023544,-,0.0
0.393,-0.004905,-,0.0
0.493,-0.028449,-,0.0
0.592,-0.00981,-,0.0
0.704,-0.014715,-,0.0
0.789,-0.00981,-,0.0
0.926,-0.014715,-,0.0
0.987,-0.00981,-,0.0
1.086,-0.004905,-,0.0
1.184,-0.004905,-,0.0
1.298,-0.01962,-,0.0
1.381,0.0,-,0.0
1.481,-0.01962,-,0.0
1.579,-0.00981,-,0.0
1.678,-0.01962,-,0.0
1.778,-0.014715,-,0.0
1.915,-0.014715,-,0.0
1.974,-0.014715,-,0.0
2.073,-0.00981,-,0.0
2.172,-0.004905,-,0.0
2.271,-0.00981,-,0.0
2.371,-0.00981,-,0.0
2.468,-0.004905,-,0.0
2.566,-0.004905,-,0.0
2.667,-0.01962,-,0.0
2.764,-0.014715,-,0.0
2.863,-0.00981,-,0.0
2.962,-0.014715,-,0.0
3.06,-0.00981,-,0.0
3.168,-0.00981,-,0.0
3.259,-0.004905,-,0.0
3.358,-0.01962,-,0.0
3.456,-0.014715,-,0.0
3.554,-0.00981,-,0.0
3.653,-0.014715,-,0.0
3.753,-0.004905,-,0.0
3.851,-0.01962,-,0.0
3.979,-0.014715,-,0.0
4.049,-0.004905,-,0.0
4.148,-0.004905,-,0.0
4.246,-0.004905,-,0.0
4.37,-0.00981,-,0.0
4.443,-0.00981,-,0.0
4.542,-0.00981,-,0.0
4.64,-0.014715,-,0.0
4.769,-0.004905,-,0.0
4.839,-0.00981,-,0.0
4.937,-0.014715,-,0.0
5.036,-0.00981,-,0.0
5.139,-0.00981,-,0.0
5.233,-0.014715,-,0.0
5.356,-0.00981,-,0.0
5.431,-0.00981,-,0.0
5.529,-0.014715,-,0.0
5.628,-0.014715,-,0.0
5.727,-0.004905,-,0.0
5.826,-0.00981,-,0.0
5.924,0.004905,-,0.0
6.023,-0.014715,-,0.0
6.121,-0.023544,-,0.0
6.221,-0.033354,-,0.0
6.319,-0.00981,-,0.0
6.418,-0.023544,-,0.0
6.517,0.004905,-,0.0
6.622,-0.00981,-,0.0
6.714,-0.01962,-,0.0
6.813,0.0,-,0.0
6.912,-0.014715,-,0.0
7.011,0.0,-,0.0
7.109,-0.014715,-,0.0
7.228,0.0,-,0.0
7.307,-0.023544,-,0.0
7.406,-0.014715,-,0.0
7.505,0.004905,-,0.0
7.607,-0.01962,-,0.0
7.703,-0.028449,-,0.0
7.828,-0.01962,-,0.0
7.9,-0.01962,-,0.0
7.999,-0.00981,-,0.0
8.097,0.0,-,0.0
8.218,-0.004905,-,0.0
8.298,-0.00981,-,0.0
8.394,0.0,-,0.0
8.492,-0.00981,-,0.0
8.592,0.0,-,0.0
8.69,-0.023544,-,0.0
8.807,-0.014715,-,0.0
8.888,-0.038259,-,0.0
9.023,0.0,-,0.0
9.085,0.004905,-,0.0
9.184,-0.023544,-,0.0
9.283,-0.048069,-,0.0
9.41,-0.01962,-,0.0
9.48,-0.00981,-,0.0
9.579,-0.01962,-,0.0
9.678,0.0,-,0.0
9.776,-0.01962,-,0.0
9.875,-0.023544,-,0.0
9.973,-0.00981,-,0.0
10.072,-0.004905,-,0.0
10.172,0.0,-,0.0
10.27,-0.00981,-,0.0
10.368,-0.01962,-,0.0
10.476,-0.00981,-,0.0
10.566,-0.014715,-,0.0
10.705,-0.00981,-,0.0
10.764,-0.004905,-,0.0
10.863,-0.023544,-,0.0
10.96,-0.01962,-,0.0
11.079,-0.00981,-,0.0
11.159,-0.043164,-,0.0
11.298,-0.00981,-,0.0
11.356,-0.00981,-,0.0
11.455,-0.023544,-,0.0
11.553,-0.00981,-,0.0
11.653,-0.014715,-,0.0
11.751,-0.00981,-,0.0
11.888,0.00981,-,0.0
11.949,-0.033354,-,0.0
12.047,0.0,-,0.0
12.147,-0.004905,-,0.0
12.274,0.004905,-,0.0
12.344,-0.004905,-,0.0
12.442,-0.01962,-,0.0
12.541,-0.004905,-,0.0
12.64,-0.00981,-,0.0
12.739,-0.00981,-,0.0
12.838,-0.004905,-,0.0
12.936,-0.004905,-,0.0
13.035,-0.004905,-,0.0
13.134,-0.014715,-,0.0
13.232,-0.00981,Down,0.0
13.331,-0.014715,-,0.0
13.43,-0.071613,-,0.0
13.529,-0.162846,-,0.0
13.628,-0.297243,-,0.0
13.727,-0.363951,-,0.0
13.825,-0.512082,-,0.0
13.934,-0.671004,-,0.0
14.023,-0.656289,-,0.0
14.154,-0.756351,-,0.0
14.22,-0.704358,-,0.0
14.319,-0.684738,-,0.0
14.418,-0.747522,-,0.0
14.53,-0.718092,-,0.0
14.616,-0.742617,-,0.0
14.746,-0.661194,-,0.0
14.813,-0.727902,-,0.0
14.912,-0.536607,-,0.0
15.01,-0.473823,-,0.0
15.14,-0.363951,-,0.0
15.208,-0.325692,-,0.0
15.307,-0.101043,-,0.0
15.406,-0.091233,-,0.0
15.541,-0.033354,-,0.0
15.604,0.0,-,0.0
15.702,-0.00981,-,0.0
15.801,-0.004905,-,0.0
15.899,-0.038259,-,0.0
15.999,0.023544,-,0.0
16.098,-0.038259,-,0.0
16.196,0.00981,-,0.0
16.295,-0.057879,-,0.0
16.394,-0.01962,-,0.0
16.492,-0.038259,-,0.0
16.592,-0.014715,-,0.0
16.691,-0.043164,-,0.0
16.789,-0.00981,-,0.0
16.888,-0.00981,Brake,0.0
16.987,0.004905,-,0.0
17.085,-0.028449,-,0.0
17.186,0.043164,-,0.0
17.283,0.061803,-,0.0
17.405,0.220725,-,0.0
17.48,0.287433,-,0.0
17.579,0.363951,-,0.0
17.678,0.555246,-,0.0
17.804,0.584676,-,0.0
17.875,0.732807,-,0.0
17.974,0.666099,-,0.0
18.073,0.752427,-,0.0
18.182,0.679833,-,0.0
18.27,0.732807,-,0.0
18.412,0.641574,-,0.0
18.468,0.709263,-,0.0
18.589,0.694548,-,0.0
18.666,0.555246,-,0.0
18.764,0.3924,-,0.0
18.863,0.40221,-,0.0
18.986,0.18639,-,0.0
19.06,0.143226,-,0.0
19.2,0.057879,-,0.0
19.258,-0.023544,-,0.0
19.356,0.0,-,0.0
19.455,-0.048069,Arrival,6.222999999999999
19.554,0.0,-,6.222999999999999
19.653,0.014715,-,6.222999999999999
19.793,-0.033354,-,6.222999999999999
19.851,-0.01962,-,6.222999999999999
19.95,-0.00981,-,6.222999999999999
20.049,0.014715,-,6.222999999999999
20.147,-0.00981,-,6.222999999999999
20.246,-0.052974,-,6.222999999999999
20.345,0.014715,-,6.222999999999999
20.443,-0.004905,-,6.222999999999999
20.542,0.004905,-,6.222999999999999
20.641,-0.061803,-,6.222999999999999
20.74,0.00981,-,6.222999999999999
20.839,0.0,-,6.222999999999999
20.937,-0.023544,-,6.222999999999999
21.036,-0.01962,-,6.222999999999999
21.135,-0.028449,-,6.222999999999999
21.273,0.014715,-,6.222999999999999
21.333,0.00981,-,6.222999999999999
21.438,-0.038259,-,6.222999999999999
21.53,-0.00981,-,6.222999999999999
21.657,-0.01962,-,6.222999999999999
21.728,0.096138,-,6.222999999999999
21.827,0.114777,-,6.222999999999999
21.925,0.177561,-,6.222999999999999
22.025,0.191295,-,6.222999999999999
22.123,0.086328,-,6.222999999999999
22.222,0.00981,-,6.222999999999999
22.32,0.004905,-,6.222999999999999
22.419,-0.00981,-,6.222999999999999
22.534,0.014715,-,6.222999999999999
22.616,0.0,-,6.222999999999999
22.715,-0.004905,-,6.222999999999999
22.814,-0.00981,-,6.222999999999999
22.922,-0.061803,-,6.222999999999999
23.012,0.004905,-,6.222999999999999
23.111,-0.00981,-,6.222999999999999
23.209,-0.014715,-,6.222999999999999
23.307,-0.01962,-,6.222999999999999
23.407,-0.00981,-,6.222999999999999
23.505,-0.01962,-,6.222999999999999
23.604,-0.014715,-,6.222999999999999
23.704,-0.014715,-,6.222999999999999
23.802,-0.00981,-,6.222999999999999
23.914,-0.014715,-,6.222999999999999
24.0,-0.004905,-,6.222999999999999
24.131,-0.014715,-,6.222999999999999
24.197,-0.014715,-,6.222999999999999
24.296,-0.023544,-,6.222999999999999
24.394,0.0,-,6.222999999999999
24.504,-0.00981,-,6.222999999999999
24.592,-0.023544,-,6.222999999999999
24.726,-0.004905,-,6.222999999999999
24.789,-0.004905,-,6.222999999999999
24.888,-0.00981,-,6.222999999999999
24.987,0.004905,-,6.222999999999999
25.086,0.0,-,6.222999999999999
25.185,-0.033354,-,6.222999999999999
25.284,-0.028449,-,6.222999999999999
25.382,-0.004905,-,6.222999999999999
25.481,-0.00981,-,6.222999999999999
25.58,-0.004905,-,6.222999999999999
25.679,-0.014715,-,6.222999999999999
25.779,0.0,-,6.222999999999999
25.876,0.004905,-,6.222999999999999
25.975,-0.00981,-,6.222999999999999
26.074,-0.004905,-,6.222999999999999
26.172,-0.004905,-,6.222999999999999
26.271,0.004905,-,6.222999999999999
26.37,-0.00981,-,6.222999999999999
26.469,-0.00981,-,6.222999999999999
26.568,-0.014715,-,6.222999999999999
26.666,0.0,-,6.222999999999999
26.765,-0.01962,-,6.222999999999999
26.864,-0.014715,-,6.222999999999999
26.975,-0.014715,-,6.222999999999999
27.062,-0.014715,-,6.222999999999999
27.161,-0.00981,-,6.222999999999999
27.26,-0.01962,-,6.222999999999999
27.372,-0.004905,-,6.222999999999999
27.458,-0.014715,-,6.222999999999999
27.557,-0.00981,-,6.222999999999999
27.655,-0.028449,-,6.222999999999999
27.754,0.0,-,6.222999999999999
27.853,0.0,-,6.222999999999999
27.977,-0.01962,-,6.222999999999999
28.051,-0.004905,-,6.222999999999999
28.15,-0.00981,-,6.222999999999999
28.248,-0.01962,-,6.222999999999999
28.369,-0.004905,-,6.222999999999999
28.446,-0.014715,-,6.222999999999999
28.545,-0.014715,-,6.222999999999999
28.644,-0.00981,-,6.222999999999999
28.752,-0.00981,-,6.222999999999999
28.841,-0.00981,-,6.222999999999999
28.97,-0.004905,-,6.222999999999999
29.039,-0.014715,-,6.222999999999999
29.138,-0.014715,-,6.222999999999999
29.237,-0.004905,-,6.222999999999999
29.336,-0.023544,-,6.222999999999999
29.434,-0.01962,-,6.222999999999999
29.533,-0.004905,-,6.222999999999999
29.632,-0.00981,-,6.222999999999999
29.731,-0.023544,-,6.222999999999999
29.83,-0.014715,-,6.222999999999999
29.928,-0.004905,-,6.222999999999999
30.027,-0.004905,-,6.222999999999999
30.126,-0.004905,-,6.222999999999999
30.226,-0.01962,-,6.222999999999999
30.324,0.014715,-,6.222999999999999
30.449,0.00981,-,6.222999999999999
30.521,0.004905,-,6.222999999999999
30.62,0.00981,-,6.222999999999999
30.719,-0.014715,-,6.222999999999999
30.824,0.0,-,6.222999999999999
30.916,0.004905,-,6.222999999999999
31.049,-0.028449,-,6.222999999999999
31.115,0.0,-,6.222999999999999
31.213,0.014715,-,6.222999999999999
31.312,0.0,-,6.222999999999999
31.424,-0.052974,-,6.222999999999999
31.51,-0.033354,-,6.222999999999999
31.648,-0.023544,-,6.222999999999999
31.707,-0.023544,-,6.222999999999999
31.806,-0.028449,-,6.222999999999999
31.905,-0.014715,-,6.222999999999999
32.021,-0.004905,-,6.222999999999999
32.103,-0.00981,-,6.222999999999999
32.201,0.004905,-,6.222999999999999
32.301,-0.004905,-,6.222999999999999
32.399,-0.00981,-,6.222999999999999
32.498,-0.00981,-,6.222999999999999
32.624,-0.01962,-,6.222999999999999
32.696,-0.038259,-,6.222999999999999
32.794,-0.014715,-,6.222999999999999
32.893,-0.028449,-,6.222999999999999
32.991,-0.033354,-,6.222999999999999
33.09,0.0,-,6.222999999999999
33.189,-0.00981,-,6.222999999999999
33.288,-0.004905,-,6.222999999999999
33.386,-0.01962,-,6.222999999999999
33.485,0.004905,-,6.222999999999999
33.584,-0.014715,-,6.222999999999999
33.685,-0.00981,-,6.222999999999999
33.782,-0.004905,-,6.222999999999999
33.909,-0.014715,-,6.222999999999999
33.98,-0.00981,-,6.222999999999999
34.078,0.0,-,6.222999999999999
34.177,-0.00981,-,6.222999999999999
34.306,-0.004905,-,6.222999999999999
34.375,-0.00981,-,6.222999999999999
34.476,-0.00981,-,6.222999999999999
34.572,-0.004905,-,6.222999999999999
34.682,-0.004905,-,6.222999999999999
34.77,-0.00981,-,6.222999999999999
34.897,-0.014715,-,6.222999999999999
34.968,-0.014715,-,6.222999999999999
35.066,-0.004905,-,6.222999999999999
35.165,-0.01962,-,6.222999999999999
35.268,-0.01962,-,6.222999999999999
35.363,-0.033354,-,6.222999999999999
35.49,-0.01962,-,6.222999999999999
35.561,0.0,-,6.222999999999999
35.659,-0.033354,-,6.222999999999999
35.758,-0.01962,-,6.222999999999999
35.881,-0.00981,-,6.222999999999999
35.956,-0.014715,-,6.222999999999999
36.055,-0.00981,-,6.222999999999999
36.154,-0.004905,-,6.222999999999999
36.252,-0.01962,-,6.222999999999999
36.351,-0.023544,-,6.222999999999999
36.45,-0.01962,-,6.222999999999999
36.549,-0.01962,-,6.222999999999999
36.648,-0.014715,-,6.222999999999999
36.746,-0.00981,-,6.222999999999999
36.846,-0.043164,-,6.222999999999999
36.944,-0.014715,-,6.222999999999999
37.043,-0.00981,-,6.222999999999999
37.142,-0.014715,-,6.222999999999999
37.241,-0.00981,-,6.222999999999999
37.34,-0.014715,-,6.222999999999999
37.438,-0.014715,-,6.222999999999999
37.537,0.0,-,6.222999999999999
37.636,-0.01962,-,6.222999999999999
37.735,-0.00981,-,6.222999999999999
37.834,-0.023544,Down,6.222999999999999
37.933,-0.023544,-,6.222999999999999
38.031,-0.114777,-,6.222999999999999
38.154,-0.224649,-,6.222999999999999
38.229,-0.368856,-,6.222999999999999
38.328,-0.483633,-,6.222999999999999
38.427,-0.589581,-,6.222999999999999
38.543,-0.632745,-,6.222999999999999
38.624,-0.790686,-,6.222999999999999
38.722,-0.732807,-,6.222999999999999
38.821,-0.756351,-,6.222999999999999
38.921,-0.704358,-,6.222999999999999
39.02,-0.732807,-,6.222999999999999
39.118,-0.742617,-,6.222999999999999
39.216,-0.674928,-,6.222999999999999
39.355,-0.714168,-,6.222999999999999
39.414,-0.651384,-,6.222999999999999
39.513,-0.560151,-,6.222999999999999
39.612,-0.426735,-,6.222999999999999
39.748,-0.340407,-,6.222999999999999
39.809,-0.191295,-,6.222999999999999
39.908,-0.104967,-,6.222999999999999
40.007,-0.023544,-,6.222999999999999
40.106,-0.014715,-,6.222999999999999
40.205,-0.004905,-,6.222999999999999
40.303,0.014715,-,6.222999999999999
40.402,-0.01962,-,6.222999999999999
40.501,-0.052974,-,6.222999999999999
40.6,0.023544,-,6.222999999999999
40.699,-0.057879,-,6.222999999999999
40.798,-0.004905,-,6.222999999999999
40.897,-0.01962,-,6.222999999999999
41.022,-0.004905,-,6.222999999999999
41.094,-0.004905,-,6.222999999999999
41.192,-0.033354,-,6.222999999999999
41.292,-0.00981,-,6.222999999999999
41.405,-0.028449,-,6.222999999999999
41.49,0.014715,Brake,6.222999999999999
41.626,-0.076518,-,6.222999999999999
41.687,0.028449,-,6.222999999999999
41.793,0.043164,-,6.222999999999999
41.884,0.201105,-,6.222999999999999
42.006,0.220725,-,6.222999999999999
42.082,0.41202,-,6.222999999999999
42.181,0.455184,-,6.222999999999999
42.28,0.62784,-,6.222999999999999
42.379,0.737712,-,6.222999999999999
42.477,0.679833,-,6.222999999999999
42.594,0.732807,-,6.222999999999999
42.675,0.646479,-,6.222999999999999
42.814,0.709263,-,6.222999999999999
42.872,0.666099,-,6.222999999999999
42.972,0.742617,-,6.222999999999999
43.07,0.671004,-,6.222999999999999
43.169,0.593505,-,6.222999999999999
43.268,0.397305,-,6.222999999999999
43.367,0.354141,-,6.222999999999999
43.465,0.20601,-,6.222999999999999
43.565,0.167751,-,6.222999999999999
43.673,0.014715,-,6.222999999999999
43.761,0.0,-,6.222999999999999
43.86,-0.071613,Arrival,6.124499999999998
43.959,0.057879,-,6.124499999999998
44.069,-0.033354,-,6.124499999999998
44.157,-0.014715,-,6.124499999999998
44.255,-0.033354,-,6.124499999999998
44.355,0.01962,-,6.124499999999998
44.453,0.004905,-,6.124499999999998
44.552,-0.014715,-,6.124499999999998
44.667,-0.048069,-,6.124499999999998
44.749,0.01962,-,6.124499999999998
44.885,-0.023544,-,6.124499999999998
44.947,-0.004905,-,6.124499999999998
45.047,-0.052974,-,6.124499999999998
45.144,-0.004905,-,6.124499999999998
45.273,0.004905,-,6.124499999999998
45.341,-0.004905,-,6.124499999999998
45.44,-0.028449,-,6.124499999999998
45.538,-0.023544,-,6.124499999999998
45.657,0.028449,-,6.124499999999998
45.737,0.01962,-,6.124499999999998
45.874,-0.043164,-,6.124499999999998
45.934,0.0,-,6.124499999999998
46.043,-0.00981,-,6.124499999999998
46.132,0.014715,-,6.124499999999998
46.259,0.01962,-,6.124499999999998
46.329,0.119682,-,6.124499999999998
46.428,0.20601,-,6.124499999999998
46.526,0.153036,-,6.124499999999998
46.645,0.101043,-,6.124499999999998
46.724,0.014715,-,6.124499999999998
46.864,-0.00981,-,6.124499999999998
46.921,-0.004905,-,6.124499999999998
47.02,-0.004905,-,6.124499999999998
47.119,-0.00981,-,6.124499999999998
47.217,-0.00981,-,6.124499999999998
47.316,-0.014715,-,6.124499999999998
47.46,-0.048069,-,6.124499999999998
47.513,-0.01962,-,6.124499999999998
47.612,-0.01962,-,6.124499999999998
47.71,-0.00981,-,6.124499999999998
47.81,-0.01962,-,6.124499999999998
47.909,-0.014715,-,6.124499999999998
48.007,-0.004905,-,6.124499999999998
48.129,-0.004905,-,6.124499999999998
48.205,-0.014715,-,6.124499999999998
48.304,-0.00981,-,6.124499999999998
48.402,-0.014715,-,6.124499999999998
48.51,-0.01962,-,6.124499999999998
48.6,-0.004905,-,6.124499999999998
48.73,-0.00981,-,6.124499999999998
48.797,-0.004905,-,6.124499999999998
48.896,-0.014715,-,6.124499999999998
48.995,0.004905,-,6.124499999999998
49.099,0.0,-,6.124499999999998
49.192,-0.023544,-,6.124499999999998
49.315,-0.01962,-,6.124499999999998
49.39,-0.004905,-,6.124499999999998
49.488,-0.028449,-,6.124499999999998
49.587,-0.023544,-,6.124499999999998
49.686,0.028449,-,6.124499999999998
49.784,-0.004905,-,6.124499999999998
49.884,-0.00981,-,6.124499999999998
49.982,-0.01962,-,6.124499999999998
50.119,-0.004905,-,6.124499999999998
50.18,-0.01962,-,6.124499999999998
50.279,-0.00981,-,6.124499999999998
50.377,-0.014715,-,6.124499999999998
50.476,0.0,-,6.124499999999998
50.579,-0.014715,-,6.124499999999998
50.673,0.004905,-,6.124499999999998
50.777,-0.004905,-,6.124499999999998
50.871,-0.01962,-,6.124499999999998
50.991,-0.01962,-,6.124499999999998
51.068,-0.01962,-,6.124499999999998
51.167,-0.014715,-,6.124499999999998
51.266,-0.014715,-,6.124499999999998
51.365,-0.004905,-,6.124499999999998
51.464,-0.004905,-,6.124499999999998
51.582,0.0,-,6.124499999999998
51.661,0.0,-,6.124499999999998
51.759,-0.014715,-,6.124499999999998
51.859,-0.00981,-,6.124499999999998
51.957,-0.004905,-,6.124499999999998
52.056,-0.00981,-,6.124499999999998
52.172,-0.01962,-,6.124499999999998
52.254,-0.033354,-,6.124499999999998
52.389,-0.023544,-,6.124499999999998
52.452,-0.01962,-,6.124499999999998
52.55,0.0,-,6.124499999999998
52.649,-0.00981,-,6.124499999999998
52.773,-0.01962,-,6.124499999999998
52.846,-0.014715,-,6.124499999999998
52.945,-0.014715,-,6.124499999999998
53.044,-0.01962,-,6.124499999999998
53.143,-0.00981,-,6.124499999999998
53.241,-0.004905,-,6.124499999999998
53.373,-0.004905,-,6.124499999999998
53.439,-0.004905,-,6.124499999999998
53.538,-0.014715,-,6.124499999999998
53.636,-0.00981,-,6.124499999999998
53.735,-0.014715,-,6.124499999999998
53.833,-0.014715,-,6.124499999999998
53.933,-0.014715,-,6.124499999999998
54.031,-0.004905,-,6.124499999999998
54.129,-0.004905,-,6.124499999999998
54.249,-0.004905,-,6.124499999999998
54.327,-0.01962,-,6.124499999999998
54.425,-0.014715,-,6.124499999999998
54.524,-0.014715,-,6.124499999999998
54.635,0.0,-,6.124499999999998
54.722,-0.00981,-,6.124499999999998
54.821,0.0,-,6.124499999999998
54.919,-0.023544,-,6.124499999999998
55.021,-0.014715,-,6.124499999999998
55.117,-0.00981,-,6.124499999999998
55.24,0.00981,-,6.124499999999998
55.315,-0.023544,-,6.124499999999998
55.414,-0.004905,-,6.124499999999998
55.512,-0.004905,-,6.124499999999998
55.615,-0.014715,-,6.124499999999998
55.71,-0.01962,-,6.124499999999998
55.843,-0.014715,-,6.124499999999998
55.908,-0.023544,-,6.124499999999998
56.006,0.00981,-,6.124499999999998
56.104,0.004905,-,6.124499999999998
56.226,-0.01962,-,6.124499999999998
56.302,-0.00981,-,6.124499999999998
56.401,-0.01962,-,6.124499999999998
56.501,-0.023544,-,6.124499999999998
56.626,0.014715,-,6.124499999999998
56.698,-0.00981,-,6.124499999999998
56.797,-0.01962,-,6.124499999999998
56.896,-0.028449,-,6.124499999999998
56.994,-0.023544,-,6.124499999999998
57.092,0.0,-,6.124499999999998
57.192,0.0,-,6.124499999999998
57.298,0.0,-,6.124499999999998
57.389,-0.01962,-,6.124499999999998
57.487,0.004905,-,6.124499999999998
57.587,0.0,-,6.124499999999998
57.686,-0.014715,-,6.124499999999998
57.784,-0.014715,-,6.124499999999998
57.883,-0.028449,-,6.124499999999998
57.983,-0.014715,-,6.124499999999998
58.081,-0.004905,-,6.124499999999998
58.18,-0.01962,-,6.124499999999998
58.278,-0.00981,-,6.124499999999998
58.377,-0.00981,-,6.124499999999998
58.476,-0.00981,-,6.124499999999998
58.575,-0.01962,-,6.124499999999998
58.691,-0.004905,-,6.124499999999998
58.772,-0.00981,-,6.124499999999998
58.902,-0.01962,-,6.124499999999998
58.97,0.0,-,6.124499999999998
59.068,-0.004905,-,6.124499999999998
59.166,0.0,-,6.124499999999998
59.291,0.0,-,6.124499999999998
59.365,-0.004905,-,6.124499999999998
59.464,-0.004905,-,6.124499999999998
59.562,0.0,-,6.124499999999998
59.678,-0.004905,-,6.124499999999998
59.76,0.0,-,6.124499999999998
59.9,-0.00981,-,6.124499999999998
59.958,-0.004905,-,6.124499999999998
60.056,-0.01962,-,6.124499999999998
60.155,-0.014715,-,6.124499999999998
60.298,0.0,-,6.124499999999998
60.352,-0.014715,-,6.124499999999998
60.451,-0.004905,-,6.124499999999998
60.55,-0.014715,-,6.124499999999998
60.676,-0.004905,-,6.124499999999998
60.747,0.0,-,6.124499999999998
60.846,0.0,-,6.124499999999998
60.945,-0.014715,-,6.124499999999998
61.043,-0.004905,-,6.124499999999998
61.142,0.004905,-,6.124499999999998
61.24,-0.00981,-,6.124499999999998
61.34,0.0,-,6.124499999999998
61.438,-0.01962,-,6.124499999999998
61.542,0.00981,-,6.124499999999998
61.636,0.0,-,6.124499999999998
61.734,0.004905,-,6.124499999999998
61.834,-0.004905,-,6.124499999999998
61.932,-0.014715,-,6.124499999999998
62.03,0.0,-,6.124499999999998
62.13,-0.004905,-,6.124499999999998
62.228,-0.004905,-,6.124499999999998
62.353,-0.01962,Down,6.124499999999998
62.425,-0.01962,-,6.124499999999998
62.524,-0.114777,-,6.124499999999998
62.623,-0.254079,-,6.124499999999998
62.722,-0.325692,-,6.124499999999998
62.821,-0.546417,-,6.124499999999998
62.94,-0.565056,-,6.124499999999998
63.018,-0.671004,-,6.124499999999998
63.117,-0.709263,-,6.124499999999998
63.216,-0.722997,-,6.124499999999998
63.316,-0.666099,-,6.124499999999998
63.413,-0.699453,-,6.124499999999998
63.531,-0.694548,-,6.124499999999998
63.611,-0.694548,-,6.124499999999998
63.751,-0.694548,-,6.124499999999998
63.808,-0.699453,-,6.124499999999998
63.907,-0.62784,-,6.124499999999998
64.005,-0.464994,-,6.124499999999998
64.138,-0.455184,-,6.124499999999998
64.203,-0.302148,-,6.124499999999998
64.302,-0.1962,-,6.124499999999998
64.401,-0.104967,-,6.124499999999998
64.499,0.023544,-,6.124499999999998
64.598,-0.081423,-,6.124499999999998
64.697,0.004905,-,6.124499999999998
64.796,-0.01962,-,6.124499999999998
64.895,0.048069,-,6.124499999999998
64.993,-0.071613,-,6.124499999999998
65.092,0.033354,-,6.124499999999998
65.191,-0.086328,-,6.124499999999998
65.289,0.081423,-,6.124499999999998
65.4,-0.071613,-,6.124499999999998
65.487,0.00981,-,6.124499999999998
65.622,-0.071613,-,6.124499999999998
65.684,0.0,-,6.124499999999998
65.783,-0.023544,-,6.124499999999998
65.882,-0.01962,-,6.124499999999998
65.995,-0.028449,Brake,6.124499999999998
66.08,0.033354,-,6.124499999999998
66.178,-0.081423,-,6.124499999999998
66.277,0.043164,-,6.124499999999998
66.407,0.239364,-,6.124499999999998
66.474,0.258984,-,6.124499999999998
66.573,0.430659,-,6.124499999999998
66.672,0.473823,-,6.124499999999998
66.771,0.622935,-,6.124499999999998
66.869,0.714168,-,6.124499999999998
66.968,0.679833,-,6.124499999999998
67.066,0.684738,-,6.124499999999998
67.185,0.709263,-,6.124499999999998
67.264,0.704358,-,6.124499999999998
67.397,0.704358,-,6.124499999999998
67.462,0.674928,-,6.124499999999998
67.56,0.656289,-,6.124499999999998
67.659,0.469899,-,6.124499999999998
67.758,0.464994,-,6.124499999999998
67.857,0.302148,-,6.124499999999998
67.955,0.267813,-,6.124499999999998
68.054,0.139302,-,6.124499999999998
68.153,0.00981,-,6.124499999999998
68.252,-0.014715,-,6.124499999999998
68.351,0.0,-,6.124499999999998
68.449,0.004905,Arrival,6.1149999999999975
68.548,-0.052974,-,6.1149999999999975
68.646,0.0,-,6.1149999999999975
68.745,0.0,-,6.1149999999999975
68.843,0.00981,-,6.1149999999999975
68.943,-0.043164,-,6.1149999999999975
69.063,-0.01962,-,6.1149999999999975
69.14,0.00981,-,6.1149999999999975
69.239,0.0,-,6.1149999999999975
69.338,-0.023544,-,6.1149999999999975
69.449,-0.033354,-,6.1149999999999975
69.535,-0.004905,-,6.1149999999999975
69.666,0.023544,-,6.1149999999999975
69.732,-0.023544,-,6.1149999999999975
69.831,-0.028449,-,6.1149999999999975
69.93,-0.033354,-,6.1149999999999975
70.042,0.038259,-,6.1149999999999975
70.127,-0.028449,-,6.1149999999999975
70.262,-0.043164,-,6.1149999999999975
70.325,-0.014715,-,6.1149999999999975
70.423,0.014715,-,6.1149999999999975
70.523,0.0,-,6.1149999999999975
70.621,-0.033354,-,6.1149999999999975
70.719,0.104967,-,6.1149999999999975
70.858,0.201105,-,6.1149999999999975
70.917,0.244269,-,6.1149999999999975
71.016,0.143226,-,6.1149999999999975
71.115,0.038259,-,6.1149999999999975
71.213,0.004905,-,6.1149999999999975
71.311,-0.023544,-,6.1149999999999975
71.41,0.0,-,6.1149999999999975
71.509,0.0,-,6.1149999999999975
71.609,-0.014715,-,6.1149999999999975
71.707,-0.01962,-,6.1149999999999975
71.805,0.01962,-,6.1149999999999975
71.904,-0.023544,-,6.1149999999999975
72.003,-0.00981,-,6.1149999999999975
72.102,-0.01962,-,6.1149999999999975
72.201,-0.01962,-,6.1149999999999975
72.299,0.00981,-,6.1149999999999975
72.398,-0.01962,-,6.1149999999999975
72.498,-0.00981,-,6.1149999999999975
72.596,-0.01962,-,6.1149999999999975
72.717,-0.00981,-,6.1149999999999975
72.793,-0.00981,-,6.1149999999999975
72.892,-0.004905,-,6.1149999999999975
72.99,0.0,-,6.1149999999999975
73.093,-0.01962,-,6.1149999999999975
73.188,-0.004905,-,6.1149999999999975
73.311,-0.023544,-,6.1149999999999975
73.386,-0.01962,-,6.1149999999999975
73.485,-0.043164,-,6.1149999999999975
73.583,-0.004905,-,6.1149999999999975
73.7,0.014715,-,6.1149999999999975
73.78,-0.01962,-,6.1149999999999975
73.879,-0.014715,-,6.1149999999999975
73.978,-0.033354,-,6.1149999999999975
74.084,-0.01962,-,6.1149999999999975
74.175,-0.004905,-,6.1149999999999975
74.302,-0.028449,-,6.1149999999999975
74.373,0.0,-,6.1149999999999975
74.472,-0.043164,-,6.1149999999999975
74.571,-0.004905,-,6.1149999999999975
74.67,-0.01962,-,6.1149999999999975
74.768,-0.004905,-,6.1149999999999975
74.9,-0.014715,-,6.1149999999999975
74.966,0.0,-,6.1149999999999975
75.065,-0.004905,-,6.1149999999999975
75.164,-0.00981,-,6.1149999999999975
75.304,-0.004905,-,6.1149999999999975
75.361,-0.004905,-,6.1149999999999975
75.46,-0.00981,-,6.1149999999999975
75.558,-0.014715,-,6.1149999999999975
75.658,-0.023544,-,6.1149999999999975
75.763,-0.01962,-,6.1149999999999975
75.855,-0.014715,-,6.1149999999999975
75.983,-0.01962,-,6.1149999999999975
76.052,-0.004905,-,6.1149999999999975
76.152,-0.00981,-,6.1149999999999975
76.25,-0.00981,-,6.1149999999999975
76.367,-0.004905,-,6.1149999999999975
76.447,-0.014715,-,6.1149999999999975
76.582,-0.00981,-,6.1149999999999975
76.645,-0.014715,-,6.1149999999999975
76.744,-0.014715,-,6.1149999999999975
76.842,-0.00981,-,6.1149999999999975
76.956,0.004905,-,6.1149999999999975
77.04,-0.00981,-,6.1149999999999975
77.176,-0.004905,-,6.1149999999999975
77.238,-0.00981,-,6.1149999999999975
77.336,0.0,-,6.1149999999999975
77.436,-0.014715,-,6.1149999999999975
77.557,-0.014715,-,6.1149999999999975
77.633,0.0,-,6.1149999999999975
77.732,-0.00981,-,6.1149999999999975
77.831,-0.01962,-,6.1149999999999975
77.96,-0.00981,-,6.1149999999999975
78.028,-0.014715,-,6.1149999999999975
78.127,-0.014715,-,6.1149999999999975
78.226,-0.014715,-,6.1149999999999975
78.324,-0.01962,-,6.1149999999999975
78.423,-0.004905,-,6.1149999999999975
78.563,-0.00981,-,6.1149999999999975
78.621,-0.01962,-,6.1149999999999975
78.72,-0.01962,-,6.1149999999999975
78.818,-0.01962,-,6.1149999999999975
78.917,-0.014715,-,6.1149999999999975
79.016,-0.014715,-,6.1149999999999975
79.115,-0.00981,-,6.1149999999999975
79.213,-0.014715,-,6.1149999999999975
79.312,-0.01962,-,6.1149999999999975
79.411,-0.023544,-,6.1149999999999975
79.509,-0.004905,-,6.1149999999999975
79.614,-0.028449,-,6.1149999999999975
79.707,-0.01962,-,6.1149999999999975
79.805,0.004905,-,6.1149999999999975
79.905,-0.004905,-,6.1149999999999975
80.003,-0.00981,-,6.1149999999999975
80.102,-0.028449,-,6.1149999999999975
80.211,-0.023544,-,6.1149999999999975
80.3,0.01962,-,6.1149999999999975
80.433,-0.00981,-,6.1149999999999975
80.497,-0.00981,-,6.1149999999999975
80.597,0.0,-,6.1149999999999975
80.695,0.004905,-,6.1149999999999975
80.821,0.004905,-,6.1149999999999975
80.893,-0.038259,-,6.1149999999999975
80.991,-0.023544,-,6.1149999999999975
81.09,-0.014715,-,6.1149999999999975
81.188,-0.01962,-,6.1149999999999975
81.287,-0.01962,-,6.1149999999999975
81.412,0.0,-,6.1149999999999975
81.485,-0.004905,-,6.1149999999999975
81.583,-0.023544,-,6.1149999999999975
81.682,-0.004905,-,6.1149999999999975
81.781,-0.014715,-,6.1149999999999975
81.88,-0.014715,-,6.1149999999999975
82.002,0.004905,-,6.1149999999999975
82.077,-0.028449,-,6.1149999999999975
82.176,0.004905,-,6.1149999999999975
82.275,-0.004905,-,6.1149999999999975
82.373,0.0,-,6.1149999999999975
82.473,-0.00981,-,6.1149999999999975
82.571,0.004905,-,6.1149999999999975
82.67,-0.004905,-,6.1149999999999975
82.768,0.0,-,6.1149999999999975
82.891,-0.033354,-,6.1149999999999975
82.966,-0.004905,-,6.1149999999999975
83.064,-0.004905,-,6.1149999999999975
83.164,0.0,-,6.1149999999999975
83.271,-0.00981,-,6.1149999999999975
83.361,-0.014715,-,6.1149999999999975
83.501,-0.00981,-,6.1149999999999975
83.559,-0.014715,-,6.1149999999999975
83.669,-0.014715,-,6.1149999999999975
83.756,-0.01962,-,6.1149999999999975
83.887,-0.014715,-,6.1149999999999975
83.954,-0.004905,-,6.1149999999999975
84.052,-0.028449,-,6.1149999999999975
84.151,-0.004905,-,6.1149999999999975
84.25,0.0,-,6.1149999999999975
84.349,-0.01962,-,6.1149999999999975
84.48,-0.004905,-,6.1149999999999975
84.546,-0.00981,-,6.1149999999999975
84.645,-0.004905,-,6.1149999999999975
84.744,-0.00981,-,6.1149999999999975
84.843,0.0,-,6.1149999999999975
84.941,-0.00981,-,6.1149999999999975
85.062,-0.014715,-,6.1149999999999975
85.139,-0.023544,-,6.1149999999999975
85.237,-0.01962,-,6.1149999999999975
85.336,-0.014715,-,6.1149999999999975
85.435,-0.004905,-,6.1149999999999975
85.534,-0.004905,-,6.1149999999999975
85.632,-0.00981,-,6.1149999999999975
85.735,-0.00981,-,6.1149999999999975
85.831,-0.014715,-,6.1149999999999975
85.929,-0.014715,-,6.1149999999999975
86.028,-0.014715,-,6.1149999999999975
86.126,-0.01962,-,6.1149999999999975
86.225,0.0,-,6.1149999999999975
86.359,-0.00981,-,6.1149999999999975
86.423,-0.014715,Down,6.1149999999999975
86.523,-0.043164,-,6.1149999999999975
86.621,-0.244269,-,6.1149999999999975
86.743,-0.306072,-,6.1149999999999975
86.819,-0.455184,-,6.1149999999999975
86.918,-0.565056,-,6.1149999999999975
87.016,-0.541512,-,6.1149999999999975
87.123,-0.775971,-,6.1149999999999975
87.214,-0.694548,-,6.1149999999999975
87.34,-0.737712,-,6.1149999999999975
87.411,-0.714168,-,6.1149999999999975
87.51,-0.699453,-,6.1149999999999975
87.609,-0.709263,-,6.1149999999999975
87.707,-0.694548,-,6.1149999999999975
87.807,-0.704358,-,6.1149999999999975
87.905,-0.714168,-,6.1149999999999975
88.004,-0.521892,-,6.1149999999999975
88.103,-0.455184,-,6.1149999999999975
88.201,-0.354141,-,6.1149999999999975
88.3,-0.272718,-,6.1149999999999975
88.4,-0.162846,-,6.1149999999999975
88.498,-0.01962,-,6.1149999999999975
88.597,0.004905,-,6.1149999999999975
88.696,-0.00981,-,6.1149999999999975
88.799,-0.066708,-,6.1149999999999975
88.893,0.061803,-,6.1149999999999975
88.992,-0.101043,-,6.1149999999999975
89.091,0.048069,-,6.1149999999999975
89.191,-0.066708,-,6.1149999999999975
89.288,-0.01962,-,6.1149999999999975
89.402,-0.004905,-,6.1149999999999975
89.485,-0.071613,-,6.1149999999999975
89.585,0.023544,-,6.1149999999999975
89.684,-0.048069,-,6.1149999999999975
89.782,0.033354,-,6.1149999999999975
89.881,-0.043164,-,6.1149999999999975
90.003,-0.033354,-,6.1149999999999975
90.078,0.023544,-,6.1149999999999975
90.177,0.01962,Brake,6.1149999999999975
90.275,0.01962,-,6.1149999999999975
90.388,0.148131,-,6.1149999999999975
90.472,0.315882,-,6.1149999999999975
90.604,0.349236,-,6.1149999999999975
90.669,0.469899,-,6.1149999999999975
90.768,0.555246,-,6.1149999999999975
90.867,0.709263,-,6.1149999999999975
90.996,0.661194,-,6.1149999999999975
91.065,0.742617,-,6.1149999999999975
91.163,0.661194,-,6.1149999999999975
91.262,0.718092,-,6.1149999999999975
91.391,0.666099,-,6.1149999999999975
91.459,0.704358,-,6.1149999999999975
91.557,0.679833,-,6.1149999999999975
91.657,0.560151,-,6.1149999999999975
91.755,0.464994,-,6.1149999999999975
91.853,0.335502,-,6.1149999999999975
91.953,0.292338,-,6.1149999999999975
92.051,0.119682,-,6.1149999999999975
92.15,0.057879,-,6.1149999999999975
92.249,-0.043164,-,6.1149999999999975
92.347,0.048069,-,6.1149999999999975
92.462,-0.052974,-,6.1149999999999975
92.544,-0.004905,-,6.1149999999999975
92.643,-0.004905,Arrival,6.141249999999998
92.742,0.028449,-,6.141249999999998
92.841,-0.028449,-,6.141249999999998
92.939,-0.038259,-,6.141249999999998
93.05,0.00981,-,6.141249999999998
93.137,0.014715,-,6.141249999999998
93.271,-0.01962,-,6.141249999999998
93.334,-0.023544,-,6.141249999999998
93.433,-0.033354,-,6.141249999999998
93.531,0.014715,-,6.141249999999998
93.637,-0.004905,-,6.141249999999998
93.729,-0.033354,-,6.141249999999998
93.857,-0.023544,-,6.141249999999998
93.927,0.004905,-,6.141249999999998
94.025,0.028449,-,6.141249999999998
94.123,-0.048069,-,6.141249999999998
94.227,-0.01962,-,6.141249999999998
94.321,-0.00981,-,6.141249999999998
94.446,0.023544,-,6.141249999999998
94.518,-0.038259,-,6.141249999999998
94.617,-0.048069,-,6.141249999999998
94.715,0.023544,-,6.141249999999998
94.839,0.153036,-,6.141249999999998
94.912,0.162846,-,6.141249999999998
95.012,0.224649,-,6.141249999999998
95.111,0.066708,-,6.141249999999998
95.209,0.066708,-,6.141249999999998
95.309,-0.023544,-,6.141249999999998
95.407,0.004905,-,6.141249999999998
95.505,-0.00981,-,6.141249999999998
95.604,0.0,-,6.141249999999998
95.703,-0.014715,-,6.141249999999998
95.801,-0.00981,-,6.141249999999998
95.901,-0.00981,-,6.141249999999998
95.999,-0.01962,-,6.141249999999998
96.105,-0.01962,-,6.141249999999998
96.197,-0.014715,-,6.141249999999998
96.321,-0.014715,-,6.141249999999998
96.394,-0.014715,-,6.141249999999998
96.493,-0.01962,-,6.141249999999998
96.592,0.0,-,6.141249999999998
96.692,-0.00981,-,6.141249999999998
96.789,-0.028449,-,6.141249999999998
96.914,0.0,-,6.141249999999998
96.987,-0.014715,-,6.141249999999998
97.086,-0.023544,-,6.141249999999998
97.185,-0.00981,-,6.141249999999998
97.29,-0.057879,-,6.141249999999998
97.382,-0.01962,-,6.141249999999998
97.527,-0.00981,-,6.141249999999998
97.58,-0.033354,-,6.141249999999998
97.69,-0.014715,-,6.141249999999998
97.778,-0.014715,-,6.141249999999998
97.906,-0.033354,-,6.141249999999998
97.975,-0.00981,-,6.141249999999998
98.073,0.00981,-,6.141249999999998
98.173,-0.014715,-,6.141249999999998
98.272,-0.033354,-,6.141249999999998
98.37,-0.028449,-,6.141249999999998
98.468,0.023544,-,6.141249999999998
98.567,-0.028449,-,6.141249999999998
98.666,-0.048069,-,6.141249999999998
98.765,-0.01962,-,6.141249999999998
98.864,-0.014715,-,6.141249999999998
98.963,0.004905,-,6.141249999999998
99.062,-0.028449,-,6.141249999999998
99.16,-0.028449,-,6.141249999999998
99.259,-0.014715,-,6.141249999999998
99.365,-0.023544,-,6.141249999999998
99.456,-0.004905,-,6.141249999999998
99.555,-0.00981,-,6.141249999999998
99.653,-0.01962,-,6.141249999999998
99.757,-0.014715,-,6.141249999999998
99.851,-0.01962,-,6.141249999999998
99.977,-0.014715,-,6.141249999999998
100.049,-0.01962,-,6.141249999999998
100.149,-0.014715,-,6.141249999999998
100.246,-0.00981,-,6.141249999999998
100.351,-0.00981,-,6.141249999999998
100.444,-0.014715,-,6.141249999999998
100.576,-0.014715,-,6.141249999999998
100.642,-0.004905,-,6.141249999999998
100.74,0.01962,-,6.141249999999998
100.84,-0.014715,-,6.141249999999998
100.964,-0.00981,-,6.141249999999998
101.037,-0.01962,-,6.141249999999998
101.136,-0.00981,-,6.141249999999998
101.235,-0.004905,-,6.141249999999998
101.346,-0.004905,-,6.141249999999998
101.432,-0.023544,-,6.141249999999998
101.565,0.0,-,6.141249999999998
101.63,0.0,-,6.141249999999998
101.729,-0.00981,-,6.141249999999998
101.828,-0.00981,-,6.141249999999998
101.927,-0.01962,-,6.141249999999998
102.025,-0.01962,-,6.141249999999998
102.124,-0.014715,-,6.141249999999998
102.223,0.004905,-,6.141249999999998
102.321,-0.00981,-,6.141249999999998
102.42,-0.00981,-,6.141249999999998
102.52,-0.014715,-,6.141249999999998
102.618,-0.014715,-,6.141249999999998
102.716,0.0,-,6.141249999999998
102.815,-0.00981,-,6.141249999999998
102.914,-0.00981,-,6.141249999999998
103.013,-0.014715,-,6.141249999999998
103.113,-0.014715,-,6.141249999999998
103.215,-0.014715,-,6.141249999999998
103.31,-0.023544,-,6.141249999999998
103.439,-0.00981,-,6.141249999999998
103.507,-0.043164,-,6.141249999999998
103.606,-0.023544,-,6.141249999999998
103.704,-0.028449,-,6.141249999999998
103.827,-0.048069,-,6.141249999999998
103.902,-0.028449,-,6.141249999999998
104.0,-0.028449,-,6.141249999999998
104.1,-0.00981,-,6.141249999999998
104.232,-0.00981,-,6.141249999999998
104.297,-0.01962,-,6.141249999999998
104.4,-0.028449,-,6.141249999999998
104.495,-0.00981,-,6.141249999999998
104.631,-0.004905,-,6.141249999999998
104.692,-0.023544,-,6.141249999999998
104.791,-0.038259,-,6.141249999999998
104.89,-0.028449,-,6.141249999999998
105.004,-0.01962,-,6.141249999999998
105.088,-0.004905,-,6.141249999999998
105.218,0.014715,-,6.141249999999998
105.285,-0.00981,-,6.141249999999998
105.384,-0.004905,-,6.141249999999998
105.482,-0.014715,-,6.141249999999998
105.582,-0.028449,-,6.141249999999998
105.68,-0.014715,-,6.141249999999998
105.779,0.0,-,6.141249999999998
105.878,-0.033354,-,6.141249999999998
105.977,0.004905,-,6.141249999999998
106.075,-0.028449,-,6.141249999999998
106.174,-0.00981,-,6.141249999999998
106.273,0.004905,-,6.141249999999998
106.372,-0.004905,-,6.141249999999998
106.471,-0.004905,-,6.141249999999998
106.569,-0.038259,-,6.141249999999998
106.691,-0.01962,-,6.141249999999998
106.766,-0.004905,-,6.141249999999998
106.865,0.0,-,6.141249999999998
106.964,-0.014715,-,6.141249999999998
107.063,-0.014715,-,6.141249999999998
107.162,-0.004905,-,6.141249999999998
107.284,0.0,-,6.141249999999998
107.359,-0.004905,-,6.141249999999998
107.458,-0.014715,-,6.141249999999998
107.556,-0.00981,-,6.141249999999998
107.673,0.0,-,6.141249999999998
107.755,-0.004905,-,6.141249999999998
107.853,-0.00981,-,6.141249999999998
107.951,-0.01962,-,6.141249999999998
108.05,-0.00981,-,6.141249999999998
108.15,-0.004905,-,6.141249999999998
108.276,-0.00981,-,6.141249999999998
108.347,-0.01962,-,6.141249999999998
108.445,-0.01962,-,6.141249999999998
108.544,-0.00981,-,6.141249999999998
108.643,-0.00981,-,6.141249999999998
108.742,-0.01962,-,6.141249999999998
108.87,-0.028449,-,6.141249999999998
108.939,-0.014715,-,6.141249999999998
109.039,-0.014715,-,6.141249999999998
109.136,-0.00981,-,6.141249999999998
109.236,-0.01962,-,6.141249999999998
109.335,-0.014715,-,6.141249999999998
109.433,0.014715,-,6.141249999999998
109.548,-0.00981,-,6.141249999999998
109.632,0.0,-,6.141249999999998
109.729,0.0,-,6.141249999999998
109.828,-0.014715,-,6.141249999999998
109.933,-0.00981,-,6.141249999999998
110.026,-0.01962,-,6.141249999999998
110.153,-0.014715,-,6.141249999999998
110.224,-0.023544,-,6.141249999999998
110.322,-0.01962,-,6.141249999999998
110.421,-0.00981,-,6.141249999999998
110.542,-0.00981,-,6.141249999999998
110.619,-0.00981,-,6.141249999999998
110.718,-0.014715,-,6.141249999999998
110.817,-0.004905,Up,6.141249999999998
110.921,-0.00981,-,6.141249999999998
111.014,0.119682,-,6.141249999999998
111.144,0.244269,-,6.141249999999998
111.212,0.354141,-,6.141249999999998
111.31,0.503253,-,6.141249999999998
111.41,0.536607,-,6.141249999999998
111.514,0.737712,-,6.141249999999998
111.607,0.714168,-,6.141249999999998
111.732,0.722997,-,6.141249999999998
111.805,0.709263,-,6.141249999999998
111.903,0.699453,-,6.141249999999998
112.002,0.699453,-,6.141249999999998
112.101,0.699453,-,6.141249999999998
112.199,0.694548,-,6.141249999999998
112.323,0.737712,-,6.141249999999998
112.397,0.61803,-,6.141249999999998
112.496,0.455184,-,6.141249999999998
112.594,0.407115,-,6.141249999999998
112.694,0.244269,-,6.141249999999998
112.791,0.172656,-,6.141249999999998
112.891,0.134397,-,6.141249999999998
112.991,-0.086328,-,6.141249999999998
113.088,0.00981,-,6.141249999999998
113.203,0.023544,-,6.141249999999998
113.286,-0.023544,-,6.141249999999998
113.385,0.0,-,6.141249999999998
113.483,-0.052974,-,6.141249999999998
113.591,-0.004905,-,6.141249999999998
113.682,0.028449,-,6.141249999999998
113.81,-0.038259,-,6.141249999999998
113.878,-0.066708,-,6.141249999999998
113.977,-0.023544,-,6.141249999999998
114.076,-0.028449,-,6.141249999999998
114.195,0.014715,-,6.141249999999998
114.274,-0.033354,-,6.141249999999998
114.372,0.00981,Brake,6.141249999999998
114.471,-0.081423,-,6.141249999999998
114.572,0.076518,-,6.141249999999998
114.668,-0.104967,-,6.141249999999998
114.804,-0.162846,-,6.141249999999998
114.865,-0.349236,-,6.141249999999998
114.966,-0.368856,-,6.141249999999998
115.063,-0.503253,-,6.141249999999998
115.197,-0.61803,-,6.141249999999998
115.261,-0.666099,-,6.141249999999998
115.36,-0.732807,-,6.141249999999998
115.458,-0.646479,-,6.141249999999998
115.588,-0.709263,-,6.141249999999998
115.656,-0.714168,-,6.141249999999998
115.754,-0.714168,-,6.141249999999998
115.854,-0.704358,-,6.141249999999998
115.952,-0.718092,-,6.141249999999998
116.05,-0.60822,-,6.141249999999998
116.15,-0.478728,-,6.141249999999998
116.249,-0.388476,-,6.141249999999998
116.347,-0.277623,-,6.141249999999998
116.445,-0.191295,-,6.141249999999998
116.544,-0.048069,-,6.141249999999998
116.643,-0.01962,-,6.141249999999998
116.742,0.004905,Arrival,6.098000000000001
116.848,-0.076518,-,6.098000000000001
116.94,0.038259,-,6.098000000000001
117.038,-0.004905,-,6.098000000000001
117.137,0.0,-,6.098000000000001
117.235,-0.048069,-,6.098000000000001
117.334,-0.00981,-,6.098000000000001
117.439,0.00981,-,6.098000000000001
117.532,0.0,-,6.098000000000001
117.63,-0.043164,-,6.098000000000001
117.73,-0.004905,-,6.098000000000001
117.828,-0.004905,-,6.098000000000001
117.927,0.023544,-,6.098000000000001
118.036,-0.038259,-,6.098000000000001
118.124,-0.014715,-,6.098000000000001
118.258,0.004905,-,6.098000000000001
118.322,-0.014715,-,6.098000000000001
118.421,-0.028449,-,6.098000000000001
118.52,-0.043164,-,6.098000000000001
118.64,0.00981,-,6.098000000000001
118.717,0.004905,-,6.098000000000001
118.816,0.00981,-,6.098000000000001
118.915,-0.052974,-,6.098000000000001
119.013,-0.014715,-,6.098000000000001
119.112,0.01962,-,6.098000000000001
119.211,-0.023544,-,6.098000000000001
119.309,-0.043164,-,6.098000000000001
119.408,-0.119682,-,6.098000000000001
119.507,-0.177561,-,6.098000000000001
119.605,-0.258984,-,6.098000000000001
119.704,-0.157941,-,6.098000000000001
119.803,-0.096138,-,6.098000000000001
119.902,-0.01962,-,6.098000000000001
120.001,-0.014715,-,6.098000000000001
120.099,-0.028449,-,6.098000000000001
120.198,-0.01962,-,6.098000000000001
120.297,-0.01962,-,6.098000000000001
120.396,-0.014715,-,6.098000000000001
120.509,-0.00981,-,6.098000000000001
120.593,-0.004905,-,6.098000000000001
120.692,-0.023544,-,6.098000000000001
120.79,-0.01962,-,6.098000000000001
120.889,-0.00981,-,6.098000000000001
120.988,-0.014715,-,6.098000000000001
121.093,-0.00981,-,6.098000000000001
121.186,-0.023544,-,6.098000000000001
121.316,-0.023544,-,6.098000000000001
121.382,-0.014715,-,6.098000000000001
121.486,-0.023544,-,6.098000000000001
121.581,-0.01962,-,6.098000000000001
121.718,-0.00981,-,6.098000000000001
121.778,-0.01962,-,6.098000000000001
121.877,0.0,-,6.098000000000001
121.976,-0.01962,-,6.098000000000001
122.081,-0.038259,-,6.098000000000001
122.173,-0.00981,-,6.098000000000001
122.296,-0.014715,-,6.098000000000001
122.37,-0.023544,-,6.098000000000001
122.47,-0.023544,-,6.098000000000001
122.568,0.004905,-,6.098000000000001
122.667,0.0,-,6.098000000000001
122.766,0.00981,-,6.098000000000001
122.864,-0.014715,-,6.098000000000001
122.963,-0.00981,-,6.098000000000001
123.062,0.014715,-,6.098000000000001
123.166,-0.014715,-,6.098000000000001
123.259,-0.014715,-,6.098000000000001
123.358,-0.023544,-,6.098000000000001
123.457,-0.023544,-,6.098000000000001
123.555,-0.01962,-,6.098000000000001
123.654,-0.00981,-,6.098000000000001
123.759,0.00981,-,6.098000000000001
123.851,0.0,-,6.098000000000001
123.991,-0.014715,-,6.098000000000001
124.049,-0.00981,-,6.098000000000001
124.149,-0.004905,-,6.098000000000001
124.247,-0.004905,-,6.098000000000001
124.36,-0.014715,-,6.098000000000001
124.444,0.004905,-,6.098000000000001
124.542,-0.00981,-,6.098000000000001
124.64,-0.004905,-,6.098000000000001
124.75,-0.01962,-,6.098000000000001
124.839,0.0,-,6.098000000000001
124.973,-0.004905,-,6.098000000000001
125.038,-0.014715,-,6.098000000000001
125.141,-0.01962,-,6.098000000000001
125.233,-0.014715,-,6.098000000000001
125.363,-0.023544,-,6.098000000000001
125.43,-0.014715,-,6.098000000000001
125.529,-0.00981,-,6.098000000000001
125.627,-0.014715,-,6.098000000000001
125.726,-0.00981,-,6.098000000000001
125.825,-0.00981,-,6.098000000000001
125.962,-0.014715,-,6.098000000000001
126.022,-0.014715,-,6.098000000000001
126.121,-0.014715,-,6.098000000000001
126.22,-0.014715,-,6.098000000000001
126.353,-0.004905,-,6.098000000000001
126.417,-0.00981,-,6.098000000000001
126.516,-0.014715,-,6.098000000000001
126.614,-0.00981,-,6.098000000000001
126.713,-0.00981,-,6.098000000000001
126.812,-0.00981,-,6.098000000000001
126.911,-0.014715,-,6.098000000000001
127.009,-0.00981,-,6.098000000000001
127.108,-0.014715,-,6.098000000000001
127.207,-0.014715,-,6.098000000000001
127.306,-0.014715,-,6.098000000000001
127.404,-0.014715,-,6.098000000000001
127.503,-0.01962,-,6.098000000000001
127.63,-0.014715,-,6.098000000000001
127.701,0.0,-,6.098000000000001
127.799,-0.014715,-,6.098000000000001
127.898,-0.00981,-,6.098000000000001
128.003,-0.01962,-,6.098000000000001
128.095,-0.048069,-,6.098000000000001
128.223,-0.01962,-,6.098000000000001
128.293,-0.023544,-,6.098000000000001
128.391,0.01962,-,6.098000000000001
128.49,0.00981,-,6.098000000000001
128.589,-0.023544,-,6.098000000000001
128.687,-0.014715,-,6.098000000000001
128.81,-0.004905,-,6.098000000000001
128.885,-0.00981,-,6.098000000000001
128.984,-0.00981,-,6.098000000000001
129.082,0.0,-,6.098000000000001
129.18,-0.004905,-,6.098000000000001
129.279,-0.028449,-,6.098000000000001
129.378,-0.004905,-,6.098000000000001
129.477,-0.004905,-,6.098000000000001
129.576,-0.01962,-,6.098000000000001
129.674,-0.00981,-,6.098000000000001
129.773,-0.00981,-,6.098000000000001
129.872,0.0,-,6.098000000000001
129.97,-0.004905,-,6.098000000000001
130.08,0.0,-,6.098000000000001
130.168,-0.033354,-,6.098000000000001
130.266,-0.023544,-,6.098000000000001
130.365,-0.01962,-,6.098000000000001
130.47,-0.00981,-,6.098000000000001
130.562,-0.01962,-,6.098000000000001
130.686,-0.004905,-,6.098000000000001
130.76,-0.014715,-,6.098000000000001
130.858,-0.004905,-,6.098000000000001
130.957,-0.01962,-,6.098000000000001
131.077,-0.00981,-,6.098000000000001
131.154,0.004905,-,6.098000000000001
131.253,-0.00981,-,6.098000000000001
131.351,0.0,-,6.098000000000001
131.45,-0.023544,-,6.098000000000001
131.549,-0.014715,-,6.098000000000001
131.671,-0.00981,-,6.098000000000001
131.746,-0.01962,-,6.098000000000001
131.844,-0.028449,-,6.098000000000001
131.943,-0.023544,-,6.098000000000001
132.066,-0.01962,-,6.098000000000001
132.141,-0.023544,-,6.098000000000001
132.239,-0.00981,-,6.098000000000001
132.338,-0.01962,-,6.098000000000001
132.436,-0.01962,-,6.098000000000001
132.535,-0.004905,-,6.098000000000001
132.635,0.0,-,6.098000000000001
132.733,-0.01962,-,6.098000000000001
132.831,-0.00981,-,6.098000000000001
132.934,0.004905,-,6.098000000000001
133.029,-0.004905,-,6.098000000000001
133.128,-0.014715,-,6.098000000000001
133.226,-0.004905,-,6.098000000000001
133.324,-0.01962,-,6.098000000000001
133.423,-0.014715,-,6.098000000000001
133.543,-0.004905,-,6.098000000000001
133.621,-0.014715,-,6.098000000000001
133.719,-0.00981,-,6.098000000000001
133.817,-0.00981,-,6.098000000000001
133.928,-0.00981,-,6.098000000000001
134.015,-0.014715,-,6.098000000000001
134.114,-0.01962,-,6.098000000000001
134.213,-0.014715,-,6.098000000000001
134.312,-0.023544,-,6.098000000000001
134.41,-0.00981,-,6.098000000000001
134.511,-0.01962,-,6.098000000000001
134.609,-0.004905,-,6.098000000000001
134.727,-0.004905,-,6.098000000000001
134.806,-0.038259,-,6.098000000000001
134.904,-0.038259,-,6.098000000000001
135.003,0.0,-,6.098000000000001
135.103,-0.01962,Up,6.098000000000001
135.201,0.0,-,6.098000000000001
135.324,0.057879,-,6.098000000000001
135.399,0.220725,-,6.098000000000001
135.497,0.272718,-,6.098000000000001
135.596,0.435564,-,6.098000000000001
135.728,0.551322,-,6.098000000000001
135.793,0.61803,-,6.098000000000001
135.892,0.761256,-,6.098000000000001
135.991,0.671004,-,6.098000000000001
136.09,0.737712,-,6.098000000000001
136.188,0.679833,-,6.098000000000001
136.318,0.722997,-,6.098000000000001
136.387,0.689643,-,6.098000000000001
136.485,0.661194,-,6.098000000000001
136.584,0.709263,-,6.098000000000001
136.682,0.641574,-,6.098000000000001
136.781,0.498348,-,6.098000000000001
136.88,0.42183,-,6.098000000000001
136.979,0.320787,-,6.098000000000001
137.077,0.201105,-,6.098000000000001
137.184,0.109872,-,6.098000000000001
137.275,0.014715,-,6.098000000000001
137.405,-0.023544,-,6.098000000000001
137.473,-0.01962,-,6.098000000000001
137.571,-0.01962,-,6.098000000000001
137.67,-0.004905,-,6.098000000000001
137.792,-0.033354,-,6.098000000000001
137.868,0.01962,-,6.098000000000001
138.005,-0.101043,-,6.098000000000001
138.065,0.043164,-,6.098000000000001
138.164,-0.048069,-,6.098000000000001
138.263,0.086328,-,6.098000000000001
138.379,-0.091233,-,6.098000000000001
138.461,0.004905,-,6.098000000000001
138.559,-0.043164,-,6.098000000000001
138.658,0.023544,-,6.098000000000001
138.774,-0.028449,-,6.098000000000001
138.856,-0.01962,Brake,6.098000000000001
138.997,0.0,-,6.098000000000001
139.053,-0.048069,-,6.098000000000001
139.159,-0.234459,-,6.098000000000001
139.251,-0.277623,-,6.098000000000001
139.38,-0.40221,-,6.098000000000001
139.449,-0.503253,-,6.098000000000001
139.547,-0.569961,-,6.098000000000001
139.646,-0.732807,-,6.098000000000001
139.745,-0.679833,-,6.098000000000001
139.844,-0.679833,-,6.098000000000001
139.943,-0.694548,-,6.098000000000001
140.041,-0.709263,-,6.098000000000001
140.14,-0.679833,-,6.098000000000001
140.238,-0.684738,-,6.098000000000001
140.337,-0.666099,-,6.098000000000001
140.437,-0.551322,-,6.098000000000001
140.535,-0.460089,-,6.098000000000001
140.635,-0.363951,-,6.098000000000001
140.733,-0.267813,-,6.098000000000001
140.832,-0.096138,-,6.098000000000001
140.931,-0.086328,-,6.098000000000001
141.033,0.004905,-,6.098000000000001
141.128,-0.043164,-,6.098000000000001
141.227,0.052974,Arrival,6.102333333333333
141.326,-0.043164,-,6.102333333333333
141.429,-0.01962,-,6.102333333333333
141.523,-0.014715,-,6.102333333333333
141.646,0.01962,-,6.102333333333333
141.721,0.0,-,6.102333333333333
141.82,-0.048069,-,6.102333333333333
141.919,-0.023544,-,6.102333333333333
142.02,0.023544,-,6.102333333333333
142.116,0.00981,-,6.102333333333333
142.24,-0.01962,-,6.102333333333333
142.314,-0.048069,-,6.102333333333333
142.413,0.023544,-,6.102333333333333
142.511,0.014715,-,6.102333333333333
142.61,-0.004905,-,6.102333333333333
142.709,-0.033354,-,6.102333333333333
142.844,0.00981,-,6.102333333333333
142.907,0.028449,-,6.102333333333333
143.006,-0.023544,-,6.102333333333333
143.104,-0.028449,-,6.102333333333333
143.203,-0.00981,-,6.102333333333333
143.302,0.038259,-,6.102333333333333
143.438,-0.01962,-,6.102333333333333
143.499,-0.052974,-,6.102333333333333
143.598,-0.086328,-,6.102333333333333
143.696,-0.148131,-,6.102333333333333
143.795,-0.20601,-,6.102333333333333
143.894,-0.162846,-,6.102333333333333
143.992,-0.104967,-,6.102333333333333
144.092,-0.043164,-,6.102333333333333
144.19,-0.004905,-,6.102333333333333
144.289,-0.01962,-,6.102333333333333
144.387,-0.00981,-,6.102333333333333
144.51,-0.004905,-,6.102333333333333
144.585,-0.014715,-,6.102333333333333
144.685,0.0,-,6.102333333333333
144.782,-0.004905,-,6.102333333333333
144.885,-0.00981,-,6.102333333333333
144.98,-0.00981,-,6.102333333333333
145.112,-0.004905,-,6.102333333333333
145.178,-0.014715,-,6.102333333333333
145.277,-0.004905,-,6.102333333333333
145.375,-0.004905,-,6.102333333333333
145.487,-0.033354,-,6.102333333333333
145.573,-0.00981,-,6.102333333333333
145.707,-0.00981,-,6.102333333333333
145.771,-0.023544,-,6.102333333333333
145.869,-0.004905,-,6.102333333333333
145.968,-0.014715,-,6.102333333333333
146.09,0.004905,-,6.102333333333333
146.166,-0.00981,-,6.102333333333333
146.264,-0.014715,-,6.102333333333333
146.363,0.0,-,6.102333333333333
146.462,-0.004905,-,6.102333333333333
146.561,0.004905,-,6.102333333333333
146.66,-0.004905,-,6.102333333333333
146.759,-0.023544,-,6.102333333333333
146.89,-0.023544,-,6.102333333333333
146.956,-0.01962,-,6.102333333333333
147.055,-0.014715,-,6.102333333333333
147.152,-0.033354,-,6.102333333333333
147.252,0.038259,-,6.102333333333333
147.351,0.004905,-,6.102333333333333
147.487,0.0,-,6.102333333333333
147.548,0.004905,-,6.102333333333333
147.647,0.004905,-,6.102333333333333
147.768,-0.004905,-,6.102333333333333
147.845,0.0,-,6.102333333333333
147.943,-0.014715,-,6.102333333333333
148.042,-0.028449,-,6.102333333333333
148.144,-0.014715,-,6.102333333333333
148.24,-0.014715,-,6.102333333333333
148.375,-0.004905,-,6.102333333333333
148.438,-0.014715,-,6.102333333333333
148.55,-0.00981,-,6.102333333333333
148.635,0.004905,-,6.102333333333333
148.733,-0.014715,-,6.102333333333333
148.832,-0.00981,-,6.102333333333333
148.933,-0.014715,-,6.102333333333333
149.03,-0.014715,-,6.102333333333333
149.16,-0.014715,-,6.102333333333333
149.228,-0.014715,-,6.102333333333333
149.326,-0.01962,-,6.102333333333333
149.425,-0.028449,-,6.102333333333333
149.55,-0.00981,-,6.102333333333333
149.623,0.0,-,6.102333333333333
149.722,-0.014715,-,6.102333333333333
149.82,-0.004905,-,6.102333333333333
149.918,-0.014715,-,6.102333333333333
150.018,-0.023544,-,6.102333333333333
150.117,-0.014715,-,6.102333333333333
150.215,-0.014715,-,6.102333333333333
150.314,-0.01962,-,6.102333333333333
150.412,-0.014715,-,6.102333333333333
150.552,-0.00981,-,6.102333333333333
150.61,-0.01962,-,6.102333333333333
150.708,-0.014715,-,6.102333333333333
150.808,-0.00981,-,6.102333333333333
150.906,-0.01962,-,6.102333333333333
151.005,-0.004905,-,6.102333333333333
151.104,-0.023544,-,6.102333333333333
151.22,-0.00981,-,6.102333333333333
151.301,-0.00981,-,6.102333333333333
151.399,-0.00981,-,6.102333333333333
151.498,-0.01962,-,6.102333333333333
151.614,-0.01962,-,6.102333333333333
151.697,-0.00981,-,6.102333333333333
151.795,-0.014715,-,6.102333333333333
151.894,-0.01962,-,6.102333333333333
151.993,-0.004905,-,6.102333333333333
152.091,-0.014715,-,6.102333333333333
152.214,-0.01962,-,6.102333333333333
152.289,-0.00981,-,6.102333333333333
152.386,0.014715,-,6.102333333333333
152.485,-0.014715,-,6.102333333333333
152.591,-0.014715,-,6.102333333333333
152.683,-0.01962,-,6.102333333333333
152.811,-0.014715,-,6.102333333333333
152.881,-0.023544,-,6.102333333333333
152.979,-0.004905,-,6.102333333333333
153.078,0.0,-,6.102333333333333
153.177,-0.023544,-,6.102333333333333
153.276,-0.038259,-,6.102333333333333
153.404,-0.023544,-,6.102333333333333
153.473,-0.01962,-,6.102333333333333
153.572,-0.00981,-,6.102333333333333
153.671,-0.00981,-,6.102333333333333
153.77,-0.01962,-,6.102333333333333
153.868,0.0,-,6.102333333333333
153.967,-0.004905,-,6.102333333333333
154.065,-0.014715,-,6.102333333333333
154.163,0.014715,-,6.102333333333333
154.264,-0.014715,-,6.102333333333333
154.362,-0.00981,-,6.102333333333333
154.484,-0.014715,-,6.102333333333333
154.559,-0.00981,-,6.102333333333333
154.658,-0.00981,-,6.102333333333333
154.757,-0.00981,-,6.102333333333333
154.882,-0.014715,-,6.102333333333333
154.954,0.0,-,6.102333333333333
155.053,-0.00981,-,6.102333333333333
155.151,-0.028449,-,6.102333333333333
155.255,-0.01962,-,6.102333333333333
155.35,-0.014715,-,6.102333333333333
155.47,-0.004905,-,6.102333333333333
155.547,0.00981,-,6.102333333333333
155.685,-0.033354,-,6.102333333333333
155.745,-0.00981,-,6.102333333333333
155.844,-0.00981,-,6.102333333333333
155.942,-0.004905,-,6.102333333333333
156.065,-0.00981,-,6.102333333333333
156.14,-0.00981,-,6.102333333333333
156.239,-0.004905,-,6.102333333333333
156.337,-0.004905,-,6.102333333333333
156.465,0.0,-,6.102333333333333
156.535,0.004905,-,6.102333333333333
156.634,-0.004905,-,6.102333333333333
156.733,-0.00981,-,6.102333333333333
156.832,-0.01962,-,6.102333333333333
156.93,-0.00981,-,6.102333333333333
157.05,-0.004905,-,6.102333333333333
157.128,-0.004905,-,6.102333333333333
157.227,-0.01962,-,6.102333333333333
157.325,-0.01962,-,6.102333333333333
157.424,-0.014715,-,6.102333333333333
157.522,-0.043164,-,6.102333333333333
157.622,-0.033354,-,6.102333333333333
157.721,-0.014715,-,6.102333333333333
157.819,-0.01962,-,6.102333333333333
157.922,-0.014715,-,6.102333333333333
158.017,-0.00981,-,6.102333333333333
158.116,-0.014715,-,6.102333333333333
158.214,-0.014715,-,6.102333333333333
158.313,-0.004905,-,6.102333333333333
158.412,-0.00981,-,6.102333333333333
158.524,-0.014715,-,6.102333333333333
158.609,-0.00981,-,6.102333333333333
158.708,-0.01962,-,6.102333333333333
158.807,-0.071613,-,6.102333333333333
158.907,-0.048069,-,6.102333333333333
159.004,-0.023544,-,6.102333333333333
159.127,-0.01962,-,6.102333333333333
159.202,-0.01962,-,6.102333333333333
159.3,-0.014715,-,6.102333333333333
159.399,-0.01962,-,6.102333333333333
159.513,-0.014715,-,6.102333333333333
159.597,-0.00981,-,6.102333333333333
159.739,-0.00981,-,6.102333333333333
159.794,-0.00981,Up,6.102333333333333
159.893,0.004905,-,6.102333333333333
159.992,0.234459,-,6.102333333333333
160.09,0.272718,-,6.102333333333333
160.19,0.430659,-,6.102333333333333
160.288,0.526797,-,6.102333333333333
160.387,0.593505,-,6.102333333333333
160.486,0.752427,-,6.102333333333333
160.584,0.671004,-,6.102333333333333
160.683,0.704358,-,6.102333333333333
160.782,0.709263,-,6.102333333333333
160.881,0.661194,-,6.102333333333333
160.98,0.737712,-,6.102333333333333
161.079,0.709263,-,6.102333333333333
161.177,0.714168,-,6.102333333333333
161.276,0.656289,-,6.102333333333333
161.375,0.574866,-,6.102333333333333
161.474,0.435564,-,6.102333333333333
161.575,0.359046,-,6.102333333333333
161.672,0.263889,-,6.102333333333333
161.787,0.109872,-,6.102333333333333
161.869,0.076518,-,6.102333333333333
162.006,-0.038259,-,6.102333333333333
162.066,-0.028449,-,6.102333333333333
162.165,0.052974,-,6.102333333333333
162.264,-0.014715,-,6.102333333333333
162.38,0.043164,-,6.102333333333333
162.462,-0.048069,-,6.102333333333333
162.6,-0.033354,-,6.102333333333333
162.66,0.01962,-,6.102333333333333
162.768,-0.033354,-,6.102333333333333
162.857,0.048069,-,6.102333333333333
162.988,-0.076518,-,6.102333333333333
163.055,0.028449,-,6.102333333333333
163.154,-0.01962,-,6.102333333333333
163.252,0.033354,-,6.102333333333333
163.351,-0.01962,-,6.102333333333333
163.45,-0.028449,-,6.102333333333333
163.549,-0.043164,Brake,6.102333333333333
163.647,-0.014715,-,6.102333333333333
163.747,-0.162846,-,6.102333333333333
163.845,-0.277623,-,6.102333333333333
163.944,-0.407115,-,6.102333333333333
164.043,-0.464994,-,6.102333333333333
164.183,-0.569961,-,6.102333333333333
164.24,-0.709263,-,6.102333333333333
164.339,-0.732807,-,6.102333333333333
164.437,-0.727902,-,6.102333333333333
164.537,-0.766161,-,6.102333333333333
164.635,-0.709263,-,6.102333333333333
164.734,-0.694548,-,6.102333333333333
164.832,-0.714168,-,6.102333333333333
164.931,-0.699453,-,6.102333333333333
165.029,-0.569961,-,6.102333333333333
165.129,-0.464994,-,6.102333333333333
165.227,-0.430659,-,6.102333333333333
165.326,-0.244269,-,6.102333333333333
165.424,-0.210915,-,6.102333333333333
165.523,-0.057879,-,6.102333333333333
165.655,-0.033354,-,6.102333333333333
165.721,0.004905,-,6.102333333333333
165.822,0.038259,Arrival,6.091714285714284
165.919,-0.081423,-,6.091714285714284
166.043,0.014715,-,6.091714285714284
166.115,-0.023544,-,6.091714285714284
166.215,0.033354,-,6.091714285714284
166.313,-0.061803,-,6.091714285714284
166.427,-0.014715,-,6.091714285714284
166.511,0.0,-,6.091714285714284
166.649,0.0,-,6.091714285714284
166.709,-0.028449,-,6.091714285714284
166.817,-0.043164,-,6.091714285714284
166.907,0.00981,-,6.091714285714284
167.033,0.0,-,6.091714285714284
167.104,-0.014715,-,6.091714285714284
167.202,-0.023544,-,6.091714285714284
167.301,-0.00981,-,6.091714285714284
167.4,0.028449,-,6.091714285714284
167.499,-0.01962,-,6.091714285714284
167.632,-0.028449,-,6.091714285714284
167.697,-0.00981,-,6.091714285714284
167.795,0.004905,-,6.091714285714284
167.894,0.004905,-,6.091714285714284
167.993,-0.052974,-,6.091714285714284
168.092,-0.004905,-,6.091714285714284
168.19,-0.086328,-,6.091714285714284
168.288,-0.1962,-,6.091714285714284
168.388,-0.282528,-,6.091714285714284
168.501,-0.182466,-,6.091714285714284
168.585,-0.091233,-,6.091714285714284
168.684,-0.023544,-,6.091714285714284
168.783,-0.01962,-,6.091714285714284
168.882,-0.023544,-,6.091714285714284
168.98,-0.00981,-,6.091714285714284
169.092,-0.00981,-,6.091714285714284
169.178,-0.00981,-,6.091714285714284
169.276,-0.014715,-,6.091714285714284
169.375,-0.014715,-,6.091714285714284
169.489,-0.004905,-,6.091714285714284
169.574,-0.00981,-,6.091714285714284
169.706,-0.014715,-,6.091714285714284
169.77,-0.004905,-,6.091714285714284
169.869,-0.00981,-,6.091714285714284
169.968,-0.00981,-,6.091714285714284
170.067,0.0,-,6.091714285714284
170.166,-0.014715,-,6.091714285714284
170.298,-0.004905,-,6.091714285714284
170.363,-0.01962,-,6.091714285714284
170.462,-0.00981,-,6.091714285714284
170.561,-0.004905,-,6.091714285714284
170.659,-0.004905,-,6.091714285714284
170.759,-0.014715,-,6.091714285714284
170.857,-0.01962,-,6.091714285714284
170.955,-0.028449,-,6.091714285714284
171.054,-0.01962,-,6.091714285714284
171.164,-0.004905,-,6.091714285714284
171.252,-0.00981,-,6.091714285714284
171.351,0.01962,-,6.091714285714284
171.45,-0.004905,-,6.091714285714284
171.549,-0.023544,-,6.091714285714284
171.648,0.0,-,6.091714285714284
171.754,0.004905,-,6.091714285714284
171.845,-0.014715,-,6.091714285714284
171.966,0.0,-,6.091714285714284
172.043,0.0,-,6.091714285714284
172.141,0.00981,-,6.091714285714284
172.24,0.004905,-,6.091714285714284
172.344,-0.00981,-,6.091714285714284
172.437,-0.014715,-,6.091714285714284
172.564,-0.023544,-,6.091714285714284
172.635,-0.00981,-,6.091714285714284
172.734,-0.01962,-,6.091714285714284
172.832,0.00981,-,6.091714285714284
172.931,-0.01962,-,6.091714285714284
173.029,-0.00981,-,6.091714285714284
173.154,0.004905,-,6.091714285714284
173.227,-0.004905,-,6.091714285714284
173.326,-0.00981,-,6.091714285714284
173.425,-0.01962,-,6.091714285714284
173.537,-0.014715,-,6.091714285714284
173.623,-0.00981,-,6.091714285714284
173.757,-0.00981,-,6.091714285714284
173.819,0.004905,-,6.091714285714284
173.919,-0.014715,-,6.091714285714284
174.017,-0.014715,-,6.091714285714284
174.116,-0.01962,-,6.091714285714284
174.215,-0.023544,-,6.091714285714284
174.346,-0.004905,-,6.091714285714284
174.412,0.0,-,6.091714285714284
174.511,-0.004905,-,6.091714285714284
174.61,-0.014715,-,6.091714285714284
174.709,-0.004905,-,6.091714285714284
174.807,-0.004905,-,6.091714285714284
174.906,-0.00981,-,6.091714285714284
175.006,-0.004905,-,6.091714285714284
175.103,-0.00981,-,6.091714285714284
175.216,-0.004905,-,6.091714285714284
175.301,-0.00981,-,6.091714285714284
175.436,-0.004905,-,6.091714285714284
175.498,0.0,-,6.091714285714284
175.597,-0.00981,-,6.091714285714284
175.695,0.0,-,6.091714285714284
175.82,-0.00981,-,6.091714285714284
175.893,0.0,-,6.091714285714284
175.992,-0.004905,-,6.091714285714284
176.091,-0.014715,-,6.091714285714284
176.193,-0.00981,-,6.091714285714284
176.288,-0.004905,-,6.091714285714284
176.416,-0.00981,-,6.091714285714284
176.485,-0.004905,-,6.091714285714284
176.584,-0.004905,-,6.091714285714284
176.683,-0.004905,-,6.091714285714284
176.781,-0.00981,-,6.091714285714284
176.881,-0.023544,-,6.091714285714284
177.006,-0.004905,-,6.091714285714284
177.079,-0.023544,-,6.091714285714284
177.177,-0.01962,-,6.091714285714284
177.275,-0.023544,-,6.091714285714284
177.374,-0.00981,-,6.091714285714284
177.473,0.004905,-,6.091714285714284
177.61,-0.004905,-,6.091714285714284
177.671,0.004905,-,6.091714285714284
177.769,-0.014715,-,6.091714285714284
177.867,0.004905,-,6.091714285714284
177.967,-0.004905,-,6.091714285714284
178.065,-0.033354,-,6.091714285714284
178.164,-0.004905,-,6.091714285714284
178.287,0.014715,-,6.091714285714284
178.361,-0.023544,-,6.091714285714284
178.461,-0.01962,-,6.091714285714284
178.559,-0.014715,-,6.091714285714284
178.691,0.01962,-,6.091714285714284
178.756,-0.00981,-,6.091714285714284
178.854,0.0,-,6.091714285714284
178.954,-0.004905,-,6.091714285714284
179.076,-0.014715,-,6.091714285714284
179.151,-0.023544,-,6.091714285714284
179.25,-0.00981,-,6.091714285714284
179.349,0.004905,-,6.091714285714284
179.447,-0.01962,-,6.091714285714284
179.547,-0.00981,-,6.091714285714284
179.66,-0.004905,-,6.091714285714284
179.744,0.0,-,6.091714285714284
179.883,-0.00981,-,6.091714285714284
179.941,-0.023544,-,6.091714285714284
180.04,-0.01962,-,6.091714285714284
180.139,-0.028449,-,6.091714285714284
180.256,-0.00981,-,6.091714285714284
180.336,0.004905,-,6.091714285714284
180.472,-0.01962,-,6.091714285714284
180.534,-0.01962,-,6.091714285714284
180.633,0.0,-,6.091714285714284
180.731,-0.01962,-,6.091714285714284
180.83,-0.014715,-,6.091714285714284
180.929,-0.00981,-,6.091714285714284
181.059,-0.014715,-,6.091714285714284
181.126,-0.00981,-,6.091714285714284
181.224,-0.01962,-,6.091714285714284
181.323,-0.014715,-,6.091714285714284
181.422,0.0,-,6.091714285714284
181.521,-0.014715,-,6.091714285714284
181.62,-0.014715,-,6.091714285714284
181.73,-0.01962,-,6.091714285714284
181.817,-0.014715,-,6.091714285714284
181.916,0.0,-,6.091714285714284
182.015,0.0,-,6.091714285714284
182.122,-0.038259,-,6.091714285714284
182.212,-0.014715,-,6.091714285714284
182.311,0.0,-,6.091714285714284
182.409,-0.00981,-,6.091714285714284
182.508,-0.014715,-,6.091714285714284
182.607,-0.00981,-,6.091714285714284
182.726,-0.014715,-,6.091714285714284
182.805,-0.043164,-,6.091714285714284
182.903,-0.023544,-,6.091714285714284
183.002,-0.004905,-,6.091714285714284
183.11,-0.004905,-,6.091714285714284
183.2,-0.028449,-,6.091714285714284
183.297,-0.014715,-,6.091714285714284
183.397,-0.014715,-,6.091714285714284
183.496,-0.004905,-,6.091714285714284
183.594,-0.014715,-,6.091714285714284
183.717,-0.01962,-,6.091714285714284
183.791,-0.00981,-,6.091714285714284
183.89,-0.023544,-,6.091714285714284
183.989,-0.00981,-,6.091714285714284
184.088,-0.00981,-,6.091714285714284
184.186,-0.00981,-,6.091714285714284
184.323,-0.00981,-,6.091714285714284
184.384,-0.014715,Up,6.091714285714284
184.483,-0.004905,-,6.091714285714284
184.582,0.129492,-,6.091714285714284
184.68,0.229554,-,6.091714285714284
184.779,0.320787,-,6.091714285714284
184.878,0.488538,-,6.091714285714284
184.977,0.555246,-,6.091714285714284
185.076,0.62784,-,6.091714285714284
185.175,0.694548,-,6.091714285714284
185.273,0.727902,-,6.091714285714284
185.372,0.646479,-,6.091714285714284
185.47,0.727902,-,6.091714285714284
185.575,0.661194,-,6.091714285714284
185.668,0.679833,-,6.091714285714284
185.795,0.684738,-,6.091714285714284
185.866,0.694548,-,6.091714285714284
185.965,0.61803,-,6.091714285714284
186.064,0.445374,-,6.091714285714284
186.166,0.340407,-,6.091714285714284
186.261,0.307053,-,6.091714285714284
186.385,0.162846,-,6.091714285714284
186.459,0.043164,-,6.091714285714284
186.558,0.00981,-,6.091714285714284
186.657,-0.023544,-,6.091714285714284
186.767,0.023544,-,6.091714285714284
186.855,-0.014715,-,6.091714285714284
186.99,-0.043164,-,6.091714285714284
187.052,0.023544,-,6.091714285714284
187.15,-0.014715,-,6.091714285714284
187.249,0.071613,-,6.091714285714284
187.381,-0.057879,-,6.091714285714284
187.448,0.00981,-,6.091714285714284
187.546,-0.023544,-,6.091714285714284
187.645,-0.01962,-,6.091714285714284
187.744,-0.00981,-,6.091714285714284
187.842,-0.028449,-,6.091714285714284
187.981,-0.00981,-,6.091714285714284
188.04,0.0,-,6.091714285714284
188.139,-0.01962,Brake,6.091714285714284
188.238,0.0,-,6.091714285714284
188.363,-0.048069,-,6.091714285714284
188.435,-0.114777,-,6.091714285714284
188.534,-0.258984,-,6.091714285714284
188.633,-0.363951,-,6.091714285714284
188.731,-0.464994,-,6.091714285714284
188.83,-0.555246,-,6.091714285714284
188.929,-0.679833,-,6.091714285714284
189.034,-0.709263,-,6.091714285714284
189.127,-0.727902,-,6.091714285714284
189.225,-0.699453,-,6.091714285714284
189.325,-0.761256,-,6.091714285714284
189.424,-0.684738,-,6.091714285714284
189.522,-0.709263,-,6.091714285714284
189.643,-0.756351,-,6.091714285714284
189.719,-0.613125,-,6.091714285714284
189.818,-0.455184,-,6.091714285714284
189.917,-0.440469,-,6.091714285714284
190.026,-0.287433,-,6.091714285714284
190.115,-0.244269,-,6.091714285714284
190.243,-0.109872,-,6.091714285714284
190.312,-0.004905,-,6.091714285714284
190.411,0.004905,Arrival,6.0836250000000005
190.511,-0.028449,-,6.0836250000000005
190.627,-0.023544,-,6.0836250000000005
190.708,0.014715,-,6.0836250000000005
190.846,-0.014715,-,6.0836250000000005
190.906,-0.043164,-,6.0836250000000005
191.004,-0.014715,-,6.0836250000000005
191.103,-0.00981,-,6.0836250000000005
191.241,0.01962,-,6.0836250000000005
191.301,-0.028449,-,6.0836250000000005
191.399,-0.066708,-,6.0836250000000005
191.497,0.023544,-,6.0836250000000005
191.625,0.0,-,6.0836250000000005
191.695,-0.01962,-,6.0836250000000005
191.794,-0.038259,-,6.0836250000000005
191.893,0.00981,-,6.0836250000000005
191.992,0.004905,-,6.0836250000000005
192.091,-0.038259,-,6.0836250000000005
192.189,-0.014715,-,6.0836250000000005
192.288,-0.028449,-,6.0836250000000005
192.387,0.057879,-,6.0836250000000005
192.497,-0.033354,-,6.0836250000000005
192.584,-0.00981,-,6.0836250000000005
192.683,-0.028449,-,6.0836250000000005
192.782,0.00981,-,6.0836250000000005
192.881,-0.043164,-,6.0836250000000005
192.979,-0.167751,-,6.0836250000000005
193.083,-0.244269,-,6.0836250000000005
193.177,-0.157941,-,6.0836250000000005
193.275,-0.139302,-,6.0836250000000005
193.374,-0.01962,-,6.0836250000000005
193.473,-0.023544,-,6.0836250000000005
193.571,-0.004905,-,6.0836250000000005
193.696,-0.004905,-,6.0836250000000005
193.77,-0.00981,-,6.0836250000000005
193.869,-0.004905,-,6.0836250000000005
193.967,-0.014715,-,6.0836250000000005
194.081,-0.00981,-,6.0836250000000005
194.165,-0.00981,-,6.0836250000000005
194.301,-0.014715,-,6.0836250000000005
194.363,-0.00981,-,6.0836250000000005
194.462,-0.014715,-,6.0836250000000005
194.56,-0.014715,-,6.0836250000000005
194.659,-0.033354,-,6.0836250000000005
194.759,-0.004905,-,6.0836250000000005
194.882,-0.00981,-,6.0836250000000005
194.955,-0.00981,-,6.0836250000000005
195.054,0.0,-,6.0836250000000005
195.152,-0.00981,-,6.0836250000000005
195.252,-0.014715,-,6.0836250000000005
195.351,-0.014715,-,6.0836250000000005
195.448,-0.00981,-,6.0836250000000005
195.548,-0.01962,-,6.0836250000000005
195.646,-0.014715,-,6.0836250000000005
