dt-timestamp(s),dt-accel(m/s2),pt-timestamp(s),pt-accel(m/s2)
0.0,0.0,0.0,-0.014715
0.1,0.0,0.098,0.0
0.1,0.0,0.197,-0.004905
0.2,0.0,0.197,-0.004905
0.3,0.0,0.197,-0.004905
0.4,0.0,0.197,-0.004905
0.5,0.0,0.197,-0.004905
0.6,0.0,0.197,-0.004905
0.7,0.0,0.197,-0.004905
0.8,0.0,0.197,-0.004905
0.9,0.0,0.197,-0.004905
1.0,0.0,0.197,-0.004905
1.1,0.0,0.197,-0.004905
1.2,0.0,0.197,-0.004905
1.3,0.0,0.197,-0.004905
1.4,0.0,0.197,-0.004905
1.5,0.0,0.197,-0.004905
1.6,0.0,0.197,-0.004905
1.7,0.0,0.197,-0.004905
1.8,0.0,0.197,-0.004905
1.9,0.0,0.197,-0.004905
2.0,0.0,0.197,-0.004905
2.1,0.0,0.197,-0.004905
2.2,0.0,0.197,-0.004905
2.3,0.0,0.197,-0.004905
2.4,0.0,0.197,-0.004905
2.5,0.0,0.197,-0.004905
2.6,0.0,0.197,-0.004905
2.7,0.0,0.197,-0.004905
2.8,0.0,0.197,-0.004905
2.9,0.0,0.197,-0.004905
3.0,0.0,0.197,-0.004905
3.1,0.0,0.197,-0.004905
3.2,0.0,0.197,-0.004905
3.3,0.0,0.197,-0.004905
3.4,0.0,0.197,-0.004905
3.5,0.0,0.197,-0.004905
3.6,0.0,0.197,-0.004905
3.7,0.0,0.197,-0.004905
3.8,0.0,0.197,-0.004905
3.9,0.0,0.197,-0.004905
4.0,0.0,0.197,-0.004905
4.1,0.0,0.197,-0.004905
4.2,0.0,0.197,-0.004905
4.3,0.0,0.197,-0.004905
4.4,0.0,0.197,-0.004905
4.5,0.0,0.197,-0.004905
4.6,0.0,0.197,-0.004905
4.7,0.0,0.197,-0.004905
4.8,0.0,0.197,-0.004905
4.9,0.0,0.197,-0.004905
5.0,0.0,0.197,-0.004905
5.1,0.0,0.197,-0.004905
5.2,0.0,0.197,-0.004905
5.3,0.0,0.197,-0.004905
5.4,0.0,0.197,-0.004905
5.5,0.0,0.197,-0.004905
5.6,0.0,0.197,-0.004905
5.7,0.0,0.197,-0.004905
5.8,0.0,0.197,-0.004905
5.9,0.0,0.197,-0.004905
6.0,0.0,0.197,-0.004905
6.1,0.0,0.197,-0.004905
6.2,0.0,0.197,-0.004905
6.3,0.0,0.197,-0.004905
6.4,0.0,0.197,-0.004905
6.5,0.0,0.197,-0.004905
6.6,0.0,0.197,-0.004905
6.7,0.0,0.197,-0.004905
6.8,0.0,0.197,-0.004905
6.9,0.0,0.197,-0.004905
7.0,0.0,0.197,-0.004905
7.1,0.0,0.197,-0.004905
7.2,0.0,0.197,-0.004905
7.3,0.0,0.197,-0.004905
7.4,0.0,0.197,-0.004905
7.5,0.0,0.197,-0.004905
7.6,0.0,0.197,-0.004905
7.7,0.0,0.197,-0.004905
7.8,0.0,0.197,-0.004905
7.9,0.0,0.197,-0.004905
8.0,0.0,0.197,-0.004905
8.1,0.0,0.197,-0.004905
8.2,0.0,0.197,-0.004905
8.3,0.0,0.197,-0.004905
8.4,0.0,0.197,-0.004905
8.5,0.0,0.197,-0.004905
8.6,0.0,0.197,-0.004905
8.7,0.0,0.197,-0.004905
8.8,0.0,0.197,-0.004905
8.9,0.0,0.197,-0.004905
9.0,0.0,0.197,-0.004905
9.1,0.0,0.197,-0.004905
9.2,0.0,0.197,-0.004905
9.3,0.0,0.197,-0.004905
9.4,0.0,0.197,-0.004905
9.5,0.0,0.197,-0.004905
9.6,0.0,0.197,-0.004905
9.7,0.0,0.197,-0.004905
9.8,0.0,0.197,-0.004905
9.9,0.0,0.197,-0.004905
10.0,0.0,0.197,-0.004905
10.1,0.0,0.197,-0.004905
10.2,0.0,0.197,-0.004905
10.3,0.0,0.197,-0.004905
10.4,0.0,0.197,-0.004905
10.5,0.0,0.197,-0.004905
10.6,0.0,0.197,-0.004905
10.7,0.0,0.197,-0.004905
10.8,0.0,0.197,-0.004905
10.9,0.0,0.197,-0.004905
11.0,0.0,0.197,-0.004905
11.1,0.0,0.197,-0.004905
11.2,0.0,0.197,-0.004905
11.3,0.0,0.197,-0.004905
11.4,0.0,0.197,-0.004905
11.5,0.0,0.197,-0.004905
11.6,0.0,0.197,-0.004905
11.7,0.0,0.197,-0.004905
11.8,0.0,0.197,-0.004905
11.9,0.0,0.197,-0.004905
12.0,0.0,0.197,-0.004905
12.1,0.0,0.197,-0.004905
12.2,0.0,0.197,-0.004905
12.3,0.0,0.197,-0.004905
12.4,0.0,0.197,-0.004905
12.5,0.0,0.197,-0.004905
12.6,0.0,0.197,-0.004905
12.7,0.0,0.197,-0.004905
12.8,0.0,0.197,-0.004905
12.9,0.0,0.197,-0.004905
13.0,0.0,0.197,-0.004905
13.1,0.0,0.197,-0.004905
13.2,0.0,0.197,-0.004905
13.3,0.0,0.197,-0.004905
13.4,0.0,0.197,-0.004905
13.5,0.0,0.197,-0.004905
13.6,0.0,0.197,-0.004905
13.7,0.0,0.197,-0.004905
13.8,0.0,0.197,-0.004905
13.9,0.0,0.197,-0.004905
14.0,0.0,0.197,-0.004905
14.1,0.0,0.197,-0.004905
14.2,0.0,0.197,-0.004905
14.3,0.0,0.197,-0.004905
14.4,0.0,0.197,-0.004905
14.5,0.0,0.197,-0.004905
14.6,0.0,0.197,-0.004905
14.7,0.0,0.197,-0.004905
14.8,0.0,0.197,-0.004905
14.9,0.0,0.197,-0.004905
15.0,0.0,0.197,-0.004905
15.1,0.0,0.197,-0.004905
15.2,0.0,0.197,-0.004905
15.3,0.0,0.197,-0.004905
15.4,0.0,0.197,-0.004905
15.5,0.0,0.197,-0.004905
15.6,0.0,0.197,-0.004905
15.7,0.0,0.197,-0.004905
15.8,0.0,0.197,-0.004905
15.9,0.0,0.197,-0.004905
16.0,0.0,0.197,-0.004905
16.1,0.0,0.197,-0.004905
16.2,0.0,0.197,-0.004905
16.3,0.0,0.197,-0.004905
16.4,0.0,0.197,-0.004905
16.5,0.0,0.197,-0.004905
16.6,0.0,0.197,-0.004905
16.7,0.0,0.197,-0.004905
16.8,0.0,0.197,-0.004905
16.9,0.0,0.197,-0.004905
17.0,0.0,0.197,-0.004905
17.1,0.0,0.197,-0.004905
17.2,0.0,0.197,-0.004905
17.3,0.0,0.197,-0.004905
17.4,0.0,0.197,-0.004905
17.5,0.0,0.197,-0.004905
17.6,0.0,0.197,-0.004905
17.7,0.0,0.197,-0.004905
17.8,0.0,0.197,-0.004905
17.9,0.0,0.197,-0.004905
18.0,0.0,0.197,-0.004905
18.1,0.0,0.197,-0.004905
18.2,0.0,0.197,-0.004905
18.3,0.0,0.197,-0.004905
18.4,0.0,0.197,-0.004905
18.5,0.0,0.197,-0.004905
18.6,0.0,0.197,-0.004905
18.7,0.0,0.197,-0.004905
18.8,0.0,0.197,-0.004905
18.9,0.0,0.197,-0.004905
19.0,0.0,0.197,-0.004905
19.1,0.0,0.197,-0.004905
19.2,0.0,0.197,-0.004905
19.3,0.0,0.197,-0.004905
19.4,0.0,0.197,-0.004905
19.5,0.0,0.197,-0.004905
19.6,0.0,0.197,-0.004905
19.7,0.0,0.197,-0.004905
19.8,0.0,0.197,-0.004905
19.9,0.0,0.197,-0.004905
20.0,0.0,0.197,-0.004905
20.1,0.0,0.197,-0.004905
20.2,0.0,0.197,-0.004905
20.3,0.0,0.197,-0.004905
20.4,0.0,0.197,-0.004905
20.5,0.0,0.197,-0.004905
20.6,-0.1,0.197,-0.004905
20.6,-0.1,0.324,-0.023544
20.6,-0.1,0.393,-0.004905
20.6,-0.1,0.493,-0.028449
20.6,-0.1,0.592,-0.00981
20.6,-0.1,0.704,-0.014715
20.6,-0.1,0.789,-0.00981
20.6,-0.1,0.926,-0.014715
20.6,-0.1,0.987,-0.00981
20.6,-0.1,1.086,-0.004905
20.6,-0.1,1.184,-0.004905
20.6,-0.1,1.298,-0.01962
20.6,-0.1,1.381,0.0
20.6,-0.1,1.481,-0.01962
20.6,-0.1,1.579,-0.00981
20.6,-0.1,1.678,-0.01962
20.6,-0.1,1.778,-0.014715
20.6,-0.1,1.915,-0.014715
20.6,-0.1,1.974,-0.014715
20.6,-0.1,2.073,-0.00981
20.6,-0.1,2.172,-0.004905
20.6,-0.1,2.271,-0.00981
20.6,-0.1,2.371,-0.00981
20.6,-0.1,2.468,-0.004905
20.6,-0.1,2.566,-0.004905
20.6,-0.1,2.667,-0.01962
20.6,-0.1,2.764,-0.014715
20.6,-0.1,2.863,-0.00981
20.6,-0.1,2.962,-0.014715
20.6,-0.1,3.06,-0.00981
20.6,-0.1,3.168,-0.00981
20.6,-0.1,3.259,-0.004905
20.6,-0.1,3.358,-0.01962
20.6,-0.1,3.456,-0.014715
20.6,-0.1,3.554,-0.00981
20.6,-0.1,3.653,-0.014715
20.6,-0.1,3.753,-0.004905
20.6,-0.1,3.851,-0.01962
20.6,-0.1,3.979,-0.014715
20.6,-0.1,4.049,-0.004905
20.6,-0.1,4.148,-0.004905
20.6,-0.1,4.246,-0.004905
20.6,-0.1,4.37,-0.00981
20.6,-0.1,4.443,-0.00981
20.6,-0.1,4.542,-0.00981
20.6,-0.1,4.64,-0.014715
20.6,-0.1,4.769,-0.004905
20.6,-0.1,4.839,-0.00981
20.6,-0.1,4.937,-0.014715
20.6,-0.1,5.036,-0.00981
20.6,-0.1,5.139,-0.00981
20.6,-0.1,5.233,-0.014715
20.6,-0.1,5.356,-0.00981
20.6,-0.1,5.431,-0.00981
20.6,-0.1,5.529,-0.014715
20.6,-0.1,5.628,-0.014715
20.6,-0.1,5.727,-0.004905
20.6,-0.1,5.826,-0.00981
20.6,-0.1,5.924,0.004905
20.6,-0.1,6.023,-0.014715
20.6,-0.1,6.121,-0.023544
20.6,-0.1,6.221,-0.033354
20.6,-0.1,6.319,-0.00981
20.6,-0.1,6.418,-0.023544
20.6,-0.1,6.517,0.004905
20.6,-0.1,6.622,-0.00981
20.6,-0.1,6.714,-0.01962
20.6,-0.1,6.813,0.0
20.6,-0.1,6.912,-0.014715
20.6,-0.1,7.011,0.0
20.6,-0.1,7.109,-0.014715
20.6,-0.1,7.228,0.0
20.6,-0.1,7.307,-0.023544
20.6,-0.1,7.406,-0.014715
20.6,-0.1,7.505,0.004905
20.6,-0.1,7.607,-0.01962
20.6,-0.1,7.703,-0.028449
20.6,-0.1,7.828,-0.01962
20.6,-0.1,7.9,-0.01962
20.6,-0.1,7.999,-0.00981
20.6,-0.1,8.097,0.0
20.6,-0.1,8.218,-0.004905
20.6,-0.1,8.298,-0.00981
20.6,-0.1,8.394,0.0
20.6,-0.1,8.492,-0.00981
20.6,-0.1,8.592,0.0
20.6,-0.1,8.69,-0.023544
20.6,-0.1,8.807,-0.014715
20.6,-0.1,8.888,-0.038259
20.6,-0.1,9.023,0.0
20.6,-0.1,9.085,0.004905
20.6,-0.1,9.184,-0.023544
20.6,-0.1,9.283,-0.048069
20.6,-0.1,9.41,-0.01962
20.6,-0.1,9.48,-0.00981
20.6,-0.1,9.579,-0.01962
20.6,-0.1,9.678,0.0
20.6,-0.1,9.776,-0.01962
20.6,-0.1,9.875,-0.023544
20.6,-0.1,9.973,-0.00981
20.6,-0.1,10.072,-0.004905
20.6,-0.1,10.172,0.0
20.6,-0.1,10.27,-0.00981
20.6,-0.1,10.368,-0.01962
20.6,-0.1,10.476,-0.00981
20.6,-0.1,10.566,-0.014715
20.6,-0.1,10.705,-0.00981
20.6,-0.1,10.764,-0.004905
20.6,-0.1,10.863,-0.023544
20.6,-0.1,10.96,-0.01962
20.6,-0.1,11.079,-0.00981
20.6,-0.1,11.159,-0.043164
20.6,-0.1,11.298,-0.00981
20.6,-0.1,11.356,-0.00981
20.6,-0.1,11.455,-0.023544
20.6,-0.1,11.553,-0.00981
20.6,-0.1,11.653,-0.014715
20.6,-0.1,11.751,-0.00981
20.6,-0.1,11.888,0.00981
20.6,-0.1,11.949,-0.033354
20.6,-0.1,12.047,0.0
20.6,-0.1,12.147,-0.004905
20.6,-0.1,12.274,0.004905
20.6,-0.1,12.344,-0.004905
20.6,-0.1,12.442,-0.01962
20.6,-0.1,12.541,-0.004905
20.6,-0.1,12.64,-0.00981
20.6,-0.1,12.739,-0.00981
20.6,-0.1,12.838,-0.004905
20.6,-0.1,12.936,-0.004905
20.6,-0.1,13.035,-0.004905
20.6,-0.1,13.134,-0.014715
20.6,-0.1,13.232,-0.00981
20.6,-0.1,13.331,-0.014715
20.6,-0.1,13.43,-0.071613
20.7,-0.2,13.529,-0.162846
20.8,-0.3,13.628,-0.297243
20.9,-0.4,13.727,-0.363951
21.0,-0.5,13.825,-0.512082
21.1,-0.6,13.934,-0.671004
21.2,-0.7,14.023,-0.656289
21.3,-0.7,14.154,-0.756351
21.4,-0.7,14.22,-0.704358
21.5,-0.7,14.319,-0.684738
21.6,-0.7,14.319,-0.684738
21.7,-0.7,14.418,-0.747522
21.8,-0.7,14.53,-0.718092
21.9,-0.7,14.616,-0.742617
22.0,-0.628571,14.746,-0.661194
22.1,-0.528571,14.813,-0.727902
22.1,-0.528571,14.912,-0.536607
22.2,-0.428571,15.01,-0.473823
22.3,-0.328571,15.14,-0.363951
22.4,-0.228571,15.208,-0.325692
22.5,-0.128571,15.307,-0.101043
22.6,-0.028571,15.406,-0.091233
22.6,-0.028571,15.541,-0.033354
22.7,0.0,15.604,0.0
22.8,0.0,15.702,-0.00981
22.9,0.0,15.702,-0.00981
23.0,0.0,15.702,-0.00981
23.1,0.0,15.702,-0.00981
23.2,0.0,15.702,-0.00981
23.3,0.0,15.702,-0.00981
23.4,0.0,15.702,-0.00981
23.5,0.0,15.702,-0.00981
23.6,0.0,15.702,-0.00981
23.7,0.0,15.702,-0.00981
23.8,0.0,15.702,-0.00981
23.9,0.0,15.702,-0.00981
24.0,0.0,15.702,-0.00981
24.1,0.0,15.702,-0.00981
24.2,0.0,15.702,-0.00981
24.3,0.0,15.702,-0.00981
24.4,0.0,15.702,-0.00981
24.5,0.0,15.702,-0.00981
24.6,0.02,15.702,-0.00981
24.6,0.02,15.801,-0.004905
24.6,0.02,15.899,-0.038259
24.6,0.02,15.999,0.023544
24.6,0.02,16.098,-0.038259
24.6,0.02,16.196,0.00981
24.6,0.02,16.295,-0.057879
24.6,0.02,16.394,-0.01962
24.6,0.02,16.492,-0.038259
24.6,0.02,16.592,-0.014715
24.6,0.02,16.691,-0.043164
24.6,0.02,16.789,-0.00981
24.6,0.02,16.888,-0.00981
24.6,0.02,16.987,0.004905
24.6,0.02,17.085,-0.028449
24.6,0.02,17.186,0.043164
24.7,0.12,17.283,0.061803
24.8,0.22,17.405,0.220725
24.9,0.32,17.48,0.287433
25.0,0.42,17.579,0.363951
25.1,0.52,17.678,0.555246
25.2,0.62,17.804,0.584676
25.3,0.7,17.875,0.732807
25.4,0.7,17.974,0.666099
25.5,0.7,18.073,0.752427
25.6,0.7,18.182,0.679833
25.7,0.7,18.27,0.732807
25.8,0.7,18.412,0.641574
25.9,0.7,18.468,0.709263
26.0,0.7,18.589,0.694548
26.1,0.608571,18.666,0.555246
26.2,0.508571,18.764,0.3924
26.3,0.408571,18.764,0.3924
26.4,0.308571,18.863,0.40221
26.5,0.208571,18.986,0.18639
26.6,0.108571,19.06,0.143226
26.7,0.008571,19.2,0.057879
26.8,0.0,19.258,-0.023544
26.9,0.0,19.356,0.0
26.9,0.0,19.455,-0.048069
27.0,0.0,19.455,-0.048069
27.1,0.0,19.455,-0.048069
27.2,0.0,19.455,-0.048069
27.3,0.0,19.455,-0.048069
27.4,0.0,19.455,-0.048069
27.5,0.0,19.455,-0.048069
27.6,0.0,19.455,-0.048069
27.7,0.0,19.455,-0.048069
27.8,0.0,19.455,-0.048069
27.9,0.0,19.455,-0.048069
28.0,0.0,19.455,-0.048069
28.1,0.0,19.455,-0.048069
28.2,0.0,19.455,-0.048069
28.3,0.0,19.455,-0.048069
28.4,0.0,19.455,-0.048069
28.5,0.0,19.455,-0.048069
28.6,0.0,19.455,-0.048069
28.7,0.0,19.455,-0.048069
28.8,0.0,19.455,-0.048069
28.9,0.0,19.455,-0.048069
29.0,0.0,19.455,-0.048069
29.1,0.0,19.455,-0.048069
29.2,0.0,19.455,-0.048069
29.3,0.0,19.455,-0.048069
29.4,0.0,19.455,-0.048069
29.5,0.0,19.455,-0.048069
29.6,0.0,19.455,-0.048069
29.7,0.0,19.455,-0.048069
29.8,0.0,19.455,-0.048069
29.9,0.0,19.455,-0.048069
30.0,0.0,19.455,-0.048069
30.1,0.0,19.455,-0.048069
30.2,0.0,19.455,-0.048069
30.3,0.0,19.455,-0.048069
30.4,0.0,19.455,-0.048069
30.5,0.0,19.455,-0.048069
30.6,0.0,19.455,-0.048069
30.7,0.0,19.455,-0.048069
30.8,0.0,19.455,-0.048069
30.9,0.0,19.455,-0.048069
31.0,0.0,19.455,-0.048069
31.1,0.0,19.455,-0.048069
31.2,0.0,19.455,-0.048069
31.3,0.0,19.455,-0.048069
31.4,0.0,19.455,-0.048069
31.5,0.0,19.455,-0.048069
31.6,0.0,19.455,-0.048069
31.7,0.0,19.455,-0.048069
31.8,0.0,19.455,-0.048069
31.9,0.0,19.455,-0.048069
32.0,0.0,19.455,-0.048069
32.1,0.0,19.455,-0.048069
32.2,0.0,19.455,-0.048069
32.3,0.0,19.455,-0.048069
32.4,0.0,19.455,-0.048069
32.5,0.0,19.455,-0.048069
32.6,0.0,19.455,-0.048069
32.7,0.0,19.455,-0.048069
32.8,0.0,19.455,-0.048069
32.9,0.0,19.455,-0.048069
33.0,0.0,19.455,-0.048069
33.1,0.0,19.455,-0.048069
33.2,0.0,19.455,-0.048069
33.3,0.0,19.455,-0.048069
33.4,0.0,19.455,-0.048069
33.5,0.0,19.455,-0.048069
33.6,0.0,19.455,-0.048069
33.7,0.0,19.455,-0.048069
33.8,0.0,19.455,-0.048069
33.9,0.0,19.455,-0.048069
34.0,0.0,19.455,-0.048069
34.1,0.0,19.455,-0.048069
34.2,0.0,19.455,-0.048069
34.3,0.0,19.455,-0.048069
34.4,0.0,19.455,-0.048069
34.5,0.0,19.455,-0.048069
34.6,0.0,19.455,-0.048069
34.7,0.0,19.455,-0.048069
34.8,0.0,19.455,-0.048069
34.9,0.0,19.455,-0.048069
35.0,0.0,19.455,-0.048069
35.1,0.0,19.455,-0.048069
35.2,0.0,19.455,-0.048069
35.3,0.0,19.455,-0.048069
35.4,0.0,19.455,-0.048069
35.5,0.0,19.455,-0.048069
35.6,0.0,19.455,-0.048069
35.7,0.0,19.455,-0.048069
35.8,0.0,19.455,-0.048069
35.9,0.0,19.455,-0.048069
36.0,0.0,19.455,-0.048069
36.1,0.0,19.455,-0.048069
36.2,0.0,19.455,-0.048069
36.3,0.0,19.455,-0.048069
36.4,0.0,19.455,-0.048069
36.5,0.0,19.455,-0.048069
36.6,0.0,19.455,-0.048069
36.7,0.0,19.455,-0.048069
36.8,0.0,19.455,-0.048069
36.9,0.0,19.455,-0.048069
37.0,0.0,19.455,-0.048069
37.1,0.0,19.455,-0.048069
37.2,0.0,19.455,-0.048069
37.3,0.0,19.455,-0.048069
37.4,0.0,19.455,-0.048069
37.5,0.0,19.455,-0.048069
37.6,0.0,19.455,-0.048069
37.7,0.0,19.455,-0.048069
37.8,0.0,19.455,-0.048069
37.9,0.0,19.455,-0.048069
38.0,0.0,19.455,-0.048069
38.1,0.0,19.455,-0.048069
38.2,0.0,19.455,-0.048069
38.3,0.0,19.455,-0.048069
38.4,0.0,19.455,-0.048069
38.5,0.0,19.455,-0.048069
38.6,0.0,19.455,-0.048069
38.7,0.0,19.455,-0.048069
38.8,0.0,19.455,-0.048069
38.9,0.0,19.455,-0.048069
39.0,0.0,19.455,-0.048069
39.1,0.0,19.455,-0.048069
39.2,0.0,19.455,-0.048069
39.3,0.0,19.455,-0.048069
39.4,0.0,19.455,-0.048069
39.5,0.0,19.455,-0.048069
39.6,0.0,19.455,-0.048069
39.7,0.0,19.455,-0.048069
39.8,0.0,19.455,-0.048069
39.9,0.0,19.455,-0.048069
40.0,0.0,19.455,-0.048069
40.1,0.0,19.455,-0.048069
40.2,0.0,19.455,-0.048069
40.3,0.0,19.455,-0.048069
40.4,0.0,19.455,-0.048069
40.5,0.0,19.455,-0.048069
40.6,0.0,19.455,-0.048069
40.7,0.0,19.455,-0.048069
40.8,0.0,19.455,-0.048069
40.9,0.0,19.455,-0.048069
41.0,0.0,19.455,-0.048069
41.1,0.0,19.455,-0.048069
41.2,0.0,19.455,-0.048069
41.3,0.0,19.455,-0.048069
41.4,0.0,19.455,-0.048069
41.5,0.0,19.455,-0.048069
41.6,0.0,19.455,-0.048069
41.7,0.0,19.455,-0.048069
41.8,0.0,19.455,-0.048069
41.9,0.0,19.455,-0.048069
42.0,0.0,19.455,-0.048069
42.1,0.0,19.455,-0.048069
42.2,0.0,19.455,-0.048069
42.3,0.0,19.455,-0.048069
42.4,0.0,19.455,-0.048069
42.5,0.0,19.455,-0.048069
42.6,0.0,19.455,-0.048069
42.7,0.0,19.455,-0.048069
42.8,0.0,19.455,-0.048069
42.9,0.0,19.455,-0.048069
43.0,0.0,19.455,-0.048069
43.1,0.0,19.455,-0.048069
43.2,0.0,19.455,-0.048069
43.3,0.0,19.455,-0.048069
43.4,0.0,19.455,-0.048069
43.5,0.0,19.455,-0.048069
43.6,0.0,19.455,-0.048069
43.7,0.0,19.455,-0.048069
43.8,0.0,19.455,-0.048069
43.9,0.0,19.455,-0.048069
44.0,0.0,19.455,-0.048069
44.1,0.0,19.455,-0.048069
44.2,0.0,19.455,-0.048069
44.3,0.0,19.455,-0.048069
44.4,0.0,19.455,-0.048069
44.5,0.0,19.455,-0.048069
44.6,0.0,19.455,-0.048069
44.7,0.0,19.455,-0.048069
44.8,0.0,19.455,-0.048069
44.9,0.0,19.455,-0.048069
45.0,-0.1,19.455,-0.048069
45.0,-0.1,19.554,0.0
45.0,-0.1,19.653,0.014715
45.0,-0.1,19.793,-0.033354
45.0,-0.1,19.851,-0.01962
45.0,-0.1,19.95,-0.00981
45.0,-0.1,20.049,0.014715
45.0,-0.1,20.147,-0.00981
45.0,-0.1,20.246,-0.052974
45.0,-0.1,20.345,0.014715
45.0,-0.1,20.443,-0.004905
45.0,-0.1,20.542,0.004905
45.0,-0.1,20.641,-0.061803
45.0,-0.1,20.74,0.00981
45.0,-0.1,20.839,0.0
45.0,-0.1,20.937,-0.023544
45.0,-0.1,21.036,-0.01962
45.0,-0.1,21.135,-0.028449
45.0,-0.1,21.273,0.014715
45.0,-0.1,21.333,0.00981
45.0,-0.1,21.438,-0.038259
45.0,-0.1,21.53,-0.00981
45.0,-0.1,21.657,-0.01962
45.0,-0.1,21.728,0.096138
45.0,-0.1,21.827,0.114777
45.0,-0.1,21.925,0.177561
45.0,-0.1,22.025,0.191295
45.0,-0.1,22.123,0.086328
45.0,-0.1,22.222,0.00981
45.0,-0.1,22.32,0.004905
45.0,-0.1,22.419,-0.00981
45.0,-0.1,22.534,0.014715
45.0,-0.1,22.616,0.0
45.0,-0.1,22.715,-0.004905
45.0,-0.1,22.814,-0.00981
45.0,-0.1,22.922,-0.061803
45.0,-0.1,23.012,0.004905
45.0,-0.1,23.111,-0.00981
45.0,-0.1,23.209,-0.014715
45.0,-0.1,23.307,-0.01962
45.0,-0.1,23.407,-0.00981
45.0,-0.1,23.505,-0.01962
45.0,-0.1,23.604,-0.014715
45.0,-0.1,23.704,-0.014715
45.0,-0.1,23.802,-0.00981
45.0,-0.1,23.914,-0.014715
45.0,-0.1,24.0,-0.004905
45.0,-0.1,24.131,-0.014715
45.0,-0.1,24.197,-0.014715
45.0,-0.1,24.296,-0.023544
45.0,-0.1,24.394,0.0
45.0,-0.1,24.504,-0.00981
45.0,-0.1,24.592,-0.023544
45.0,-0.1,24.726,-0.004905
45.0,-0.1,24.789,-0.004905
45.0,-0.1,24.888,-0.00981
45.0,-0.1,24.987,0.004905
45.0,-0.1,25.086,0.0
45.0,-0.1,25.185,-0.033354
45.0,-0.1,25.284,-0.028449
45.0,-0.1,25.382,-0.004905
45.0,-0.1,25.481,-0.00981
45.0,-0.1,25.58,-0.004905
45.0,-0.1,25.679,-0.014715
45.0,-0.1,25.779,0.0
45.0,-0.1,25.876,0.004905
45.0,-0.1,25.975,-0.00981
45.0,-0.1,26.074,-0.004905
45.0,-0.1,26.172,-0.004905
45.0,-0.1,26.271,0.004905
45.0,-0.1,26.37,-0.00981
45.0,-0.1,26.469,-0.00981
45.0,-0.1,26.568,-0.014715
45.0,-0.1,26.666,0.0
45.0,-0.1,26.765,-0.01962
45.0,-0.1,26.864,-0.014715
45.0,-0.1,26.975,-0.014715
45.0,-0.1,27.062,-0.014715
45.0,-0.1,27.161,-0.00981
45.0,-0.1,27.26,-0.01962
45.0,-0.1,27.372,-0.004905
45.0,-0.1,27.458,-0.014715
45.0,-0.1,27.557,-0.00981
45.0,-0.1,27.655,-0.028449
45.0,-0.1,27.754,0.0
45.0,-0.1,27.853,0.0
45.0,-0.1,27.977,-0.01962
45.0,-0.1,28.051,-0.004905
45.0,-0.1,28.15,-0.00981
45.0,-0.1,28.248,-0.01962
45.0,-0.1,28.369,-0.004905
45.0,-0.1,28.446,-0.014715
45.0,-0.1,28.545,-0.014715
45.0,-0.1,28.644,-0.00981
45.0,-0.1,28.752,-0.00981
45.0,-0.1,28.841,-0.00981
45.0,-0.1,28.97,-0.004905
45.0,-0.1,29.039,-0.014715
45.0,-0.1,29.138,-0.014715
45.0,-0.1,29.237,-0.004905
45.0,-0.1,29.336,-0.023544
45.0,-0.1,29.434,-0.01962
45.0,-0.1,29.533,-0.004905
45.0,-0.1,29.632,-0.00981
45.0,-0.1,29.731,-0.023544
45.0,-0.1,29.83,-0.014715
45.0,-0.1,29.928,-0.004905
45.0,-0.1,30.027,-0.004905
45.0,-0.1,30.126,-0.004905
45.0,-0.1,30.226,-0.01962
45.0,-0.1,30.324,0.014715
45.0,-0.1,30.449,0.00981
45.0,-0.1,30.521,0.004905
45.0,-0.1,30.62,0.00981
45.0,-0.1,30.719,-0.014715
45.0,-0.1,30.824,0.0
45.0,-0.1,30.916,0.004905
45.0,-0.1,31.049,-0.028449
45.0,-0.1,31.115,0.0
45.0,-0.1,31.213,0.014715
45.0,-0.1,31.312,0.0
45.0,-0.1,31.424,-0.052974
45.0,-0.1,31.51,-0.033354
45.0,-0.1,31.648,-0.023544
45.0,-0.1,31.707,-0.023544
45.0,-0.1,31.806,-0.028449
45.0,-0.1,31.905,-0.014715
45.0,-0.1,32.021,-0.004905
45.0,-0.1,32.103,-0.00981
45.0,-0.1,32.201,0.004905
45.0,-0.1,32.301,-0.004905
45.0,-0.1,32.399,-0.00981
45.0,-0.1,32.498,-0.00981
45.0,-0.1,32.624,-0.01962
45.0,-0.1,32.696,-0.038259
45.0,-0.1,32.794,-0.014715
45.0,-0.1,32.893,-0.028449
45.0,-0.1,32.991,-0.033354
45.0,-0.1,33.09,0.0
45.0,-0.1,33.189,-0.00981
45.0,-0.1,33.288,-0.004905
45.0,-0.1,33.386,-0.01962
45.0,-0.1,33.485,0.004905
45.0,-0.1,33.584,-0.014715
45.0,-0.1,33.685,-0.00981
45.0,-0.1,33.782,-0.004905
45.0,-0.1,33.909,-0.014715
45.0,-0.1,33.98,-0.00981
45.0,-0.1,34.078,0.0
45.0,-0.1,34.177,-0.00981
45.0,-0.1,34.306,-0.004905
45.0,-0.1,34.375,-0.00981
45.0,-0.1,34.476,-0.00981
45.0,-0.1,34.572,-0.004905
45.0,-0.1,34.682,-0.004905
45.0,-0.1,34.77,-0.00981
45.0,-0.1,34.897,-0.014715
45.0,-0.1,34.968,-0.014715
45.0,-0.1,35.066,-0.004905
45.0,-0.1,35.165,-0.01962
45.0,-0.1,35.268,-0.01962
45.0,-0.1,35.363,-0.033354
45.0,-0.1,35.49,-0.01962
45.0,-0.1,35.561,0.0
45.0,-0.1,35.659,-0.033354
45.0,-0.1,35.758,-0.01962
45.0,-0.1,35.881,-0.00981
45.0,-0.1,35.956,-0.014715
45.0,-0.1,36.055,-0.00981
45.0,-0.1,36.154,-0.004905
45.0,-0.1,36.252,-0.01962
45.0,-0.1,36.351,-0.023544
45.0,-0.1,36.45,-0.01962
45.0,-0.1,36.549,-0.01962
45.0,-0.1,36.648,-0.014715
45.0,-0.1,36.746,-0.00981
45.0,-0.1,36.846,-0.043164
45.0,-0.1,36.944,-0.014715
45.0,-0.1,37.043,-0.00981
45.0,-0.1,37.142,-0.014715
45.0,-0.1,37.241,-0.00981
45.0,-0.1,37.34,-0.014715
45.0,-0.1,37.438,-0.014715
45.0,-0.1,37.537,0.0
45.0,-0.1,37.636,-0.01962
45.0,-0.1,37.735,-0.00981
45.0,-0.1,37.834,-0.023544
45.0,-0.1,37.933,-0.023544
45.0,-0.1,38.031,-0.114777
45.1,-0.2,38.154,-0.224649
45.2,-0.3,38.229,-0.368856
45.3,-0.4,38.328,-0.483633
45.4,-0.5,38.328,-0.483633
45.5,-0.6,38.427,-0.589581
45.6,-0.7,38.543,-0.632745
45.6,-0.7,38.624,-0.790686
45.7,-0.7,38.722,-0.732807
45.8,-0.7,38.821,-0.756351
45.9,-0.7,38.921,-0.704358
46.0,-0.7,39.02,-0.732807
46.1,-0.7,39.118,-0.742617
46.2,-0.7,39.216,-0.674928
46.3,-0.7,39.355,-0.714168
46.4,-0.628571,39.414,-0.651384
46.5,-0.528571,39.513,-0.560151
46.6,-0.428571,39.612,-0.426735
46.7,-0.328571,39.748,-0.340407
46.8,-0.228571,39.809,-0.191295
46.9,-0.128571,39.908,-0.104967
47.0,-0.028571,40.007,-0.023544
47.1,0.0,40.106,-0.014715
47.2,0.0,40.205,-0.004905
47.3,0.0,40.303,0.014715
47.4,0.0,40.402,-0.01962
47.5,0.0,40.501,-0.052974
47.6,0.0,40.6,0.023544
47.7,0.0,40.699,-0.057879
47.8,0.0,40.798,-0.004905
47.9,0.0,40.897,-0.01962
48.0,0.0,41.022,-0.004905
48.1,0.0,41.094,-0.004905
48.2,0.0,41.192,-0.033354
48.3,0.0,41.192,-0.033354
48.4,0.0,41.192,-0.033354
48.5,0.0,41.192,-0.033354
48.6,0.0,41.292,-0.00981
48.7,0.0,41.405,-0.028449
48.8,0.0,41.49,0.014715
48.9,0.0,41.626,-0.076518
49.0,0.02,41.687,0.028449
49.1,0.12,41.793,0.043164
49.2,0.22,41.884,0.201105
49.3,0.32,42.006,0.220725
49.3,0.32,42.082,0.41202
49.4,0.42,42.181,0.455184
49.5,0.52,42.181,0.455184
49.6,0.62,42.28,0.62784
49.7,0.7,42.379,0.737712
49.8,0.7,42.477,0.679833
49.9,0.7,42.594,0.732807
50.0,0.7,42.675,0.646479
50.1,0.7,42.814,0.709263
50.2,0.7,42.872,0.666099
50.3,0.7,42.972,0.742617
50.4,0.7,43.07,0.671004
50.5,0.608571,43.169,0.593505
50.6,0.508571,43.268,0.397305
50.7,0.408571,43.268,0.397305
50.8,0.308571,43.367,0.354141
50.9,0.208571,43.465,0.20601
51.0,0.108571,43.565,0.167751
51.1,0.008571,43.673,0.014715
51.2,0.0,43.761,0.0
51.3,0.0,43.86,-0.071613
51.4,0.0,43.86,-0.071613
51.5,0.0,43.86,-0.071613
51.6,0.0,43.86,-0.071613
51.7,0.0,43.86,-0.071613
51.8,0.0,43.86,-0.071613
51.9,0.0,43.86,-0.071613
52.0,0.0,43.86,-0.071613
52.1,0.0,43.86,-0.071613
52.2,0.0,43.86,-0.071613
52.3,0.0,43.86,-0.071613
52.4,0.0,43.86,-0.071613
52.5,0.0,43.86,-0.071613
52.6,0.0,43.86,-0.071613
52.7,0.0,43.86,-0.071613
52.8,0.0,43.86,-0.071613
52.9,0.0,43.86,-0.071613
53.0,0.0,43.86,-0.071613
53.1,0.0,43.86,-0.071613
53.2,0.0,43.86,-0.071613
53.3,0.0,43.86,-0.071613
53.4,0.0,43.86,-0.071613
53.5,0.0,43.86,-0.071613
53.6,0.0,43.86,-0.071613
53.7,0.0,43.86,-0.071613
53.8,0.0,43.86,-0.071613
53.9,0.0,43.86,-0.071613
54.0,0.0,43.86,-0.071613
54.1,0.0,43.86,-0.071613
54.2,0.0,43.86,-0.071613
54.3,0.0,43.86,-0.071613
54.4,0.0,43.86,-0.071613
54.5,0.0,43.86,-0.071613
54.6,0.0,43.86,-0.071613
54.7,0.0,43.86,-0.071613
54.8,0.0,43.86,-0.071613
54.9,0.0,43.86,-0.071613
55.0,0.0,43.86,-0.071613
55.1,0.0,43.86,-0.071613
55.2,0.0,43.86,-0.071613
55.3,0.0,43.86,-0.071613
55.4,0.0,43.86,-0.071613
55.5,0.0,43.86,-0.071613
55.6,0.0,43.86,-0.071613
55.7,0.0,43.86,-0.071613
55.8,0.0,43.86,-0.071613
55.9,0.0,43.86,-0.071613
56.0,0.0,43.86,-0.071613
56.1,0.0,43.86,-0.071613
56.2,0.0,43.86,-0.071613
56.3,0.0,43.86,-0.071613
56.4,0.0,43.86,-0.071613
56.5,0.0,43.86,-0.071613
56.6,0.0,43.86,-0.071613
56.7,0.0,43.86,-0.071613
56.8,0.0,43.86,-0.071613
56.9,0.0,43.86,-0.071613
57.0,0.0,43.86,-0.071613
57.1,0.0,43.86,-0.071613
57.2,0.0,43.86,-0.071613
57.3,0.0,43.86,-0.071613
57.4,0.0,43.86,-0.071613
57.5,0.0,43.86,-0.071613
57.6,0.0,43.86,-0.071613
57.7,0.0,43.86,-0.071613
57.8,0.0,43.86,-0.071613
57.9,0.0,43.86,-0.071613
58.0,0.0,43.86,-0.071613
58.1,0.0,43.86,-0.071613
58.2,0.0,43.86,-0.071613
58.3,0.0,43.86,-0.071613
58.4,0.0,43.86,-0.071613
58.5,0.0,43.86,-0.071613
58.6,0.0,43.86,-0.071613
58.7,0.0,43.86,-0.071613
58.8,0.0,43.86,-0.071613
58.9,0.0,43.86,-0.071613
59.0,0.0,43.86,-0.071613
59.1,0.0,43.86,-0.071613
59.2,0.0,43.86,-0.071613
59.3,0.0,43.86,-0.071613
59.4,0.0,43.86,-0.071613
59.5,0.0,43.86,-0.071613
59.6,0.0,43.86,-0.071613
59.7,0.0,43.86,-0.071613
59.8,0.0,43.86,-0.071613
59.9,0.0,43.86,-0.071613
60.0,0.0,43.86,-0.071613
60.1,0.0,43.86,-0.071613
60.2,0.0,43.86,-0.071613
60.3,0.0,43.86,-0.071613
60.4,0.0,43.86,-0.071613
60.5,0.0,43.86,-0.071613
60.6,0.0,43.86,-0.071613
60.7,0.0,43.86,-0.071613
60.8,0.0,43.86,-0.071613
60.9,0.0,43.86,-0.071613
61.0,0.0,43.86,-0.071613
61.1,0.0,43.86,-0.071613
61.2,0.0,43.86,-0.071613
61.3,0.0,43.86,-0.071613
61.4,0.0,43.86,-0.071613
61.5,0.0,43.86,-0.071613
61.6,0.0,43.86,-0.071613
61.7,0.0,43.86,-0.071613
61.8,0.0,43.86,-0.071613
61.9,0.0,43.86,-0.071613
62.0,0.0,43.86,-0.071613
62.1,0.0,43.86,-0.071613
62.2,0.0,43.86,-0.071613
62.3,0.0,43.86,-0.071613
62.4,0.0,43.86,-0.071613
62.5,0.0,43.86,-0.071613
62.6,0.0,43.86,-0.071613
62.7,0.0,43.86,-0.071613
62.8,0.0,43.86,-0.071613
62.9,0.0,43.86,-0.071613
63.0,0.0,43.86,-0.071613
63.1,0.0,43.86,-0.071613
63.2,0.0,43.86,-0.071613
63.3,0.0,43.86,-0.071613
63.4,0.0,43.86,-0.071613
63.5,0.0,43.86,-0.071613
63.6,0.0,43.86,-0.071613
63.7,0.0,43.86,-0.071613
63.8,0.0,43.86,-0.071613
63.9,0.0,43.86,-0.071613
64.0,0.0,43.86,-0.071613
64.1,0.0,43.86,-0.071613
64.2,0.0,43.86,-0.071613
64.3,0.0,43.86,-0.071613
64.4,0.0,43.86,-0.071613
64.5,0.0,43.86,-0.071613
64.6,0.0,43.86,-0.071613
64.7,0.0,43.86,-0.071613
64.8,0.0,43.86,-0.071613
64.9,0.0,43.86,-0.071613
65.0,0.0,43.86,-0.071613
65.1,0.0,43.86,-0.071613
65.2,0.0,43.86,-0.071613
65.3,0.0,43.86,-0.071613
65.4,0.0,43.86,-0.071613
65.5,0.0,43.86,-0.071613
65.6,0.0,43.86,-0.071613
65.7,0.0,43.86,-0.071613
65.8,0.0,43.86,-0.071613
65.9,0.0,43.86,-0.071613
66.0,0.0,43.86,-0.071613
66.1,0.0,43.86,-0.071613
66.2,0.0,43.86,-0.071613
66.3,0.0,43.86,-0.071613
66.4,0.0,43.86,-0.071613
66.5,0.0,43.86,-0.071613
66.6,0.0,43.86,-0.071613
66.7,0.0,43.86,-0.071613
66.8,0.0,43.86,-0.071613
66.9,0.0,43.86,-0.071613
67.0,0.0,43.86,-0.071613
67.1,0.0,43.86,-0.071613
67.2,0.0,43.86,-0.071613
67.3,0.0,43.86,-0.071613
67.4,0.0,43.86,-0.071613
67.5,0.0,43.86,-0.071613
67.6,0.0,43.86,-0.071613
67.7,0.0,43.86,-0.071613
67.8,0.0,43.86,-0.071613
67.9,0.0,43.86,-0.071613
68.0,0.0,43.86,-0.071613
68.1,0.0,43.86,-0.071613
68.2,0.0,43.86,-0.071613
68.3,0.0,43.86,-0.071613
68.4,0.0,43.86,-0.071613
68.5,0.0,43.86,-0.071613
68.6,0.0,43.86,-0.071613
68.7,0.0,43.86,-0.071613
68.8,0.0,43.86,-0.071613
68.9,0.0,43.86,-0.071613
69.0,0.0,43.86,-0.071613
69.1,0.0,43.86,-0.071613
69.2,0.0,43.86,-0.071613
69.3,0.0,43.86,-0.071613
69.4,0.0,43.86,-0.071613
69.5,-0.1,43.86,-0.071613
69.5,-0.1,43.959,0.057879
69.5,-0.1,44.069,-0.033354
69.5,-0.1,44.157,-0.014715
69.5,-0.1,44.255,-0.033354
69.5,-0.1,44.355,0.01962
69.5,-0.1,44.453,0.004905
69.5,-0.1,44.552,-0.014715
69.5,-0.1,44.667,-0.048069
69.5,-0.1,44.749,0.01962
69.5,-0.1,44.885,-0.023544
69.5,-0.1,44.947,-0.004905
69.5,-0.1,45.047,-0.052974
69.5,-0.1,45.144,-0.004905
69.5,-0.1,45.273,0.004905
69.5,-0.1,45.341,-0.004905
69.5,-0.1,45.44,-0.028449
69.5,-0.1,45.538,-0.023544
69.5,-0.1,45.657,0.028449
69.5,-0.1,45.737,0.01962
69.5,-0.1,45.874,-0.043164
69.5,-0.1,45.934,0.0
69.5,-0.1,46.043,-0.00981
69.5,-0.1,46.132,0.014715
69.5,-0.1,46.259,0.01962
69.5,-0.1,46.329,0.119682
69.5,-0.1,46.428,0.20601
69.5,-0.1,46.526,0.153036
69.5,-0.1,46.645,0.101043
69.5,-0.1,46.724,0.014715
69.5,-0.1,46.864,-0.00981
69.5,-0.1,46.921,-0.004905
69.5,-0.1,47.02,-0.004905
69.5,-0.1,47.119,-0.00981
69.5,-0.1,47.217,-0.00981
69.5,-0.1,47.316,-0.014715
69.5,-0.1,47.46,-0.048069
69.5,-0.1,47.513,-0.01962
69.5,-0.1,47.612,-0.01962
69.5,-0.1,47.71,-0.00981
69.5,-0.1,47.81,-0.01962
69.5,-0.1,47.909,-0.014715
69.5,-0.1,48.007,-0.004905
69.5,-0.1,48.129,-0.004905
69.5,-0.1,48.205,-0.014715
69.5,-0.1,48.304,-0.00981
69.5,-0.1,48.402,-0.014715
69.5,-0.1,48.51,-0.01962
69.5,-0.1,48.6,-0.004905
69.5,-0.1,48.73,-0.00981
69.5,-0.1,48.797,-0.004905
69.5,-0.1,48.896,-0.014715
69.5,-0.1,48.995,0.004905
69.5,-0.1,49.099,0.0
69.5,-0.1,49.192,-0.023544
69.5,-0.1,49.315,-0.01962
69.5,-0.1,49.39,-0.004905
69.5,-0.1,49.488,-0.028449
69.5,-0.1,49.587,-0.023544
69.5,-0.1,49.686,0.028449
69.5,-0.1,49.784,-0.004905
69.5,-0.1,49.884,-0.00981
69.5,-0.1,49.982,-0.01962
69.5,-0.1,50.119,-0.004905
69.5,-0.1,50.18,-0.01962
69.5,-0.1,50.279,-0.00981
69.5,-0.1,50.377,-0.014715
69.5,-0.1,50.476,0.0
69.5,-0.1,50.579,-0.014715
69.5,-0.1,50.673,0.004905
69.5,-0.1,50.777,-0.004905
69.5,-0.1,50.871,-0.01962
69.5,-0.1,50.991,-0.01962
69.5,-0.1,51.068,-0.01962
69.5,-0.1,51.167,-0.014715
69.5,-0.1,51.266,-0.014715
69.5,-0.1,51.365,-0.004905
69.5,-0.1,51.464,-0.004905
69.5,-0.1,51.582,0.0
69.5,-0.1,51.661,0.0
69.5,-0.1,51.759,-0.014715
69.5,-0.1,51.859,-0.00981
69.5,-0.1,51.957,-0.004905
69.5,-0.1,52.056,-0.00981
69.5,-0.1,52.172,-0.01962
69.5,-0.1,52.254,-0.033354
69.5,-0.1,52.389,-0.023544
69.5,-0.1,52.452,-0.01962
69.5,-0.1,52.55,0.0
69.5,-0.1,52.649,-0.00981
69.5,-0.1,52.773,-0.01962
69.5,-0.1,52.846,-0.014715
69.5,-0.1,52.945,-0.014715
69.5,-0.1,53.044,-0.01962
69.5,-0.1,53.143,-0.00981
69.5,-0.1,53.241,-0.004905
69.5,-0.1,53.373,-0.004905
69.5,-0.1,53.439,-0.004905
69.5,-0.1,53.538,-0.014715
69.5,-0.1,53.636,-0.00981
69.5,-0.1,53.735,-0.014715
69.5,-0.1,53.833,-0.014715
69.5,-0.1,53.933,-0.014715
69.5,-0.1,54.031,-0.004905
69.5,-0.1,54.129,-0.004905
69.5,-0.1,54.249,-0.004905
69.5,-0.1,54.327,-0.01962
69.5,-0.1,54.425,-0.014715
69.5,-0.1,54.524,-0.014715
69.5,-0.1,54.635,0.0
69.5,-0.1,54.722,-0.00981
69.5,-0.1,54.821,0.0
69.5,-0.1,54.919,-0.023544
69.5,-0.1,55.021,-0.014715
69.5,-0.1,55.117,-0.00981
69.5,-0.1,55.24,0.00981
69.5,-0.1,55.315,-0.023544
69.5,-0.1,55.414,-0.004905
69.5,-0.1,55.512,-0.004905
69.5,-0.1,55.615,-0.014715
69.5,-0.1,55.71,-0.01962
69.5,-0.1,55.843,-0.014715
69.5,-0.1,55.908,-0.023544
69.5,-0.1,56.006,0.00981
69.5,-0.1,56.104,0.004905
69.5,-0.1,56.226,-0.01962
69.5,-0.1,56.302,-0.00981
69.5,-0.1,56.401,-0.01962
69.5,-0.1,56.501,-0.023544
69.5,-0.1,56.626,0.014715
69.5,-0.1,56.698,-0.00981
69.5,-0.1,56.797,-0.01962
69.5,-0.1,56.896,-0.028449
69.5,-0.1,56.994,-0.023544
69.5,-0.1,57.092,0.0
69.5,-0.1,57.192,0.0
69.5,-0.1,57.298,0.0
69.5,-0.1,57.389,-0.01962
69.5,-0.1,57.487,0.004905
69.5,-0.1,57.587,0.0
69.5,-0.1,57.686,-0.014715
69.5,-0.1,57.784,-0.014715
69.5,-0.1,57.883,-0.028449
69.5,-0.1,57.983,-0.014715
69.5,-0.1,58.081,-0.004905
69.5,-0.1,58.18,-0.01962
69.5,-0.1,58.278,-0.00981
69.5,-0.1,58.377,-0.00981
69.5,-0.1,58.476,-0.00981
69.5,-0.1,58.575,-0.01962
69.5,-0.1,58.691,-0.004905
69.5,-0.1,58.772,-0.00981
69.5,-0.1,58.902,-0.01962
69.5,-0.1,58.97,0.0
69.5,-0.1,59.068,-0.004905
69.5,-0.1,59.166,0.0
69.5,-0.1,59.291,0.0
69.5,-0.1,59.365,-0.004905
69.5,-0.1,59.464,-0.004905
69.5,-0.1,59.562,0.0
69.5,-0.1,59.678,-0.004905
69.5,-0.1,59.76,0.0
69.5,-0.1,59.9,-0.00981
69.5,-0.1,59.958,-0.004905
69.5,-0.1,60.056,-0.01962
69.5,-0.1,60.155,-0.014715
69.5,-0.1,60.298,0.0
69.5,-0.1,60.352,-0.014715
69.5,-0.1,60.451,-0.004905
69.5,-0.1,60.55,-0.014715
69.5,-0.1,60.676,-0.004905
69.5,-0.1,60.747,0.0
69.5,-0.1,60.846,0.0
69.5,-0.1,60.945,-0.014715
69.5,-0.1,61.043,-0.004905
69.5,-0.1,61.142,0.004905
69.5,-0.1,61.24,-0.00981
69.5,-0.1,61.34,0.0
69.5,-0.1,61.438,-0.01962
69.5,-0.1,61.542,0.00981
69.5,-0.1,61.636,0.0
69.5,-0.1,61.734,0.004905
69.5,-0.1,61.834,-0.004905
69.5,-0.1,61.932,-0.014715
69.5,-0.1,62.03,0.0
69.5,-0.1,62.13,-0.004905
69.5,-0.1,62.228,-0.004905
69.5,-0.1,62.353,-0.01962
69.5,-0.1,62.425,-0.01962
69.5,-0.1,62.524,-0.114777
69.6,-0.2,62.623,-0.254079
69.7,-0.3,62.722,-0.325692
69.8,-0.4,62.821,-0.546417
69.9,-0.5,62.821,-0.546417
70.0,-0.6,62.94,-0.565056
70.1,-0.7,63.018,-0.671004
70.2,-0.7,63.117,-0.709263
70.3,-0.7,63.216,-0.722997
70.4,-0.7,63.316,-0.666099
70.5,-0.7,63.413,-0.699453
70.6,-0.7,63.531,-0.694548
70.7,-0.7,63.611,-0.694548
70.8,-0.7,63.751,-0.694548
70.9,-0.628571,63.808,-0.699453
70.9,-0.628571,63.907,-0.62784
71.0,-0.528571,64.005,-0.464994
71.1,-0.428571,64.138,-0.455184
71.2,-0.328571,64.203,-0.302148
71.3,-0.228571,64.302,-0.1962
71.4,-0.128571,64.401,-0.104967
71.5,-0.028571,64.499,0.023544
71.6,0.0,64.598,-0.081423
71.6,0.0,64.697,0.004905
71.7,0.0,64.796,-0.01962
71.8,0.0,64.895,0.048069
71.9,0.0,64.993,-0.071613
72.0,0.0,65.092,0.033354
72.1,0.0,65.191,-0.086328
72.2,0.0,65.289,0.081423
72.3,0.0,65.4,-0.071613
72.4,0.0,65.487,0.00981
72.5,0.0,65.622,-0.071613
72.6,0.0,65.684,0.0
72.6,0.0,65.783,-0.023544
72.7,0.0,65.783,-0.023544
72.8,0.0,65.783,-0.023544
72.9,0.0,65.783,-0.023544
73.0,0.0,65.783,-0.023544
73.1,0.0,65.783,-0.023544
73.2,0.0,65.783,-0.023544
73.3,0.0,65.783,-0.023544
73.4,0.0,65.783,-0.023544
73.5,0.02,65.783,-0.023544
73.5,0.02,65.882,-0.01962
73.5,0.02,65.995,-0.028449
73.5,0.02,66.08,0.033354
73.6,0.12,66.178,-0.081423
73.6,0.12,66.277,0.043164
73.7,0.22,66.407,0.239364
73.8,0.32,66.474,0.258984
73.9,0.42,66.573,0.430659
74.0,0.52,66.672,0.473823
74.1,0.62,66.771,0.622935
74.2,0.7,66.869,0.714168
74.3,0.7,66.968,0.679833
74.4,0.7,67.066,0.684738
74.5,0.7,67.185,0.709263
74.6,0.7,67.264,0.704358
74.7,0.7,67.397,0.704358
74.8,0.7,67.462,0.674928
74.9,0.7,67.462,0.674928
75.0,0.608571,67.56,0.656289
75.1,0.508571,67.659,0.469899
75.2,0.408571,67.758,0.464994
75.3,0.308571,67.857,0.302148
75.4,0.208571,67.955,0.267813
75.5,0.108571,68.054,0.139302
75.6,0.008571,68.153,0.00981
75.7,0.0,68.252,-0.014715
75.8,0.0,68.351,0.0
75.8,0.0,68.449,0.004905
75.9,0.0,68.449,0.004905
76.0,0.0,68.449,0.004905
76.1,0.0,68.449,0.004905
76.2,0.0,68.449,0.004905
76.3,0.0,68.449,0.004905
76.4,0.0,68.449,0.004905
76.5,0.0,68.449,0.004905
76.6,0.0,68.449,0.004905
76.7,0.0,68.449,0.004905
76.8,0.0,68.449,0.004905
76.9,0.0,68.449,0.004905
77.0,0.0,68.449,0.004905
77.1,0.0,68.449,0.004905
77.2,0.0,68.449,0.004905
77.3,0.0,68.449,0.004905
77.4,0.0,68.449,0.004905
77.5,0.0,68.449,0.004905
77.6,0.0,68.449,0.004905
77.7,0.0,68.449,0.004905
77.8,0.0,68.449,0.004905
77.9,0.0,68.449,0.004905
78.0,0.0,68.449,0.004905
78.1,0.0,68.449,0.004905
78.2,0.0,68.449,0.004905
78.3,0.0,68.449,0.004905
78.4,0.0,68.449,0.004905
78.5,0.0,68.449,0.004905
78.6,0.0,68.449,0.004905
78.7,0.0,68.449,0.004905
78.8,0.0,68.449,0.004905
78.9,0.0,68.449,0.004905
79.0,0.0,68.449,0.004905
79.1,0.0,68.449,0.004905
79.2,0.0,68.449,0.004905
79.3,0.0,68.449,0.004905
79.4,0.0,68.449,0.004905
79.5,0.0,68.449,0.004905
79.6,0.0,68.449,0.004905
79.7,0.0,68.449,0.004905
79.8,0.0,68.449,0.004905
79.9,0.0,68.449,0.004905
80.0,0.0,68.449,0.004905
80.1,0.0,68.449,0.004905
80.2,0.0,68.449,0.004905
80.3,0.0,68.449,0.004905
80.4,0.0,68.449,0.004905
80.5,0.0,68.449,0.004905
80.6,0.0,68.449,0.004905
80.7,0.0,68.449,0.004905
80.8,0.0,68.449,0.004905
80.9,0.0,68.449,0.004905
81.0,0.0,68.449,0.004905
81.1,0.0,68.449,0.004905
81.2,0.0,68.449,0.004905
81.3,0.0,68.449,0.004905
81.4,0.0,68.449,0.004905
81.5,0.0,68.449,0.004905
81.6,0.0,68.449,0.004905
81.7,0.0,68.449,0.004905
81.8,0.0,68.449,0.004905
81.9,0.0,68.449,0.004905
82.0,0.0,68.449,0.004905
82.1,0.0,68.449,0.004905
82.2,0.0,68.449,0.004905
82.3,0.0,68.449,0.004905
82.4,0.0,68.449,0.004905
82.5,0.0,68.449,0.004905
82.6,0.0,68.449,0.004905
82.7,0.0,68.449,0.004905
82.8,0.0,68.449,0.004905
82.9,0.0,68.449,0.004905
83.0,0.0,68.449,0.004905
83.1,0.0,68.449,0.004905
83.2,0.0,68.449,0.004905
83.3,0.0,68.449,0.004905
83.4,0.0,68.449,0.004905
83.5,0.0,68.449,0.004905
83.6,0.0,68.449,0.004905
83.7,0.0,68.449,0.004905
83.8,0.0,68.449,0.004905
83.9,0.0,68.449,0.004905
84.0,0.0,68.449,0.004905
84.1,0.0,68.449,0.004905
84.2,0.0,68.449,0.004905
84.3,0.0,68.449,0.004905
84.4,0.0,68.449,0.004905
84.5,0.0,68.449,0.004905
84.6,0.0,68.449,0.004905
84.7,0.0,68.449,0.004905
84.8,0.0,68.449,0.004905
84.9,0.0,68.449,0.004905
85.0,0.0,68.449,0.004905
85.1,0.0,68.449,0.004905
85.2,0.0,68.449,0.004905
85.3,0.0,68.449,0.004905
85.4,0.0,68.449,0.004905
85.5,0.0,68.449,0.004905
85.6,0.0,68.449,0.004905
85.7,0.0,68.449,0.004905
85.8,0.0,68.449,0.004905
85.9,0.0,68.449,0.004905
86.0,0.0,68.449,0.004905
86.1,0.0,68.449,0.004905
86.2,0.0,68.449,0.004905
86.3,0.0,68.449,0.004905
86.4,0.0,68.449,0.004905
86.5,0.0,68.449,0.004905
86.6,0.0,68.449,0.004905
86.7,0.0,68.449,0.004905
86.8,0.0,68.449,0.004905
86.9,0.0,68.449,0.004905
87.0,0.0,68.449,0.004905
87.1,0.0,68.449,0.004905
87.2,0.0,68.449,0.004905
87.3,0.0,68.449,0.004905
87.4,0.0,68.449,0.004905
87.5,0.0,68.449,0.004905
87.6,0.0,68.449,0.004905
87.7,0.0,68.449,0.004905
87.8,0.0,68.449,0.004905
87.9,0.0,68.449,0.004905
88.0,0.0,68.449,0.004905
88.1,0.0,68.449,0.004905
88.2,0.0,68.449,0.004905
88.3,0.0,68.449,0.004905
88.4,0.0,68.449,0.004905
88.5,0.0,68.449,0.004905
88.6,0.0,68.449,0.004905
88.7,0.0,68.449,0.004905
88.8,0.0,68.449,0.004905
88.9,0.0,68.449,0.004905
89.0,0.0,68.449,0.004905
89.1,0.0,68.449,0.004905
89.2,0.0,68.449,0.004905
89.3,0.0,68.449,0.004905
89.4,0.0,68.449,0.004905
89.5,0.0,68.449,0.004905
89.6,0.0,68.449,0.004905
89.7,0.0,68.449,0.004905
89.8,0.0,68.449,0.004905
89.9,0.0,68.449,0.004905
90.0,0.0,68.449,0.004905
90.1,0.0,68.449,0.004905
90.2,0.0,68.449,0.004905
90.3,0.0,68.449,0.004905
90.4,0.0,68.449,0.004905
90.5,0.0,68.449,0.004905
90.6,0.0,68.449,0.004905
90.7,0.0,68.449,0.004905
90.8,0.0,68.449,0.004905
90.9,0.0,68.449,0.004905
91.0,0.0,68.449,0.004905
91.1,0.0,68.449,0.004905
91.2,0.0,68.449,0.004905
91.3,0.0,68.449,0.004905
91.4,0.0,68.449,0.004905
91.5,0.0,68.449,0.004905
91.6,0.0,68.449,0.004905
91.7,0.0,68.449,0.004905
91.8,0.0,68.449,0.004905
91.9,0.0,68.449,0.004905
92.0,0.0,68.449,0.004905
92.1,0.0,68.449,0.004905
92.2,0.0,68.449,0.004905
92.3,0.0,68.449,0.004905
92.4,0.0,68.449,0.004905
92.5,0.0,68.449,0.004905
92.6,0.0,68.449,0.004905
92.7,0.0,68.449,0.004905
92.8,0.0,68.449,0.004905
92.9,0.0,68.449,0.004905
93.0,0.0,68.449,0.004905
93.1,0.0,68.449,0.004905
93.2,0.0,68.449,0.004905
93.3,0.0,68.449,0.004905
93.4,0.0,68.449,0.004905
93.5,0.0,68.449,0.004905
93.6,-0.1,68.449,0.004905
93.6,-0.1,68.548,-0.052974
93.6,-0.1,68.646,0.0
93.6,-0.1,68.745,0.0
93.6,-0.1,68.843,0.00981
93.6,-0.1,68.943,-0.043164
93.6,-0.1,69.063,-0.01962
93.6,-0.1,69.14,0.00981
93.6,-0.1,69.239,0.0
93.6,-0.1,69.338,-0.023544
93.6,-0.1,69.449,-0.033354
93.6,-0.1,69.535,-0.004905
93.6,-0.1,69.666,0.023544
93.6,-0.1,69.732,-0.023544
93.6,-0.1,69.831,-0.028449
93.6,-0.1,69.93,-0.033354
93.6,-0.1,70.042,0.038259
93.6,-0.1,70.127,-0.028449
93.6,-0.1,70.262,-0.043164
93.6,-0.1,70.325,-0.014715
93.6,-0.1,70.423,0.014715
93.6,-0.1,70.523,0.0
93.6,-0.1,70.621,-0.033354
93.6,-0.1,70.719,0.104967
93.6,-0.1,70.858,0.201105
93.6,-0.1,70.917,0.244269
93.6,-0.1,71.016,0.143226
93.6,-0.1,71.115,0.038259
93.6,-0.1,71.213,0.004905
93.6,-0.1,71.311,-0.023544
93.6,-0.1,71.41,0.0
93.6,-0.1,71.509,0.0
93.6,-0.1,71.609,-0.014715
93.6,-0.1,71.707,-0.01962
93.6,-0.1,71.805,0.01962
93.6,-0.1,71.904,-0.023544
93.6,-0.1,72.003,-0.00981
93.6,-0.1,72.102,-0.01962
93.6,-0.1,72.201,-0.01962
93.6,-0.1,72.299,0.00981
93.6,-0.1,72.398,-0.01962
93.6,-0.1,72.498,-0.00981
93.6,-0.1,72.596,-0.01962
93.6,-0.1,72.717,-0.00981
93.6,-0.1,72.793,-0.00981
93.6,-0.1,72.892,-0.004905
93.6,-0.1,72.99,0.0
93.6,-0.1,73.093,-0.01962
93.6,-0.1,73.188,-0.004905
93.6,-0.1,73.311,-0.023544
93.6,-0.1,73.386,-0.01962
93.6,-0.1,73.485,-0.043164
93.6,-0.1,73.583,-0.004905
93.6,-0.1,73.7,0.014715
93.6,-0.1,73.78,-0.01962
93.6,-0.1,73.879,-0.014715
93.6,-0.1,73.978,-0.033354
93.6,-0.1,74.084,-0.01962
93.6,-0.1,74.175,-0.004905
93.6,-0.1,74.302,-0.028449
93.6,-0.1,74.373,0.0
93.6,-0.1,74.472,-0.043164
93.6,-0.1,74.571,-0.004905
93.6,-0.1,74.67,-0.01962
93.6,-0.1,74.768,-0.004905
93.6,-0.1,74.9,-0.014715
93.6,-0.1,74.966,0.0
93.6,-0.1,75.065,-0.004905
93.6,-0.1,75.164,-0.00981
93.6,-0.1,75.304,-0.004905
93.6,-0.1,75.361,-0.004905
93.6,-0.1,75.46,-0.00981
93.6,-0.1,75.558,-0.014715
93.6,-0.1,75.658,-0.023544
93.6,-0.1,75.763,-0.01962
93.6,-0.1,75.855,-0.014715
93.6,-0.1,75.983,-0.01962
93.6,-0.1,76.052,-0.004905
93.6,-0.1,76.152,-0.00981
93.6,-0.1,76.25,-0.00981
93.6,-0.1,76.367,-0.004905
93.6,-0.1,76.447,-0.014715
93.6,-0.1,76.582,-0.00981
93.6,-0.1,76.645,-0.014715
93.6,-0.1,76.744,-0.014715
93.6,-0.1,76.842,-0.00981
93.6,-0.1,76.956,0.004905
93.6,-0.1,77.04,-0.00981
93.6,-0.1,77.176,-0.004905
93.6,-0.1,77.238,-0.00981
93.6,-0.1,77.336,0.0
93.6,-0.1,77.436,-0.014715
93.6,-0.1,77.557,-0.014715
93.6,-0.1,77.633,0.0
93.6,-0.1,77.732,-0.00981
93.6,-0.1,77.831,-0.01962
93.6,-0.1,77.96,-0.00981
93.6,-0.1,78.028,-0.014715
93.6,-0.1,78.127,-0.014715
93.6,-0.1,78.226,-0.014715
93.6,-0.1,78.324,-0.01962
93.6,-0.1,78.423,-0.004905
93.6,-0.1,78.563,-0.00981
93.6,-0.1,78.621,-0.01962
93.6,-0.1,78.72,-0.01962
93.6,-0.1,78.818,-0.01962
93.6,-0.1,78.917,-0.014715
93.6,-0.1,79.016,-0.014715
93.6,-0.1,79.115,-0.00981
93.6,-0.1,79.213,-0.014715
93.6,-0.1,79.312,-0.01962
93.6,-0.1,79.411,-0.023544
93.6,-0.1,79.509,-0.004905
93.6,-0.1,79.614,-0.028449
93.6,-0.1,79.707,-0.01962
93.6,-0.1,79.805,0.004905
93.6,-0.1,79.905,-0.004905
93.6,-0.1,80.003,-0.00981
93.6,-0.1,80.102,-0.028449
93.6,-0.1,80.211,-0.023544
93.6,-0.1,80.3,0.01962
93.6,-0.1,80.433,-0.00981
93.6,-0.1,80.497,-0.00981
93.6,-0.1,80.597,0.0
93.6,-0.1,80.695,0.004905
93.6,-0.1,80.821,0.004905
93.6,-0.1,80.893,-0.038259
93.6,-0.1,80.991,-0.023544
93.6,-0.1,81.09,-0.014715
93.6,-0.1,81.188,-0.01962
93.6,-0.1,81.287,-0.01962
93.6,-0.1,81.412,0.0
93.6,-0.1,81.485,-0.004905
93.6,-0.1,81.583,-0.023544
93.6,-0.1,81.682,-0.004905
93.6,-0.1,81.781,-0.014715
93.6,-0.1,81.88,-0.014715
93.6,-0.1,82.002,0.004905
93.6,-0.1,82.077,-0.028449
93.6,-0.1,82.176,0.004905
93.6,-0.1,82.275,-0.004905
93.6,-0.1,82.373,0.0
93.6,-0.1,82.473,-0.00981
93.6,-0.1,82.571,0.004905
93.6,-0.1,82.67,-0.004905
93.6,-0.1,82.768,0.0
93.6,-0.1,82.891,-0.033354
93.6,-0.1,82.966,-0.004905
93.6,-0.1,83.064,-0.004905
93.6,-0.1,83.164,0.0
93.6,-0.1,83.271,-0.00981
93.6,-0.1,83.361,-0.014715
93.6,-0.1,83.501,-0.00981
93.6,-0.1,83.559,-0.014715
93.6,-0.1,83.669,-0.014715
93.6,-0.1,83.756,-0.01962
93.6,-0.1,83.887,-0.014715
93.6,-0.1,83.954,-0.004905
93.6,-0.1,84.052,-0.028449
93.6,-0.1,84.151,-0.004905
93.6,-0.1,84.25,0.0
93.6,-0.1,84.349,-0.01962
93.6,-0.1,84.48,-0.004905
93.6,-0.1,84.546,-0.00981
93.6,-0.1,84.645,-0.004905
93.6,-0.1,84.744,-0.00981
93.6,-0.1,84.843,0.0
93.6,-0.1,84.941,-0.00981
93.6,-0.1,85.062,-0.014715
93.6,-0.1,85.139,-0.023544
93.6,-0.1,85.237,-0.01962
93.6,-0.1,85.336,-0.014715
93.6,-0.1,85.435,-0.004905
93.6,-0.1,85.534,-0.004905
93.6,-0.1,85.632,-0.00981
93.6,-0.1,85.735,-0.00981
93.6,-0.1,85.831,-0.014715
93.6,-0.1,85.929,-0.014715
93.6,-0.1,86.028,-0.014715
93.6,-0.1,86.126,-0.01962
93.6,-0.1,86.225,0.0
93.6,-0.1,86.359,-0.00981
93.6,-0.1,86.423,-0.014715
93.6,-0.1,86.523,-0.043164
93.7,-0.2,86.621,-0.244269
93.8,-0.3,86.743,-0.306072
93.9,-0.4,86.819,-0.455184
94.0,-0.5,86.918,-0.565056
94.1,-0.6,87.016,-0.541512
94.2,-0.7,87.123,-0.775971
94.3,-0.7,87.214,-0.694548
94.4,-0.7,87.34,-0.737712
94.5,-0.7,87.411,-0.714168
94.6,-0.7,87.51,-0.699453
94.7,-0.7,87.609,-0.709263
94.8,-0.7,87.707,-0.694548
94.9,-0.7,87.807,-0.704358
95.0,-0.628571,87.905,-0.714168
95.1,-0.528571,88.004,-0.521892
95.2,-0.428571,88.103,-0.455184
95.3,-0.328571,88.201,-0.354141
95.4,-0.228571,88.3,-0.272718
95.5,-0.128571,88.4,-0.162846
95.6,-0.028571,88.498,-0.01962
95.7,0.0,88.597,0.004905
95.8,0.0,88.696,-0.00981
95.9,0.0,88.799,-0.066708
96.0,0.0,88.893,0.061803
96.1,0.0,88.992,-0.101043
96.2,0.0,89.091,0.048069
96.3,0.0,89.191,-0.066708
96.4,0.0,89.288,-0.01962
96.5,0.0,89.402,-0.004905
96.6,0.0,89.485,-0.071613
96.7,0.0,89.485,-0.071613
96.8,0.0,89.485,-0.071613
96.9,0.0,89.485,-0.071613
97.0,0.0,89.485,-0.071613
97.1,0.0,89.585,0.023544
97.2,0.0,89.684,-0.048069
97.3,0.0,89.782,0.033354
97.4,0.0,89.881,-0.043164
97.5,0.0,90.003,-0.033354
97.6,0.02,90.078,0.023544
97.7,0.12,90.177,0.01962
97.7,0.12,90.275,0.01962
97.7,0.12,90.388,0.148131
97.8,0.22,90.472,0.315882
97.9,0.32,90.472,0.315882
98.0,0.42,90.604,0.349236
98.0,0.42,90.669,0.469899
98.1,0.52,90.768,0.555246
98.2,0.62,90.867,0.709263
98.3,0.7,90.867,0.709263
98.4,0.7,90.996,0.661194
98.5,0.7,91.065,0.742617
98.6,0.7,91.163,0.661194
98.7,0.7,91.262,0.718092
98.8,0.7,91.391,0.666099
98.9,0.7,91.459,0.704358
99.0,0.7,91.557,0.679833
99.1,0.608571,91.657,0.560151
99.2,0.508571,91.755,0.464994
99.3,0.408571,91.853,0.335502
99.4,0.308571,91.853,0.335502
99.5,0.208571,91.953,0.292338
99.6,0.108571,92.051,0.119682
99.7,0.008571,92.15,0.057879
99.8,0.0,92.249,-0.043164
99.9,0.0,92.347,0.048069
99.9,0.0,92.462,-0.052974
99.9,0.0,92.544,-0.004905
99.9,0.0,92.643,-0.004905
99.9,0.0,92.742,0.028449
99.9,0.0,92.841,-0.028449
99.9,0.0,92.939,-0.038259
99.9,0.0,93.05,0.00981
99.9,0.0,93.137,0.014715
99.9,0.0,93.271,-0.01962
99.9,0.0,93.334,-0.023544
99.9,0.0,93.433,-0.033354
99.9,0.0,93.531,0.014715
99.9,0.0,93.637,-0.004905
99.9,0.0,93.729,-0.033354
99.9,0.0,93.857,-0.023544
99.9,0.0,93.927,0.004905
99.9,0.0,94.025,0.028449
99.9,0.0,94.123,-0.048069
99.9,0.0,94.227,-0.01962
99.9,0.0,94.321,-0.00981
99.9,0.0,94.446,0.023544
99.9,0.0,94.518,-0.038259
99.9,0.0,94.617,-0.048069
99.9,0.0,94.715,0.023544
99.9,0.0,94.839,0.153036
99.9,0.0,94.912,0.162846
99.9,0.0,95.012,0.224649
99.9,0.0,95.111,0.066708
99.9,0.0,95.209,0.066708
99.9,0.0,95.309,-0.023544
99.9,0.0,95.407,0.004905
99.9,0.0,95.505,-0.00981
99.9,0.0,95.604,0.0
99.9,0.0,95.703,-0.014715
99.9,0.0,95.801,-0.00981
99.9,0.0,95.901,-0.00981
99.9,0.0,95.999,-0.01962
99.9,0.0,96.105,-0.01962
99.9,0.0,96.197,-0.014715
99.9,0.0,96.321,-0.014715
99.9,0.0,96.394,-0.014715
99.9,0.0,96.493,-0.01962
99.9,0.0,96.592,0.0
99.9,0.0,96.692,-0.00981
99.9,0.0,96.789,-0.028449
99.9,0.0,96.914,0.0
99.9,0.0,96.987,-0.014715
99.9,0.0,97.086,-0.023544
99.9,0.0,97.185,-0.00981
99.9,0.0,97.29,-0.057879
99.9,0.0,97.382,-0.01962
99.9,0.0,97.527,-0.00981
99.9,0.0,97.58,-0.033354
99.9,0.0,97.69,-0.014715
99.9,0.0,97.778,-0.014715
99.9,0.0,97.906,-0.033354
99.9,0.0,97.975,-0.00981
99.9,0.0,98.073,0.00981
99.9,0.0,98.173,-0.014715
99.9,0.0,98.272,-0.033354
99.9,0.0,98.37,-0.028449
99.9,0.0,98.468,0.023544
99.9,0.0,98.567,-0.028449
