timestamp(s),Cons_FC_PB,Cons_FC_P1,Cons_FC_P2,Cons_FC_P3,Ilum_PB,Ilum_P1,Ilum_P2,Ilum_P3,Temp_PB,Temp_P1,Cons_Ref,Cons_Vent,TOTAL
0.0,0.0,676.217313580923,0.0,0.0,0.0,0.0,0.0,0.0,26.833415182842,28.2157193256038,8134.80367233387,0.0,45314.1242585641
3600.0,0.0,671.901624425379,0.0,0.0,0.0,0.0,0.0,0.0,26.8039296944393,28.2337229904878,8128.14539586425,0.0,45302.3338143187
7200.0,0.0,650.501809309164,0.0,0.0,0.0,0.0,0.0,0.0,26.7417497523546,28.1929871659458,7905.08004611777,0.0,45054.9713048505
10800.0,0.0,520.569266353593,0.0,0.0,0.0,0.0,0.0,0.0,26.6630218924967,28.1213686799743,7743.24944245837,0.0,44760.365097267
14400.0,0.0,393.738121471774,0.0,0.0,0.0,0.0,0.0,0.0,26.5865189608619,28.0522579513545,7519.98554568909,0.0,44407.3483225157
18000.0,0.0,368.149424593128,0.0,0.0,0.0,0.0,0.0,0.0,26.4880898058605,27.9458472174889,7074.36467246712,0.0,43930.8568478594
21600.0,0.0,353.599595333525,0.0,0.0,0.0,0.0,0.0,0.0,26.4036017770434,27.8601916390431,6798.19468946399,0.0,43591.1601505256
25200.0,248.6225892857137,229.784013727562,359.84044919743235,330.09645,3714.5539283499993,4252.11939999999,2236.1086800000003,607.59180078,24.9233627640927,27.3206637757033,32165.7081343808,7445.274626349584,90925.5530032491
28800.0,659.175,977.7508262724325,827.4755681320157,660.192899999999,5782.91185669999,4252.11939999999,4472.217360000001,1215.1836015600002,25.6782796988593,25.0375282199393,49135.2499375954,9725.290346259173,158909.737244869
32400.0,927.3,1038.4880776445375,889.824354453209,660.192899999999,5782.91185669999,4252.11939999999,4472.217360000001,1215.1836015600002,26.1709083980137,24.6072882470124,53028.2784822817,9725.290346259173,152794.882307801
36000.0,1195.425,1386.9722091489787,965.2181949933362,660.192899999999,5782.91185669999,4252.11939999999,4472.217360000001,1215.1836015600002,26.959034771179,24.7178887974097,61938.3241422242,9725.290346259173,150590.789934221
39600.0,1195.425,1540.0037151374345,1077.8178362810502,660.192899999999,5782.91185669999,4252.11939999999,4472.217360000001,1215.1836015600002,27.645116078409,24.9064121051412,67470.3712748312,9725.290346259173,144026.965455936
43200.0,1195.425,1673.8317202773267,1095.891006994267,660.192899999999,5782.91185669999,4252.11939999999,4472.217360000001,1215.1836015600002,27.7440164128241,24.9286189598542,67350.073288998,9725.290346259173,132987.256738792
46800.0,1195.425,1474.0353496944456,1113.1718188580771,660.192899999999,5782.91185669999,4252.11939999999,4472.217360000001,1215.1836015600002,27.7313256225794,24.9095260640558,66914.6314175676,9725.290346259173,126336.977130305
50400.0,1195.425,1467.8283504865556,1126.74033154802,660.192899999999,5782.91185669999,4252.11939999999,4472.217360000001,1215.1836015600002,27.7947689738761,24.91282526511,67314.5430441694,9725.290346259173,126285.145479006
54000.0,597.7125,1472.8862557741156,295.90378056708005,330.096449999999,5782.91185669999,4252.11939999999,4472.217360000001,1215.1836015600002,27.0702175751641,24.9295410074093,64560.9221058019,9725.290346259173,105244.191444971
57600.0,0.0,928.077157862634,234.8297984852247,0.0,5782.91185669999,4252.11939999999,4472.217360000001,0.0,27.7804719080783,27.0028381120342,32832.3949971995,3057.207941072213,45670.9702257988
61200.0,0.0,1185.68949350893,218.10684849477448,0.0,4959.81385669999,0.0,4472.217360000001,0.0,27.9245323423001,28.572782794081,27002.7424608277,2379.4622446888798,49195.480783249
64800.0,0.0,1122.62004691376,202.41221630470122,0.0,1034.1789641749992,0.0,4472.217360000001,0.0,27.6383470976017,28.7128111755755,25438.7550136541,2379.4622446888798,52113.9729375082
68400.0,0.0,1015.59861578939,180.89736124520633,0.0,0.0,0.0,4472.217360000001,0.0,27.4772779469681,28.7004906311381,23343.0114575685,2379.4622446888798,57993.544910582
72000.0,0.0,767.863529693031,0.0,0.0,0.0,0.0,4472.217360000001,0.0,27.3260597545746,28.6122601508254,9165.31246837541,0.0,49399.4152559106
75600.0,0.0,706.429850819091,0.0,0.0,0.0,0.0,4472.217360000001,0.0,27.1322774303914,28.4291802407358,8344.46935552277,0.0,50033.2772992633
79200.0,0.0,675.432736658824,0.0,0.0,0.0,0.0,4472.217360000001,0.0,27.0013070133989,28.3151901567787,8051.18423861769,0.0,49704.1635338654
82800.0,0.0,654.726576097855,0.0,0.0,0.0,0.0,0.0,0.0,26.91766283659,28.2674652900477,7811.45970566903,0.0,44967.8909424053
86400.0,0.0,639.77063424053,0.0,0.0,0.0,0.0,0.0,0.0,26.8422148625862,28.2219718778585,7708.41824865726,0.0,44847.9800658638
90000.0,0.0,520.783309695066,0.0,0.0,0.0,0.0,0.0,0.0,26.7743505372241,28.180884775981,7694.88114185029,0.0,44713.8630727058
93600.0,0.0,389.147694822268,0.0,0.0,0.0,0.0,0.0,0.0,26.685757048227,28.100988298877,7344.98345601421,0.0,44227.6708213084
97200.0,0.0,361.41887045579,0.0,0.0,0.0,0.0,0.0,0.0,26.5727119409191,27.9779038634259,6842.46315061071,0.0,43691.4058632115
100800.0,0.0,333.236922858675,0.0,0.0,0.0,0.0,0.0,0.0,26.4602202987883,27.8539895751049,6382.54431877085,0.0,43197.2801125663
104400.0,0.0,308.571911942535,0.0,0.0,0.0,0.0,0.0,0.0,26.3505677809829,27.7328848412499,6079.97381723644,0.0,42865.285008389
108000.0,0.0,288.813805355733,0.0,0.0,0.0,0.0,0.0,0.0,26.2563348505683,27.6338709085613,5852.46102800831,0.0,42505.2682155753
111600.0,69.31875,177.560329041814,335.78240098335846,330.09645,3714.5539283499993,4252.11939999999,2236.1086800000003,607.59180078,24.1559849112,27.1410532631928,24703.790589228,7445.274626349584,82046.2010832356
115200.0,345.01046828356,960.5882152456686,812.5814278780991,660.192899999999,5782.91185669999,4252.11939999999,4472.217360000001,1215.1836015600002,24.9326068459313,24.9961628134362,39448.4689710725,9725.290346259173,145480.381141448
118800.0,659.175,1023.9535081655506,882.786098651258,660.192899999999,5782.91185669999,4252.11939999999,4472.217360000001,1215.1836015600002,25.6343552877733,24.5335982175664,45270.4474463173,9725.290346259173,143615.014860718
122400.0,1100.5502723590769,1263.3167277596056,978.115925874842,660.192899999999,5782.91185669999,4252.11939999999,4472.217360000001,1215.1836015600002,26.5096009864934,24.5083245494982,54097.8379126111,9725.290346259173,142128.281811843
126000.0,1195.425,1433.0281420720935,1070.5607474141964,660.192899999999,5782.91185669999,4252.11939999999,4472.217360000001,1215.1836015600002,27.3347761486449,24.6791758572989,61919.7376431094,9725.290346259173,137574.238221646
129600.0,1195.425,1448.7899347612536,1095.5150001023728,660.192899999999,5782.91185669999,4252.11939999999,4472.217360000001,1215.1836015600002,27.6402884547216,24.7456894403708,62463.9095187476,9725.290346259173,126712.263398791
133200.0,1195.425,1402.5437810997905,1097.870585374885,660.192899999999,5782.91185669999,4252.11939999999,4472.217360000001,1215.1836015600002,27.5510297647837,24.6233898860893,58270.1165046238,9725.290346259173,115354.07611291
136800.0,1195.425,1383.5112474261166,1096.634987226828,660.192899999999,5782.91185669999,4252.11939999999,4472.217360000001,1215.1836015600002,27.5555936190118,24.51677704069,56815.440541366,9725.290346259173,112776.518742187
140400.0,597.7125,1396.4041313179216,301.22020888124166,330.096449999999,5782.91185669999,4252.11939999999,4472.217360000001,1215.1836015600002,26.857183965354,24.5342401227222,55574.711846318,9725.290346259173,94380.476854516
144000.0,0.0,789.59902451718,241.7877260602931,0.0,5782.91185669999,4252.11939999999,4472.217360000001,0.0,27.7430976570031,26.8717089253672,29315.4784892273,3057.207941072213,41139.5186632605
147600.0,0.0,1129.93636910286,222.4228497813234,0.0,4959.81385669999,0.0,4472.217360000001,0.0,27.9020751754483,28.5853657598567,23443.2888862713,2379.4622446888798,45022.6390336468
151200.0,,,,,,,,,,,,,
154800.0,,,,,,,,,,,,,
158400.0,,,,,,,,,,,,,
162000.0,,,,,,,,,,,,,
165600.0,,,,,,,,,,,,,
169200.0,,,,,,,,,,,,,
172800.0,,,,,,,,,,,,,
176400.0,,,,,,,,,,,,,
180000.0,,,,,,,,,,,,,
183600.0,,,,,,,,,,,,,
187200.0,,,,,,,,,,,,,
190800.0,,,,,,,,,,,,,
194400.0,,,,,,,,,,,,,
198000.0,,,,,,,,,,,,,
201600.0,0.0,959.2070572017385,811.4123234626754,660.192899999999,5782.91185669999,4252.11939999999,4472.217360000001,1215.1836015600002,24.6891591232523,25.0087245804058,35359.2857917097,9725.290346259173,142012.599728394
205200.0,494.381249999999,1010.6930140132456,827.5827877051239,660.192899999999,5782.91185669999,4252.11939999999,4472.217360000001,1215.1836015600002,25.1520037503351,24.4955935604008,36702.2078572492,9725.290346259173,134976.666173134
208800.0,927.3,1165.7418431235185,918.5571651429786,660.192899999999,5782.91185669999,4252.11939999999,4472.217360000001,1215.1836015600002,26.1160447910903,24.383955123751,45633.5689204596,9725.290346259173,134460.452883133
212400.0,1195.425,1361.1431471177746,1039.0889614780574,660.192899999999,5782.91185669999,4252.11939999999,4472.217360000001,1215.1836015600002,27.1280377151962,24.4109054776255,54140.7676894025,9725.290346259173,132238.848260931
216000.0,1195.425,1393.2702793492565,1058.137057081603,660.192899999999,5782.91185669999,4252.11939999999,4472.217360000001,1215.1836015600002,27.5574919795062,24.4520046331236,55878.3417324246,9725.290346259173,124184.843701147
219600.0,1195.425,1391.7002242117846,1076.5798726975033,660.192899999999,5782.91185669999,4252.11939999999,4472.217360000001,1215.1836015600002,27.6501880954615,24.4662184604376,56891.131379511,9725.290346259173,119487.950040294
223200.0,1195.425,1398.6711901053156,1100.358731539712,660.192899999999,5782.91185669999,4252.11939999999,4472.217360000001,1215.1836015600002,27.7277974697456,24.5228618479764,58644.9830324885,9725.290346259173,120849.356402757
226800.0,597.7125,1418.4325218348376,314.17391675905566,330.096449999999,5782.91185669999,4252.11939999999,4472.217360000001,1215.1836015600002,27.0509552607832,24.5979459327415,57762.7410120771,9725.290346259173,102012.031666681
230400.0,0.0,913.84730675213,250.1470541856028,0.0,5782.91185669999,4252.11939999999,4472.217360000001,0.0,27.8780858272099,26.9898342522359,30309.474849027,3057.207941072213,46331.4693159285
234000.0,0.0,1158.68692048953,230.2409729650127,0.0,4959.81385669999,0.0,4472.217360000001,0.0,27.9858607801114,28.6990036623197,24456.442031708,2379.4622446888798,48510.3002993749
237600.0,0.0,1081.27614717336,212.5859261945244,0.0,1034.1789641749992,0.0,4472.217360000001,0.0,27.6436628847703,28.7748532344893,23180.5184677003,2379.4622446888798,50269.2414675321
241200.0,0.0,871.370488045567,192.8629088928455,0.0,0.0,0.0,4472.217360000001,0.0,27.4698523147008,28.7501289248792,22561.5352539572,2379.4622446888798,57054.014097797
244800.0,0.0,765.536343260983,0.0,0.0,0.0,0.0,4472.217360000001,0.0,27.3379618048198,28.6942134838204,9121.71749335022,0.0,49378.1389988546
248400.0,0.0,718.333028070245,0.0,0.0,0.0,0.0,4472.217360000001,0.0,27.1836340768167,28.5744919076806,8434.81090408507,0.0,50140.1391191565
252000.0,0.0,677.513115032608,0.0,0.0,0.0,0.0,4472.217360000001,0.0,27.0497268253146,28.4501476050874,8033.76767708381,0.0,49692.2232129798
255600.0,0.0,648.318929722971,0.0,0.0,0.0,0.0,0.0,0.0,26.9402024130548,28.3549378790726,7740.88458583147,0.0,44893.375938646
259200.0,0.0,573.31887674181,0.0,0.0,0.0,0.0,0.0,0.0,26.858533718311,28.2964098527449,7499.65052718139,0.0,44573.2428468204
262800.0,0.0,389.892833435127,0.0,0.0,0.0,0.0,0.0,0.0,26.763865780654,28.2099179009567,7154.63764694269,0.0,44039.4886172088
266400.0,0.0,359.484343045076,0.0,0.0,0.0,0.0,0.0,0.0,26.6444264922759,28.0784626633028,6664.05522531107,0.0,43512.7394317682
270000.0,0.0,345.658337576955,0.0,0.0,0.0,0.0,0.0,0.0,26.5602221301467,28.0027241059089,6425.09002011481,0.0,43256.9435944803
273600.0,0.0,329.229169818231,0.0,0.0,0.0,0.0,0.0,0.0,26.4964867433996,27.9550182229141,6122.43798889395,0.0,42933.979688427
277200.0,0.0,310.506898151126,0.0,0.0,0.0,0.0,0.0,0.0,26.418158962624,27.8805097480053,5811.4262204408,0.0,42600.0514221818
280800.0,0.0,290.20174847786,0.0,0.0,0.0,0.0,0.0,0.0,26.3430909329651,27.8095368129124,5510.48312639254,0.0,42190.8406212266
284400.0,69.31875,168.860607030378,313.75436556218074,330.096449999999,3714.5539283499993,4252.11939999999,2236.1086800000003,607.59180078,24.0323626824377,27.2576236703999,18811.0734548179,7445.274626349584,76257.6445695701
288000.0,0.0,935.8085876662406,745.7401998756458,660.192899999999,5782.91185669999,4252.11939999999,4472.217360000001,1215.1836015600002,24.5694348232302,24.8917808707617,31490.8452143224,9725.290346259173,137184.442577532
291600.0,494.381249999999,1005.2440894380795,827.8438720724149,660.192899999999,5782.91185669999,4252.11939999999,4472.217360000001,1215.1836015600002,25.2269575573199,24.4423980855587,37411.5505306958,9725.290346259173,135730.779930736
295200.0,1061.3625,1191.8160630610455,977.3314774892698,660.192899999999,5782.91185669999,4252.11939999999,4472.217360000001,1215.1836015600002,26.4620796276568,24.4293143407952,49970.9234082705,9725.290346259173,138798.907860004
298800.0,1195.425,1403.5305788394855,1071.3810035162114,660.192899999999,5782.91185669999,4252.11939999999,4472.217360000001,1215.1836015600002,27.4591187117761,24.5813594863872,58392.3365169999,9725.290346259173,135910.62935876
302400.0,1195.425,1439.0267014116375,1101.744192275932,660.192899999999,5782.91185669999,4252.11939999999,4472.217360000001,1215.1836015600002,27.8196196315071,24.6451680716268,60404.7528190869,9725.290346259173,128009.689836785
306000.0,1195.425,1423.6305314716415,1110.8617659873676,660.192899999999,5782.91185669999,4252.11939999999,4472.217360000001,1215.1836015600002,27.9127082445333,24.6256332116114,59589.7922470939,9725.290346259173,121018.903290436
309600.0,,,,660.192899999999,,,,1215.1836015600002,,,59654.9355944777,9725.290346259173,119469.11994271
313200.0,597.7125,,357.9671731096141,330.096449999999,5782.91185669999,,4472.217360000001,1215.1836015600002,27.2787184464291,,57403.1000513028,9725.290346259173,99796.1289958006
316800.0,0.0,,260.1858914905528,0.0,5782.91185669999,,4472.217360000001,0.0,28.0602427731193,,29293.1516562711,3057.207941072213,44038.0205385157
320400.0,0.0,1167.88828148022,239.1748434704116,0.0,4959.81385669999,0.0,4472.217360000001,0.0,28.1483863268946,28.8487580319105,23110.0188733651,2379.4622446888798,46577.8069844563
324000.0,0.0,1086.26275422621,221.90303145004302,0.0,1034.1789641749992,0.0,4472.217360000001,0.0,27.797967668969,28.9358569988174,21934.1693226496,2379.4622446888798,49413.3274346776
327600.0,0.0,932.262731113919,205.2612543199776,0.0,0.0,0.0,4472.217360000001,0.0,27.6127526344955,28.9017305241102,21239.1217042918,2379.4622446888798,56415.233614204
331200.0,0.0,774.58661687809,0.0,0.0,0.0,0.0,4472.217360000001,0.0,27.4716011943587,28.8374552875034,9011.5919572995,0.0,49392.8978648366
334800.0,0.0,726.543008105866,0.0,0.0,0.0,0.0,4472.217360000001,0.0,27.3263336699304,28.7327968344818,8317.43163235293,0.0,50032.1140957204
338400.0,0.0,695.125419593984,0.0,0.0,0.0,0.0,4472.217360000001,0.0,27.2075860062696,28.6375457769948,8010.69990761758,0.0,49689.0631247874
342000.0,0.0,666.69194009103,0.0,0.0,0.0,0.0,0.0,0.0,27.1175276780676,28.574778229933,7691.4481139852,0.0,44864.4510383159
345600.0,0.0,627.055116059641,0.0,0.0,0.0,0.0,0.0,0.0,27.0112945319369,28.4743547549575,7250.45852909769,0.0,44377.9975020663
349200.0,0.0,389.563500291622,0.0,0.0,0.0,0.0,0.0,0.0,26.8725512244576,28.3150944406704,6887.06684990719,0.0,43769.6882420963
352800.0,0.0,349.595812253451,0.0,0.0,0.0,0.0,0.0,0.0,26.717960599765,28.1278048913939,6288.7764925636,0.0,43124.1952144167
356400.0,0.0,341.75662533821,0.0,0.0,0.0,0.0,0.0,0.0,26.6377075882757,28.059035499826,6168.51645627853,0.0,42994.7011499108
360000.0,0.0,328.101044417634,0.0,0.0,0.0,0.0,0.0,0.0,26.5827166956396,28.0262318009649,5959.20546461056,0.0,42768.7877327579
363600.0,0.0,312.204988206859,0.0,0.0,0.0,0.0,0.0,0.0,26.4991959547149,27.9437455273545,5728.5801499827,0.0,42518.9611448418
367200.0,0.0,307.262398799951,0.0,0.0,2068.3579283499994,2126.0596999999984,0.0,0.0,26.4170785137196,27.9145757820078,5751.79881265609,0.0,46701.3379417965
370800.0,69.31875,215.212223501773,339.46142804668807,330.09645,5782.91185669999,4252.11939999999,4472.217360000001,1215.1836015600002,24.0697871355582,27.4927376784023,17822.9629787032,7445.274626349584,84685.6452065907
374400.0,0.0,951.3750763373157,810.0426336300702,660.192899999999,5782.91185669999,4252.11939999999,4472.217360000001,1215.1836015600002,24.5784886173433,25.0886957686707,30204.2617983668,9725.290346259173,136035.649600456
378000.0,0.0,1000.1927936835025,849.842683891919,660.192899999999,5782.91185669999,4252.11939999999,4472.217360000001,1215.1836015600002,24.7740921818047,24.5566406167706,32113.0045575099,9725.290346259173,129840.319056757
381600.0,813.815631125338,1165.5537729125435,951.6804701676591,660.192899999999,5782.91185669999,4252.11939999999,4472.217360000001,1215.1836015600002,25.8029134242294,24.4493142283312,43042.4091423263,9725.290346259173,131393.099076111
385200.0,1195.425,1381.4106220060505,1074.1610974641187,660.192899999999,5782.91185669999,4252.11939999999,4472.217360000001,1215.1836015600002,27.1426749114397,24.5526379865283,56220.0511991354,9725.290346259173,133643.935457835
388800.0,1195.425,1435.1657522799846,1120.1523990471946,660.192899999999,5782.91185669999,4252.11939999999,4472.217360000001,1215.1836015600002,27.5878032988535,24.6993069124852,60902.9696421786,9725.290346259173,128643.923248829
392400.0,1195.425,1442.8199664937565,1144.912324499925,660.192899999999,5782.91185669999,4252.11939999999,4472.217360000001,1215.1836015600002,27.7354718668649,24.7739535329442,62736.1503419901,9725.290346259173,123771.189060042
396000.0,1195.425,1457.8897861644637,1237.223341927322,660.192899999999,5782.91185669999,4252.11939999999,4472.217360000001,1215.1836015600002,27.8917242096962,24.8490761847269,64983.6888046773,9725.290346259173,124631.90504967
399600.0,597.7125,1300.5699595818116,386.56301260276524,660.192899999999,5782.91185669999,4252.11939999999,4472.217360000001,1215.1836015600002,27.2041629538387,24.2262624100566,61907.298538178,9725.290346259173,76342.6842303111
403200.0,0.0,1188.18774023696,844.973821579434,0.0,5782.91185669999,2126.0596999999984,4472.217360000001,607.59180078,27.8319785319623,27.4920804153511,23162.3222994497,1189.731122344443,35400.0641198286
406800.0,0.0,1120.44708389657,0.0,0.0,5782.91185669999,0.0,4472.217360000001,0.0,28.0940556045635,28.5932076138279,10436.6195204694,0.0,30512.2026474451
410400.0,0.0,1087.22812744895,0.0,0.0,4959.81385669999,0.0,2236.1086800000003,0.0,28.0205306647007,28.7279817590204,10074.5734676938,0.0,37288.9194920802
414000.0,0.0,873.727501323609,0.0,0.0,1034.1789641749992,0.0,0.0,0.0,27.6653392187489,28.7279057514374,9662.88927757304,0.0,39529.3369018004
417600.0,0.0,765.452500212342,0.0,0.0,0.0,0.0,0.0,0.0,27.466681963385,28.6790158569763,9067.4380853943,0.0,45052.9073731207
421200.0,0.0,719.04748384046,0.0,0.0,0.0,0.0,0.0,0.0,27.3004501182774,28.5717036808044,8578.90367437794,0.0,45813.6910649928
424800.0,0.0,683.670508551269,0.0,0.0,0.0,0.0,0.0,0.0,27.1573703334506,28.4615126059043,8229.32910813279,0.0,45423.3884241768
428400.0,0.0,665.008743872407,0.0,0.0,0.0,0.0,0.0,0.0,27.0536940885998,28.3946222423147,8079.24249700035,0.0,45251.6811861053
432000.0,0.0,651.518459773144,0.0,0.0,0.0,0.0,0.0,0.0,26.9754200258263,28.3545880236601,7960.89787062263,0.0,45117.5754452863
435600.0,0.0,579.90756982002,0.0,0.0,0.0,0.0,0.0,0.0,26.9028653276906,28.312692175072,7789.14717261503,0.0,44871.3785545324
439200.0,0.0,392.202526336642,0.0,0.0,0.0,0.0,0.0,0.0,26.8114025691277,28.2339289611762,7454.83144870704,0.0,44344.6828568315
442800.0,0.0,353.046935595064,0.0,0.0,0.0,0.0,0.0,0.0,26.673959008482,28.0753430908215,6760.39178891211,0.0,43602.7594812711
446400.0,0.0,314.69525033866,0.0,0.0,0.0,0.0,0.0,0.0,26.5241550533747,27.8954339029695,6171.88242661983,0.0,42967.6293870022
450000.0,0.0,301.934113250409,0.0,0.0,0.0,0.0,0.0,0.0,26.4297024134783,27.8051670910759,6051.00591507432,0.0,42832.2893497214
453600.0,69.31875,280.505311336927,0.0,0.0,2891.455928349999,0.0,0.0,0.0,24.0785858546687,27.7286022364405,18409.6728699523,5165.258906439991,62748.1763805405
457200.0,0.0,264.268161647818,0.0,0.0,5782.91185669999,0.0,0.0,0.0,23.5977726705929,27.6310310190169,18970.7491492524,7544.721151128871,75127.5313014392
460800.0,0.0,284.736944284602,0.0,0.0,5782.91185669999,0.0,0.0,0.0,23.6074401636659,27.6644936701971,21003.4362835255,7544.721151128871,79075.6010281578
464400.0,0.0,420.807655326514,0.0,0.0,5782.91185669999,0.0,0.0,0.0,24.2518082825354,27.9419480902677,26627.978372773,7544.721151128871,76990.4197262057
468000.0,930.543546053212,737.172565241068,0.0,0.0,5782.91185669999,0.0,0.0,0.0,25.4214836393592,28.4662652634527,37042.3865243539,7544.721151128871,78676.9278541755
471600.0,1195.425,1004.97506149308,0.0,0.0,5782.91185669999,0.0,0.0,0.0,26.1914445333237,28.8694268011513,41878.674861817,7544.721151128871,72390.1682380806
475200.0,597.712499999998,1105.54873028979,0.0,0.0,5782.91185669999,0.0,0.0,0.0,27.1416705939307,29.0080308452971,19931.1136478122,1189.731122344443,34892.0873896564
478800.0,0.0,1122.43188106566,0.0,0.0,5782.91185669999,0.0,0.0,0.0,27.5611343026882,29.1522994738734,12454.7448455882,0.0,20605.120432029
482400.0,0.0,1121.70891627054,0.0,0.0,0.0,0.0,0.0,0.0,27.4462367729361,29.2508317722327,12106.999258076,0.0,13738.2954707986
486000.0,0.0,1110.73875350321,0.0,0.0,0.0,0.0,0.0,0.0,27.3069158951609,29.2786308313997,10370.3227236804,0.0,-1148.55405819423
489600.0,0.0,1086.4672856024,0.0,0.0,0.0,0.0,0.0,0.0,27.2486439445359,29.2819734494807,9952.49065227015,0.0,6759.81768137318
493200.0,0.0,1079.25831935684,0.0,0.0,0.0,0.0,0.0,0.0,27.2177014585564,29.3111394014211,9814.71731752506,0.0,18157.6906045624
496800.0,0.0,942.440408120667,0.0,0.0,0.0,0.0,0.0,0.0,27.1984942515198,29.3098640827895,9743.92026916238,0.0,30018.1813845471
500400.0,0.0,784.119043874045,0.0,0.0,0.0,0.0,0.0,0.0,27.1426745976359,29.2344564070377,9358.43095602511,0.0,38384.962832107
504000.0,0.0,737.169908498444,0.0,0.0,0.0,0.0,0.0,0.0,27.0451397998697,29.1085798892437,8825.84353391442,0.0,44830.7889604502
507600.0,0.0,693.173213658807,0.0,0.0,0.0,0.0,0.0,0.0,26.9276054581808,28.945601747744,8373.22083738867,0.0,45580.9634354151
511200.0,0.0,661.877138661075,0.0,0.0,0.0,0.0,0.0,0.0,26.8287343935383,28.8089888502199,8067.66790151079,0.0,45239.4802427255
514800.0,0.0,636.995359593219,0.0,0.0,0.0,0.0,0.0,0.0,26.7478526686097,28.7029285599733,7830.51777201227,0.0,44973.8046202736
518400.0,0.0,405.458384634589,0.0,0.0,0.0,0.0,0.0,0.0,26.6766339229074,28.6127033025624,7764.19685411257,0.0,44673.2503548725
522000.0,0.0,391.780907643225,0.0,0.0,0.0,0.0,0.0,0.0,26.6174257614314,28.5429770956415,7553.73402780793,0.0,44446.8670880293
525600.0,0.0,378.762915013878,0.0,0.0,0.0,0.0,0.0,0.0,26.5587372477107,28.4728522412313,7352.16585073702,0.0,44229.6984058073
529200.0,0.0,349.489891746848,0.0,0.0,0.0,0.0,0.0,0.0,26.4617610341555,28.3426207162106,6862.26145245969,0.0,43704.3464214419
532800.0,0.0,320.465288347303,0.0,0.0,0.0,0.0,0.0,0.0,26.3489339134265,28.1887141801695,6363.31236939443,0.0,43170.1150334951
536400.0,0.0,290.228248182627,0.0,0.0,0.0,0.0,0.0,0.0,26.2451057105438,28.0508784681217,5982.9971147919,0.0,42754.1396924121
540000.0,0.0,264.203325626552,0.0,0.0,0.0,0.0,0.0,0.0,26.1462354011175,27.9196717389457,6038.4780720849,0.0,46925.3078696201
543600.0,0.0,253.977426233709,0.0,0.0,0.0,0.0,0.0,0.0,26.2980140753901,27.8472409749876,6136.94057125117,0.0,54077.9323251687
547200.0,0.0,273.008321016011,0.0,0.0,0.0,0.0,0.0,0.0,26.3624487397296,27.8668786112915,6907.21388896998,0.0,56830.6224383404
550800.0,0.0,345.651504351124,0.0,0.0,0.0,0.0,0.0,0.0,26.446037144187,28.0694954360003,7588.31759287779,0.0,49454.9379611204
554400.0,0.0,689.963015077523,0.0,0.0,0.0,0.0,0.0,0.0,26.5748780274473,28.5180371546638,8911.71392328116,0.0,40316.2522926913
558000.0,0.0,953.456946424648,0.0,0.0,0.0,0.0,0.0,0.0,26.6664262648896,29.0319049126893,10183.2452577203,0.0,29692.7174339847
561600.0,0.0,1082.72045328521,0.0,0.0,0.0,0.0,0.0,0.0,26.6883384761446,29.222139681029,9899.63905648291,0.0,15900.9209820754
565200.0,0.0,870.610445091549,0.0,0.0,0.0,0.0,0.0,0.0,26.6859577626018,29.1932534603237,9708.36572445124,0.0,8400.31962324136
568800.0,0.0,781.109723707994,0.0,0.0,0.0,0.0,0.0,0.0,26.6855668956803,29.1879799703666,9493.15790986293,0.0,6899.71608699416
572400.0,0.0,783.366356212129,0.0,0.0,0.0,0.0,0.0,0.0,26.6889949541975,29.2291936207541,7919.38779234373,0.0,-7569.39632014972
576000.0,0.0,767.508112831727,0.0,0.0,0.0,0.0,0.0,0.0,26.6870593803918,29.2790245342377,7508.93987250236,0.0,1522.96100313574
579600.0,0.0,752.599864250236,0.0,0.0,0.0,0.0,0.0,0.0,26.818754129935,29.2707184070389,8491.50555361463,0.0,15316.0159480727
583200.0,0.0,740.873848864457,0.0,0.0,0.0,0.0,0.0,0.0,26.8396595157635,29.2470744010422,8883.66990181807,0.0,28365.9819205592
586800.0,0.0,713.574323629785,0.0,0.0,0.0,0.0,0.0,0.0,26.7993710474316,29.1714080584214,8602.19788131729,0.0,36914.2070276209
590400.0,0.0,677.072564879995,0.0,0.0,0.0,0.0,0.0,0.0,26.7254998996297,29.0675635628265,8215.69349322328,0.0,44058.7297341901
594000.0,0.0,581.726481038477,0.0,0.0,0.0,0.0,0.0,0.0,26.6362868357596,28.936884758483,7756.71231169363,0.0,44851.102666955
597600.0,0.0,391.829799426317,0.0,0.0,0.0,0.0,0.0,0.0,26.5348810935794,28.7872725477302,7376.36943803293,0.0,44274.7728142684
601200.0,0.0,368.826229542418,0.0,0.0,0.0,0.0,0.0,0.0,26.4473747671198,28.665193775003,7076.04318950571,0.0,43947.7501423081
604800.0,0.0,350.664559407213,0.0,0.0,0.0,0.0,0.0,0.0,26.3662382609086,28.5555140440778,6903.87652732685,0.0,43754.6332414346
608400.0,0.0,344.923493763388,0.0,0.0,0.0,0.0,0.0,0.0,26.3122069123338,28.491593045732,6873.50920317131,0.0,43717.6072816699
612000.0,0.0,329.983903422828,0.0,0.0,0.0,0.0,0.0,0.0,26.2626923286794,28.4333536805252,6639.70994439152,0.0,43465.5573324385
615600.0,0.0,289.41311759605,0.0,0.0,0.0,0.0,0.0,0.0,26.14942939454,28.2720006557911,5991.02882679137,0.0,42767.1585328313
619200.0,0.0,254.625211544332,0.0,0.0,0.0,0.0,0.0,0.0,26.0384169472628,28.1180137190787,5454.00086516062,0.0,42187.6082555574
622800.0,0.0,236.879971310034,0.0,0.0,0.0,0.0,0.0,0.0,25.9727383501931,28.0391890946451,5243.90934328952,0.0,41956.8728215361
626400.0,0.0,195.268365507263,0.0,0.0,0.0,0.0,0.0,0.0,25.8694121058406,27.8972411665075,4870.61568118275,0.0,41516.0841399905
630000.0,38.6374999999999,84.9819359111112,327.2697122564462,330.09645,3714.5539283499993,4252.11939999999,2236.1086800000003,607.59180078,23.7798915733795,27.364811778475,12456.9921073794,7445.274626349584,70107.6851568119
633600.0,0.0,881.7465837689397,764.2136743111716,660.192899999999,5782.91185669999,4252.11939999999,4472.217360000001,1215.1836015600002,24.3772615410433,25.0540828596239,24886.9827458473,9725.290346259173,130805.854733447
637200.0,25.9028974091689,959.7670048010045,846.6008530001556,660.192899999999,5782.91185669999,4252.11939999999,4472.217360000001,1215.1836015600002,24.6889462590618,24.6495363436507,32645.458557068,9725.290346259173,130617.756617918
640800.0,677.7903775840304,1031.6524059726096,929.994872828214,660.192899999999,5782.91185669999,4252.11939999999,4472.217360000001,1215.1836015600002,25.6245054918195,24.597700375673,42609.5738985818,9725.290346259173,130516.162473739
644400.0,1195.425,1252.4988592116586,1070.0275356852296,660.192899999999,5782.91185669999,4252.11939999999,4472.217360000001,1215.1836015600002,26.6635048433619,24.6363066174038,53314.7058443023,9725.290346259173,129724.848472667
648000.0,1195.425,1367.8111258681145,1120.0614597700594,660.192899999999,5782.91185669999,4252.11939999999,4472.217360000001,1215.1836015600002,27.1758490827747,24.7935909293274,58771.5088637294,9725.290346259173,125041.332547556
651600.0,1195.425,1354.7983484560086,1141.64830045812,660.192899999999,5782.91185669999,4252.11939999999,4472.217360000001,1215.1836015600002,27.1796367688018,24.8205906754852,58379.9220808981,9725.290346259173,117661.463450775
655200.0,1195.425,1334.3414355679536,1153.3809887075947,660.192899999999,5782.91185669999,4252.11939999999,4472.217360000001,1215.1836015600002,27.0975687670128,24.7774033738288,57038.7665803517,9725.290346259173,114180.471577215
658800.0,597.7125,1328.5629409098956,412.4200587716343,330.096449999999,5782.91185669999,4252.11939999999,4472.217360000001,1215.1836015600002,26.2791767766706,24.739227962391,53076.2919416697,9725.290346259173,92940.1387359264
662400.0,0.0,691.902960244547,315.8557038168027,0.0,5782.91185669999,4252.11939999999,4472.217360000001,0.0,27.2741049970779,26.9645159354056,24933.8472829665,3057.207941072213,37925.2721172038
666000.0,0.0,787.51301392726,237.59123939444808,0.0,4959.81385669999,0.0,4472.217360000001,0.0,27.4731035867313,28.6600222989739,18882.6292763134,2379.4622446888798,41397.9085054989
669600.0,0.0,732.148856882462,213.93236604592516,0.0,1034.1789641749992,0.0,4472.217360000001,0.0,27.1893311627392,28.8065075208489,17506.6094227747,2379.4622446888798,44623.313265501
673200.0,0.0,699.359388969978,200.38483574951,0.0,0.0,0.0,4472.217360000001,0.0,27.0688442562459,28.8315857492206,16300.7119481065,2379.4622446888798,51428.7719040056
676800.0,0.0,653.694092162766,0.0,0.0,0.0,0.0,4472.217360000001,0.0,26.9563696909752,28.7832835669479,7667.902662207,0.0,48183.6877746526
680400.0,0.0,365.287288028494,0.0,0.0,0.0,0.0,4472.217360000001,0.0,26.7140768961749,28.4923023215881,6469.16035058447,0.0,47806.1197826776
684000.0,0.0,344.744671093006,0.0,0.0,0.0,0.0,4472.217360000001,0.0,26.5551370222516,28.3217896289072,6114.635808666,0.0,47427.1100168532
687600.0,0.0,362.130999496685,0.0,0.0,0.0,0.0,0.0,0.0,26.5791420111637,28.4338679628859,6624.90176903133,0.0,43488.3297055095
691200.0,0.0,357.016292916879,0.0,0.0,0.0,0.0,0.0,0.0,26.5316778217276,28.4150905318707,6660.69945695043,0.0,43518.0278315799
694800.0,0.0,336.095066217965,0.0,0.0,0.0,0.0,0.0,0.0,26.4530108404165,28.3402841164931,6385.26735496254,0.0,43217.0856774523
698400.0,0.0,315.725257725378,0.0,0.0,0.0,0.0,0.0,0.0,26.3605199314123,28.2380715408651,6104.97894578917,0.0,42912.1474615226
702000.0,0.0,299.164963845749,0.0,0.0,0.0,0.0,0.0,0.0,26.288192168405,28.1686299335232,5870.99989567708,0.0,42658.0584372422
705600.0,0.0,284.097664296291,0.0,0.0,0.0,0.0,0.0,0.0,26.220690259235,28.103301636045,5678.32266486791,0.0,42447.1998466675
709200.0,0.0,274.278283028276,0.0,0.0,0.0,0.0,0.0,0.0,26.1696980627067,28.0625526686251,5533.95329611617,0.0,42290.8323412102
712800.0,0.0,253.205980487863,0.0,0.0,0.0,0.0,0.0,0.0,26.1054847050373,27.9949132869825,5301.93044571906,0.0,42016.7444848215
716400.0,38.6374999999999,119.773304951814,340.99686556756967,330.09645,3714.5539283499993,4252.11939999999,2236.1086800000003,607.59180078,23.8906403493783,27.4489052283107,20692.8786698182,7445.274626349584,78892.4184852694
720000.0,0.0,910.9343166516596,802.1994377329274,660.192899999999,5782.91185669999,4252.11939999999,4472.217360000001,1215.1836015600002,24.5532842367668,25.0571163716143,34560.5040686344,9725.290346259173,142856.988972806
723600.0,494.381249999999,969.5037991556796,885.5322512390948,660.192899999999,5782.91185669999,4252.11939999999,4472.217360000001,1215.1836015600002,25.1780304115603,24.6481794729201,39102.8674732885,9725.290346259173,139816.415306267
727200.0,813.3307512568709,1029.4403073535316,1013.180993170915,660.192899999999,5782.91185669999,4252.11939999999,4472.217360000001,1215.1836015600002,26.0314680604484,24.6071852766812,48958.2784144899,9725.290346259173,142286.490494616
730800.0,1195.425,1331.1196328116675,1097.7992058635487,660.192899999999,5782.91185669999,4252.11939999999,4472.217360000001,1215.1836015600002,26.9681184349106,24.7875700130401,59636.1075447055,9725.290346259173,145524.784425119
734400.0,1195.425,1429.7080316448225,1144.7480403061072,660.192899999999,5782.91185669999,4252.11939999999,4472.217360000001,1215.1836015600002,27.5386505528124,25.0031379586482,66022.597471557,9725.290346259173,137366.540671043
738000.0,1195.425,1444.7376280295446,1170.1197336327862,660.192899999999,5782.91185669999,4252.11939999999,4472.217360000001,1215.1836015600002,27.7818840302632,25.1049378677593,67783.4711407942,9725.290346259173,135711.17963202
741600.0,1195.425,1459.3767200197926,1236.2634602098888,660.192899999999,5782.91185669999,4252.11939999999,4472.217360000001,1215.1836015600002,27.9409692935001,25.1674458642942,69551.9069817978,9725.290346259173,130041.493319436
745200.0,597.7125,1609.4162317387666,456.31315821581006,330.096449999999,5782.91185669999,4252.11939999999,4472.217360000001,1215.1836015600002,27.3897121048901,25.2580174363497,68622.8171536367,9725.290346259173,111991.730115986
748800.0,0.0,952.643734114294,363.7738005248097,0.0,5782.91185669999,4252.11939999999,4472.217360000001,0.0,27.8705138085021,27.4437437025584,35965.0338154772,3057.207941072213,52070.3399218127
752400.0,0.0,1174.7614536153,245.3926657160353,0.0,4959.81385669999,0.0,4472.217360000001,0.0,27.8960276976922,28.9641402258964,28968.4896663125,2379.4622446888798,53506.960957564
756000.0,0.0,1104.76338915718,228.39009620016958,0.0,1034.1789641749992,0.0,4472.217360000001,0.0,27.5619016716697,29.0410469448815,27306.0485142388,2379.4622446888798,54735.1836611605
759600.0,0.0,878.115103720728,207.35595083994895,0.0,0.0,0.0,4472.217360000001,0.0,27.3972930506311,29.0285742140478,26253.6851160939,2379.4622446888798,59513.8532041022
763200.0,0.0,768.231050669665,0.0,0.0,0.0,0.0,4472.217360000001,0.0,27.267631662228,28.9746597298281,9737.60116061882,0.0,50198.564811642
766800.0,0.0,729.696380670535,0.0,0.0,0.0,0.0,4472.217360000001,0.0,27.1391170449452,28.8867652877169,9037.80293826913,0.0,50769.9464059941
770400.0,0.0,709.006407758526,0.0,0.0,0.0,0.0,4472.217360000001,0.0,27.0504919770949,28.8322942669058,8813.99811199383,0.0,50521.5029472767
774000.0,0.0,694.125109537599,0.0,0.0,0.0,0.0,0.0,0.0,26.9899976086719,28.8086442054552,8636.58178886716,0.0,45854.0250894496
777600.0,0.0,668.113403257143,0.0,0.0,0.0,0.0,0.0,0.0,26.9150903103073,28.7495506535846,8343.58333935568,0.0,45530.9755198964
781200.0,0.0,649.923910411735,0.0,0.0,0.0,0.0,0.0,0.0,26.8425449140867,28.687102714931,8126.29287954983,0.0,45292.42859412
784800.0,0.0,520.735636499817,0.0,0.0,0.0,0.0,0.0,0.0,26.7828258274708,28.6409660157847,7907.57831274095,0.0,44941.0882111191
788400.0,0.0,390.859305439165,0.0,0.0,0.0,0.0,0.0,0.0,26.7093642679338,28.5675608200374,7554.6130396771,0.0,44454.0085923718
792000.0,0.0,375.275118758651,0.0,0.0,0.0,0.0,0.0,0.0,26.6393849990417,28.4978103297254,7283.12316960176,0.0,44163.7821642544
795600.0,0.0,366.943244501057,0.0,0.0,0.0,0.0,0.0,0.0,26.5848259943085,28.4517888574485,7129.42003403153,0.0,43999.711139498
799200.0,0.0,354.20984730707,0.0,0.0,0.0,0.0,0.0,0.0,26.5312668214968,28.4023609094205,6912.93241512343,0.0,43674.1418725071
802800.0,219.6254097477279,208.380968678988,419.9226584277589,330.09645,3714.5539283499993,4252.11939999999,2236.1086800000003,607.59180078,24.8313409133043,27.7680192696204,29865.2564475942,7445.274626349584,87870.3201185745
806400.0,617.9765625,963.3309657084246,921.280811884182,660.192899999999,5782.91185669999,4252.11939999999,4472.217360000001,1215.1836015600002,25.4811286133614,25.336778955982,46081.8198085595,9725.290346259173,153735.703601572
810000.0,793.2375,1022.0751157562495,1036.117395451014,660.192899999999,5782.91185669999,4252.11939999999,4472.217360000001,1215.1836015600002,26.0884150363483,24.8605005217953,50873.4544810502,9725.290346259173,150673.913025444
813600.0,1195.425,1281.0719911787276,1128.8000346003153,660.192899999999,5782.91185669999,4252.11939999999,4472.217360000001,1215.1836015600002,26.8663940986617,24.8876609543923,58170.4953411848,9725.290346259173,148795.454147103
817200.0,1195.425,1452.5523961289166,1171.1376408263711,660.192899999999,5782.91185669999,4252.11939999999,4472.217360000001,1215.1836015600002,27.7069131958853,25.0469202402887,65010.1543764431,9725.290346259173,145099.634919778
820800.0,1195.425,1481.9986091681985,1206.2565578750355,660.192899999999,5782.91185669999,4252.11939999999,4472.217360000001,1215.1836015600002,28.1278268501618,25.1096989610758,66585.6532813342,9725.290346259173,137720.650329433
824400.0,1195.425,1471.7701157285135,1287.6131332818777,660.192899999999,5782.91185669999,4252.11939999999,4472.217360000001,1215.1836015600002,28.2067976663209,25.094363794873,66280.0551184065,9725.290346259173,131224.082836807
828000.0,1195.425,1460.7483934432955,1298.6728891163473,660.192899999999,5782.91185669999,4252.11939999999,4472.217360000001,1215.1836015600002,28.2210594615068,25.0739587532198,65741.1825422777,9725.290346259173,129120.981346116
831600.0,597.7125,1462.7026362362135,455.45327034833315,330.096449999999,5782.91185669999,4252.11939999999,4472.217360000001,1215.1836015600002,27.4953056894099,25.0622275154408,62431.1919636703,9725.290346259173,107424.258701214
835200.0,0.0,946.027898633053,362.73220864318847,0.0,5782.91185669999,4252.11939999999,4472.217360000001,0.0,28.1613801977752,27.3633575363856,32530.4463289887,3057.207941072213,49457.5157423619
838800.0,0.0,1215.36805252089,263.2169878284428,0.0,4959.81385669999,0.0,4472.217360000001,0.0,28.2927158902535,29.2008208408077,26921.566448203,2379.4622446888798,51986.3497726906
842400.0,0.0,1134.86447751723,247.0500013539729,0.0,1034.1789641749992,0.0,4472.217360000001,0.0,27.9580283490981,29.3064760303171,25872.2170599515,2379.4622446888798,53803.3612369228
846000.0,0.0,1081.65576853352,230.8860970632126,0.0,0.0,0.0,4472.217360000001,0.0,27.7477846659182,29.2338546359549,24666.5099616579,2379.4622446888798,59318.729728716
849600.0,0.0,789.906904640748,0.0,0.0,0.0,0.0,4472.217360000001,0.0,27.5778436606915,29.1258042330683,9590.40560133863,0.0,50177.8272075501
853200.0,0.0,739.463214274145,0.0,0.0,0.0,0.0,4472.217360000001,0.0,27.410266606567,28.9845558350591,8839.71553349231,0.0,50581.3151410857
856800.0,0.0,710.921926312215,0.0,0.0,0.0,0.0,4472.217360000001,0.0,27.2833947353234,28.8762257200516,8613.09150304541,0.0,50321.6538292591
860400.0,0.0,693.349962505804,0.0,0.0,0.0,0.0,0.0,0.0,27.1912479320514,28.8103210977861,8467.38642809649,0.0,45682.9582495978
864000.0,0.0,683.129321135925,0.0,0.0,0.0,0.0,0.0,0.0,27.1242702076315,28.7740004606625,8383.72179784121,0.0,45587.0705938376
867600.0,0.0,677.785805394025,0.0,0.0,0.0,0.0,0.0,0.0,27.0759939169056,28.759801823531,8327.18372062838,0.0,45523.7711393638
871200.0,0.0,656.969783145367,0.0,0.0,0.0,0.0,0.0,0.0,27.0187137811025,28.7235973206068,8071.77293660092,0.0,45244.4105803476
874800.0,0.0,521.55671548816,0.0,0.0,0.0,0.0,0.0,0.0,26.9406717204086,28.6500013197394,7761.85109275883,0.0,44794.7004902554
878400.0,0.0,390.217598205899,0.0,0.0,0.0,0.0,0.0,0.0,26.8536037513082,28.5588720416982,7421.05275422098,0.0,44318.2884247291
882000.0,0.0,373.663373011298,0.0,0.0,0.0,0.0,0.0,0.0,26.7745209120446,28.4768251551425,7123.84036634891,0.0,44001.0721393963
885600.0,0.0,354.662134896983,0.0,0.0,0.0,0.0,0.0,0.0,26.6938643234867,28.3921528483077,6812.35934115113,0.0,43574.2737891321
889200.0,227.871428571428,217.497539557773,432.52487042797986,330.09645,3714.5539283499993,4252.11939999999,2236.1086800000003,607.59180078,24.8403262759196,27.7689294901675,29045.5686809769,7445.274626349585,87024.2123598223
892800.0,617.9765625,973.1168433954326,947.94169506276,660.192899999999,5782.91185669999,4252.11939999999,4472.217360000001,1215.1836015600002,25.3883785608039,25.3601468560299,43885.4691920031,9725.290346259173,151307.899419495
896400.0,793.2375,1029.7546470281666,1106.450506387821,660.192899999999,5782.91185669999,4252.11939999999,4472.217360000001,1215.1836015600002,25.9477988260794,24.8840395762489,49037.5637112146,9725.290346259173,148698.566076575
900000.0,1195.425,1345.6007523783676,1159.1749615734418,660.192899999999,5782.91185669999,4252.11939999999,4472.217360000001,1215.1836015600002,26.814785026417,24.9000640929245,57830.0082876635,9725.290346259173,148114.035133977
903600.0,1195.425,1445.0384391629125,1216.3975814726434,660.192899999999,5782.91185669999,4252.11939999999,4472.217360000001,1215.1836015600002,27.4859275969068,25.0464800999674,63698.2588331567,9725.290346259173,141995.566667366
907200.0,1195.425,1604.4656341167245,1321.192578698277,660.192899999999,5782.91185669999,4252.11939999999,4472.217360000001,1215.1836015600002,27.8401001611246,25.1394355354588,66705.2679501999,9725.290346259173,135135.313750379
910800.0,1195.425,1743.4401292379666,1341.772218201969,660.192899999999,5782.91185669999,4252.11939999999,4472.217360000001,1215.1836015600002,28.1422670179538,25.1806501924501,67525.0656139304,9725.290346259173,130079.469375798
914400.0,1195.425,1743.4540307270365,1342.9208661074445,660.192899999999,5782.91185669999,4252.11939999999,4472.217360000001,1215.1836015600002,28.3350465371653,25.1653433702416,67537.3852628144,9725.290346259173,128856.65686631
918000.0,597.7125,1735.7246432038967,489.03214577542417,330.096449999999,5782.91185669999,4252.11939999999,4472.217360000001,1215.1836015600002,27.5941928678176,25.1448223667793,63620.641692036,9725.290346259173,107268.390620323
921600.0,0.0,957.858408009785,402.5699639049382,0.0,5782.91185669999,4252.11939999999,4472.217360000001,0.0,28.2498255395764,27.459116776629,32459.6117050793,3057.207941072213,48381.927703489
925200.0,0.0,1216.83462666081,295.5934009589759,0.0,4959.81385669999,0.0,4472.217360000001,0.0,28.3435798526796,29.1694795363501,26858.5147182618,2379.4622446888798,51645.3796886772
928800.0,0.0,1149.42619426797,253.937537526548,0.0,1034.1789641749992,0.0,4472.217360000001,0.0,28.0274271741404,29.2925394636196,25581.4813717399,2379.4622446888798,53778.4126851345
932400.0,0.0,1104.13568647454,240.3552233986975,0.0,0.0,0.0,4472.217360000001,0.0,27.858328576926,29.2789733566483,24338.0703162567,2379.4622446888798,59366.8857038692
936000.0,0.0,868.920350171098,0.0,0.0,0.0,0.0,4472.217360000001,0.0,27.7028491598427,29.1896546892687,9643.43497299502,0.0,50348.3939476761
939600.0,0.0,756.549308445187,0.0,0.0,0.0,0.0,4472.217360000001,0.0,27.5327087560643,29.0413616785766,8960.0733131238,0.0,50721.4401947211
943200.0,0.0,735.830426758339,0.0,0.0,0.0,0.0,4472.217360000001,0.0,27.4217678809618,28.9587020829303,8836.01665905179,0.0,50573.238517121
946800.0,0.0,726.146722664968,0.0,0.0,0.0,0.0,0.0,0.0,27.3565638353606,28.93563672321,8749.65703278874,0.0,46002.5935051777
950400.0,0.0,711.92184324485,0.0,0.0,0.0,0.0,0.0,0.0,27.3033654684889,28.9209500735311,8550.84672469366,0.0,45783.7738008172
954000.0,0.0,691.976143293266,0.0,0.0,0.0,0.0,0.0,0.0,27.2412427171205,28.8821058348568,8315.26141178541,0.0,45524.1371371855
957600.0,0.0,683.075375001562,0.0,0.0,0.0,0.0,0.0,0.0,27.1848307453646,28.8470739722104,8235.28211454158,0.0,45433.1299583916
961200.0,0.0,667.169872073683,0.0,0.0,0.0,0.0,0.0,0.0,27.1364304619598,28.8214440258362,8040.03829431002,0.0,45218.589331433
964800.0,0.0,640.923623056401,0.0,0.0,0.0,0.0,0.0,0.0,27.0615793011834,28.7488624934733,7754.53431729796,0.0,44901.7428135345
968400.0,0.0,627.126948579364,0.0,0.0,0.0,0.0,0.0,0.0,26.9946880345615,28.6874739213077,7602.82853799508,0.0,44734.1747068837
972000.0,0.0,527.583155517489,0.0,0.0,2068.3579283499994,2126.0596999999984,0.0,0.0,26.9472457282025,28.708210581927,7754.75123546187,0.0,48927.3111043505
975600.0,1016.1176853640629,427.387019057699,446.82771319932374,330.09645,5782.91185669999,4252.11939999999,4472.217360000001,1215.1836015600002,25.4148988932684,28.1656688499861,33606.8843372929,7445.274626349585,102148.280575471
979200.0,751.59731592959,1010.3374864811847,1055.977548059901,660.192899999999,5782.91185669999,4252.11939999999,4472.217360000001,1215.1836015600002,25.9805002441868,25.5927286381276,50102.0657408001,9725.290346259173,158973.801938434
982800.0,1195.425,1118.8739145156485,1150.544074879577,660.192899999999,5782.91185669999,4252.11939999999,4472.217360000001,1215.1836015600002,26.5447349664188,25.061137656069,54768.9975010445,9725.290346259173,156655.950359032
986400.0,1195.425,1376.9213203148176,1247.7824045747723,660.192899999999,5782.91185669999,4252.11939999999,4472.217360000001,1215.1836015600002,27.2138034703912,25.1080199090105,61269.2420372177,9725.290346259173,156167.458003687
990000.0,1195.425,1462.8936995854006,1336.672907645145,660.192899999999,5782.91185669999,4252.11939999999,4472.217360000001,1215.1836015600002,27.7125626637533,25.1999749534712,65318.7133711424,9725.290346259173,147996.338179716
993600.0,1195.425,1733.8454419412267,1358.3195650553482,660.192899999999,5782.91185669999,4252.11939999999,4472.217360000001,1215.1836015600002,27.9814239733598,25.2198292859481,66239.1405129543,9725.290346259173,137919.105732095
997200.0,1195.425,1758.7099682979867,1369.2015335115414,660.192899999999,5782.91185669999,4252.11939999999,4472.217360000001,1215.1836015600002,28.1880507589852,25.2459046227188,68225.1448604699,9725.290346259173,134619.034198387
1000800.0,1195.425,1762.7049382179766,1381.8405347053185,660.192899999999,5782.91185669999,4252.11939999999,4472.217360000001,1215.1836015600002,28.2591016568632,25.2821022049113,68851.8490361031,9725.290346259173,133818.935039972
1004400.0,597.7125,1361.4256289212906,522.0664840611973,660.192899999999,5782.91185669999,4252.11939999999,4472.217360000001,1215.1836015600002,27.5653048251214,24.6342172043672,65705.7792829796,9725.290346259173,83826.6326520642
1008000.0,0.0,1231.77463530817,946.5015830578012,0.0,5782.91185669999,2126.0596999999984,4472.217360000001,607.59180078,28.2519079166231,27.9215875572755,25076.6272220241,1189.731122344443,40429.6978268847
1011600.0,0.0,1177.30070495943,0.0,0.0,5782.91185669999,0.0,4472.217360000001,0.0,28.5043947091717,29.0043675230956,10949.2050672274,0.0,34391.8669155112
1015200.0,0.0,1127.53849157736,0.0,0.0,4959.81385669999,0.0,2236.1086800000003,0.0,28.4248620284036,29.1352216812515,10348.8302944068,0.0,38983.8809023997
1018800.0,0.0,1014.79567549059,0.0,0.0,1034.1789641749992,0.0,0.0,0.0,28.0226849506912,29.0791066045695,9722.00638153347,0.0,38533.8447991832
1022400.0,0.0,792.292497137791,0.0,0.0,0.0,0.0,0.0,0.0,27.8048963058952,29.0118603332625,9464.24157861626,0.0,45592.9181469849
1026000.0,0.0,764.912778805766,0.0,0.0,0.0,0.0,0.0,0.0,27.6703076739415,28.9653787813633,9234.55478008359,0.0,46534.4493244973
1029600.0,0.0,744.413901476386,0.0,0.0,0.0,0.0,0.0,0.0,27.5695852573272,28.9303027467438,8961.33937696745,0.0,46235.1365188265
1033200.0,0.0,728.470290106454,0.0,0.0,0.0,0.0,0.0,0.0,27.5005127718473,28.923017588916,8724.6308773228,0.0,45978.6911257827
1036800.0,0.0,719.69144480237,0.0,0.0,0.0,0.0,0.0,0.0,27.4490584250255,28.9285884807669,8566.64038589895,0.0,45809.7165590467
1040400.0,0.0,712.626657983053,0.0,0.0,0.0,0.0,0.0,0.0,27.4157045513523,28.9524212363861,8427.72759728257,0.0,45662.6831307285
1044000.0,0.0,690.288940598515,0.0,0.0,0.0,0.0,0.0,0.0,27.3540740862825,28.9198957320514,8227.3443511402,0.0,45435.0532793869
1047600.0,0.0,663.984077855744,0.0,0.0,0.0,0.0,0.0,0.0,27.2541963670936,28.8199963702862,7990.20710487951,0.0,45164.5186189036
1051200.0,0.0,635.82194988333,0.0,0.0,0.0,0.0,0.0,0.0,27.1777625283635,28.7554334205646,7540.47387244575,0.0,44680.3211851174
1054800.0,0.0,625.300139340617,0.0,0.0,0.0,0.0,0.0,0.0,27.136555156089,28.745742535154,7366.3390786418,0.0,44494.1502830846
1058400.0,981.1840694713139,562.994901566971,0.0,0.0,2891.455928349999,0.0,0.0,0.0,25.4478937271362,28.7434173593483,22884.0813247682,5165.258906439991,68509.7408655886
1062000.0,431.724296069043,404.990834109944,0.0,0.0,5782.91185669999,0.0,0.0,0.0,25.0819978928147,28.7300448457577,26774.1049514395,7544.721151128871,84309.756454583
1065600.0,80.0749336734268,500.254673452279,0.0,0.0,5782.91185669999,0.0,0.0,0.0,24.9877792497504,28.7662736319986,26889.1314568611,7544.721151128871,88782.1563074387
1069200.0,1061.3625,669.857649238599,0.0,0.0,5782.91185669999,0.0,0.0,0.0,25.3236802749424,28.9444533133976,30349.9361306466,7544.721151128871,83597.0598524979
1072800.0,1195.425,913.638054555181,0.0,0.0,5782.91185669999,0.0,0.0,0.0,26.0433180433144,29.3078730707272,35672.3047973543,7544.721151128871,78910.7398467954
1076400.0,1195.425,1214.12381859769,0.0,0.0,5782.91185669999,0.0,0.0,0.0,27.0589348292407,29.8704639224605,41998.5390136514,7544.721151128871,75452.8665110643
1080000.0,597.712499999999,1248.225,0.0,0.0,5782.91185669999,0.0,0.0,0.0,28.1685300761562,30.3648969815134,21805.3616156377,1189.731122344443,46693.958771358
1083600.0,0.0,1248.225,0.0,0.0,5782.91185669999,0.0,0.0,0.0,28.6939417118212,30.5994484274991,13526.9395277567,0.0,26912.8140877175
1087200.0,0.0,1248.225,0.0,0.0,0.0,0.0,0.0,0.0,28.6747414659716,30.8739453901034,13128.2222062001,0.0,23459.5805277564
1090800.0,0.0,1248.225,0.0,0.0,0.0,0.0,0.0,0.0,28.6812296386691,31.0838054911757,10907.487097534,0.0,6559.02759321863
1094400.0,0.0,1248.225,0.0,0.0,0.0,0.0,0.0,0.0,28.6352224126349,31.0985899142557,10602.8224521567,0.0,12613.2008071526
1098000.0,0.0,1248.225,0.0,0.0,0.0,0.0,0.0,0.0,28.4968110527055,30.9533109854116,10444.6572558084,0.0,21342.5762712456
1101600.0,0.0,1220.99457584126,0.0,0.0,0.0,0.0,0.0,0.0,28.2881183954069,30.6465547587486,10175.996729024,0.0,31014.1394363388
1105200.0,0.0,1163.86481719518,0.0,0.0,0.0,0.0,0.0,0.0,28.1558363072453,30.4591990735298,9785.94281405423,0.0,37297.4123263854
1108800.0,0.0,1084.1942297054,0.0,0.0,0.0,0.0,0.0,0.0,27.9970421841091,30.2458688310738,9119.65410980539,0.0,46762.1597218464
1112400.0,0.0,867.314168444206,0.0,0.0,0.0,0.0,0.0,0.0,27.826548130339,30.0039689018631,8997.98503550899,0.0,46412.2622062873
1116000.0,0.0,775.841845245457,0.0,0.0,0.0,0.0,0.0,0.0,27.6901491773712,29.812987837909,8873.85221718242,0.0,46190.272925516
1119600.0,0.0,761.185675608701,0.0,0.0,0.0,0.0,0.0,0.0,27.6027534030986,29.6991945268518,8822.92691682034,0.0,46121.7158905997
1123200.0,0.0,740.345561945774,0.0,0.0,0.0,0.0,0.0,0.0,27.5461621035058,29.6335472175637,8473.15706908724,0.0,45743.9489656556
1126800.0,0.0,711.313434226243,0.0,0.0,0.0,0.0,0.0,0.0,27.4862528581542,29.5592507219204,8025.05647564276,0.0,45261.8803412256
1130400.0,0.0,673.497343497494,0.0,0.0,0.0,0.0,0.0,0.0,27.413432752533,29.4628056351839,7485.02582530134,0.0,44677.934879335
1134000.0,0.0,629.527677290087,0.0,0.0,0.0,0.0,0.0,0.0,27.3273136183228,29.3458765474385,6909.03597388597,0.0,44051.317588107
1137600.0,0.0,607.288946566835,0.0,0.0,0.0,0.0,0.0,0.0,27.2592467926001,29.2603001329486,6659.48755210643,0.0,43776.5686118162
1141200.0,0.0,543.523504066915,0.0,0.0,0.0,0.0,0.0,0.0,27.2061655554956,29.1990320486311,6499.66427980397,0.0,43549.9690979253
1144800.0,0.0,398.744686789007,0.0,0.0,4136.715856699991,0.0,0.0,0.0,27.1475356135808,29.1272294667597,6819.57202625658,0.0,47810.9848450385
1148400.0,0.0,400.866424110411,0.0,0.0,4136.715856699991,0.0,0.0,0.0,27.1889661233088,29.1165508479039,6959.64700406854,0.0,55023.8689170495
1152000.0,0.0,600.052026942456,0.0,0.0,4136.715856699991,0.0,0.0,0.0,27.2201399059736,29.205474864391,7812.70250060597,0.0,59005.9249291215
1155600.0,0.0,718.081402356283,0.0,0.0,4136.715856699991,0.0,0.0,0.0,27.2875850406506,29.4669957024759,8883.0951517687,0.0,52852.4824037019
1159200.0,0.0,1046.78657030897,0.0,0.0,4136.715856699991,0.0,0.0,0.0,27.4164839779113,29.9266881525138,10214.9959631684,0.0,46074.0727397701
1162800.0,0.0,1235.74778316339,0.0,0.0,4136.715856699991,0.0,0.0,0.0,27.515503082166,30.3451304171804,11233.3470541635,0.0,35751.5299876537
1166400.0,0.0,1248.225,0.0,0.0,1034.1789641749992,0.0,0.0,0.0,27.5450662781546,30.5288196342475,11277.5104973508,0.0,23500.6472059831
1170000.0,0.0,1248.225,0.0,0.0,0.0,0.0,0.0,0.0,27.5666394091434,30.5896117767661,11144.9221042917,0.0,22632.1436817013
1173600.0,0.0,1248.225,0.0,0.0,0.0,0.0,0.0,0.0,27.5691114617788,30.5950265974358,11114.1382810054,0.0,16157.7710964636
1177200.0,0.0,1248.225,0.0,0.0,0.0,0.0,0.0,0.0,27.5975151326949,30.7370454142165,9629.89697218746,0.0,-2645.79033474468
1180800.0,0.0,1248.225,0.0,,0.0,0.0,0.0,,27.656565980795,31.0302248795016,9536.96743273082,0.0,7237.10722826606
1184400.0,0.0,1248.225,0.0,,0.0,0.0,0.0,,28.1783641451124,31.2410344861126,11299.1213213348,0.0,21840.2332905595
1188000.0,0.0,1248.225,0.0,,0.0,0.0,0.0,,28.349962989797,31.3061845058345,11536.0920510258,0.0,32739.2150855155
1191600.0,0.0,1248.225,0.0,,0.0,0.0,0.0,,28.445110972254,31.4163755893187,11285.2853865694,0.0,40799.6118525521
1195200.0,0.0,1248.225,0.0,,0.0,0.0,0.0,,28.5089599133082,31.5123449065261,10623.0221339597,0.0,48460.0487237889
1198800.0,0.0,1246.81953946441,0.0,,0.0,0.0,0.0,,28.4038758984934,31.3406512564176,9758.52264849203,0.0,47566.4133817044
1202400.0,0.0,1172.98082502046,0.0,,0.0,0.0,0.0,,28.1711585430327,30.9751780638445,8568.72624036639,0.0,46288.8083919293
1206000.0,0.0,867.040021519196,0.0,,0.0,0.0,0.0,,27.9191745872905,30.5848267218573,7428.2226841899,0.0,44828.8677473743
1209600.0,0.0,727.094466113955,0.0,,0.0,0.0,0.0,,27.6787031944831,30.2126730615724,6002.59889731976,0.0,20876.8353149817
1213200.0,0.0,684.32948669051,0.0,,0.0,0.0,0.0,,27.5189156876582,29.9717675755721,5347.18093935888,0.0,20143.3193710605
1216800.0,0.0,530.118880477861,0.0,,0.0,0.0,0.0,,27.3786319055532,29.7652928337162,4838.78839581039,0.0,19469.5693533293
1220400.0,0.0,386.301809630753,0.0,,0.0,0.0,0.0,,27.2309682605912,29.5500490155117,4415.32762265948,0.0,18890.9278247325
1224000.0,0.0,356.889864545109,0.0,,0.0,0.0,0.0,,27.0836186445046,29.3384139399829,4052.62571110806,0.0,18485.658007053
1227600.0,0.0,339.927348815033,0.0,,0.0,0.0,0.0,,26.9633147946914,29.173897424685,3866.33073736421,0.0,18275.1420875141
1231200.0,0.0,341.885125972566,0.0,,4136.715856699991,0.0,0.0,,26.935076520227,29.1538119853309,4143.86683376434,0.0,22636.875390227
1234800.0,0.0,331.772620023422,0.0,,4136.715856699991,0.0,0.0,,26.8882761856105,29.0977098636862,4108.07430434362,0.0,21275.1635902509
1238400.0,0.0,344.03707767065,0.0,,4136.715856699991,0.0,0.0,,26.8857572906469,29.0892595378196,4226.63388643928,0.0,15723.0613746821
1242000.0,0.0,532.435816515911,0.0,,4136.715856699991,0.0,0.0,,27.0909039831605,29.376558086866,5093.96578561037,0.0,8982.03718868333
1245600.0,0.0,746.874714395509,0.0,,4136.715856699991,0.0,0.0,,27.3918749605939,29.8001721752631,6175.87961297613,0.0,-524.922097287531
1249200.0,0.0,1045.65072022315,0.0,,4136.715856699991,0.0,0.0,,27.6200154362699,30.2025135682117,7225.1075749819,0.0,-11931.3610909091
1252800.0,0.0,1193.37923784211,0.0,,1034.1789641749992,0.0,0.0,,27.8179478173116,30.5510366256103,7619.88004721065,0.0,-25229.7038743086
1256400.0,0.0,1244.51952463143,0.0,,0.0,0.0,0.0,,28.0539513665775,30.9119557739079,7934.53732989506,0.0,-31579.0923417043
1260000.0,0.0,1248.225,0.0,,0.0,0.0,0.0,,28.2764609736809,31.2451189752556,8079.31422325736,0.0,-32065.0008267112
1263600.0,0.0,1248.225,0.0,,0.0,0.0,0.0,,28.4254125360837,31.4645763745358,8168.06555387427,0.0,-27449.3096952117
1267200.0,0.0,1242.03585893783,0.0,,0.0,0.0,0.0,,28.3348223646633,31.335047950561,8110.8040496439,0.0,-18258.5372631063
1270800.0,0.0,1191.97511190173,0.0,,0.0,0.0,0.0,,28.1245977712627,31.0364025247803,7903.5140628287,0.0,-5652.955766741
1274400.0,0.0,1180.87077861022,0.0,,0.0,0.0,0.0,,28.0753384951045,30.9567528332723,7988.25808637929,0.0,7275.75086591339
1278000.0,0.0,1152.98154553414,0.0,,0.0,0.0,0.0,,28.0299846010366,30.8683364598268,7774.85127578779,0.0,15330.1416166208
1281600.0,0.0,1115.48385838863,0.0,,0.0,0.0,0.0,,27.9486183782565,30.7445049911792,7526.94745548261,0.0,22764.0829471
1285200.0,0.0,859.269629475658,0.0,,0.0,0.0,0.0,,27.7838105118288,30.4828254151773,6850.3070411725,0.0,21810.2168012082
1288800.0,0.0,724.723883853782,0.0,,0.0,0.0,0.0,,27.5746466772615,30.1455425491341,6123.86432949077,0.0,20932.3336735526
1292400.0,0.0,709.982438328732,0.0,,0.0,0.0,0.0,,27.511197543359,30.0524240514005,5883.62826496153,0.0,20674.7660898919
