timestamp(s),Cons_FC_PB,Cons_FC_P1,Cons_FC_P2,Cons_FC_P3,Ilum_PB,Ilum_P1,Ilum_P2,Ilum_P3,Temp_PB,Temp_P1,TempP2,Cons_Ref,Cons_Vent,TOTAL
0.0,0.0,711.99,0.0,0.0,21.69,0.0,4306.74,0.0,27.33333333333334,27.7,29.28583333333334,4801.19,0.0,51143.35
3600.0,0.0,692.45,0.0,0.0,0.0,0.0,4666.74,0.0,27.30916666666667,27.681000000000004,29.269166666666663,6303.84,0.0,53734.47
7200.0,0.0,662.58,0.0,0.0,0.0,0.0,4315.59,0.0,27.3,27.668333333333337,29.26583333333333,5433.54,0.0,54850.89
10800.0,0.0,657.59,0.0,0.0,0.0,0.0,4285.43,0.0,27.199166666666667,27.665000000000006,29.257499999999997,4254.1,0.0,47847.63
14400.0,0.0,661.6,0.0,0.0,0.0,0.0,4297.95,0.0,27.125833333333333,27.64916666666667,29.25,5339.58,0.0,50596.49
18000.0,0.0,662.44,0.0,0.0,0.0,0.0,4287.03,0.0,27.054999999999996,27.614166666666673,29.239166666666666,5860.17,0.0,54011.99
21600.0,0.0,655.73,0.0,0.0,2088.5,677.79,4333.75,81.67,27.0,27.590833333333336,29.220000000000002,4507.63,0.0,56177.69
25200.0,654.65,684.37,375.0,190.92,6210.72,3894.99,5327.51,887.84,26.843333333333334,27.323333333333334,28.430000000000003,42767.54,8030.08,129273.45
28800.0,1072.35,1125.46,1114.44,583.0,6501.38,4218.81,4383.18,941.92,26.41583333333334,26.53833333333333,27.27083333333334,45544.12,10018.56,143415.86
32400.0,964.87,1156.83,1106.27,711.26,6494.88,4200.06,4498.01,1201.97,26.45916666666666,26.438181818181818,27.419999999999998,57118.03,10075.01,144763.44
36000.0,1013.3,1179.98,1096.87,730.58,6454.72,4200.41,4485.17,1244.83,26.451666666666664,26.462499999999995,27.4475,73706.8,10036.81,156591.72
39600.0,932.48,1205.42,1102.75,737.59,6484.43,4240.36,4476.38,1254.41,26.53583333333333,26.677500000000006,27.521666666666672,77069.59,10040.48,150855.6
43200.0,930.7,1198.42,1101.22,737.64,6523.37,4193.06,4525.81,1279.84,26.571999999999996,26.816363636363636,27.610833333333332,77587.97,10026.65,137449.43
46800.0,932.02,1171.65,1100.99,606.6,6379.99,4168.24,4485.1,973.57,26.48375,26.81,27.615,76984.26,10049.95,128247.93
50400.0,1159.35,1203.41,1102.08,578.8,6201.24,4167.58,4466.0,920.03,26.405833333333334,26.73,27.571818181818177,66535.03,10129.01,118469.54
54000.0,396.22,1161.29,1112.99,334.25,5805.25,3917.71,4449.2,819.65,26.365833333333338,26.465000000000003,27.320000000000004,63115.55,10117.78,107313.1
57600.0,7.94,1156.5,1124.37,0.0,5605.87,1742.0,4297.11,541.99,26.415833333333335,26.340000000000003,26.949166666666667,31793.05,3153.1,58328.65
61200.0,0.0,1160.68,1128.42,0.0,1026.06,0.0,4286.54,0.0,26.488333333333333,26.477499999999996,26.817777777777778,27212.01,1746.17,57127.66
64800.0,0.0,1151.6,1123.29,0.0,129.48,0.0,4335.19,0.0,26.513333333333332,26.440833333333334,26.711000000000002,30562.5,1746.94,56822.72
68400.0,0.0,1158.56,1129.71,0.0,129.71,0.0,4336.68,0.0,26.534999999999997,26.375454545454545,26.509999999999994,26835.18,1750.83,61921.37
72000.0,0.0,1164.05,188.76,0.0,129.62,0.0,3994.15,0.0,26.675,26.53125,27.099999999999994,9244.05,293.41,63051.47
75600.0,0.0,1167.74,0.0,0.0,129.63,0.0,3814.07,0.0,26.833333333333332,26.819166666666664,28.015454545454546,5520.62,0.0,58324.14
79200.0,0.0,1170.84,0.0,0.0,130.09,0.0,186.09,0.0,26.879999999999995,26.949090909090913,28.255,6286.35,0.0,56275.31
82800.0,0.0,1170.81,0.0,0.0,129.86,0.0,187.84,0.0,27.010000000000005,26.973333333333333,28.22666666666667,5454.32,0.0,55842.65
86400.0,0.0,1158.67,0.0,0.0,23.17,0.0,208.33,0.0,27.042727272727276,27.009999999999998,28.219090909090905,5414.83,0.0,53112.05
90000.0,0.0,1164.97,0.0,0.0,0.0,0.0,198.69,0.0,27.053333333333338,27.034,28.233333333333334,3877.58,0.0,52227.24
93600.0,0.0,1168.14,0.0,0.0,0.0,0.0,194.72,0.0,27.025000000000002,27.03833333333333,28.24083333333333,4603.19,0.0,50034.95
97200.0,0.0,1164.53,0.0,0.0,0.0,0.0,183.87,0.0,27.021666666666665,27.04,28.235,4336.37,0.0,54790.77
100800.0,0.0,1163.43,0.0,0.0,0.0,0.0,193.04,0.0,26.96181818181818,27.034999999999997,28.211666666666673,5214.61,0.0,55075.78
104400.0,0.0,1169.14,0.0,0.0,0.0,0.0,195.94,0.0,26.897499999999997,27.023333333333337,28.175,4420.01,0.0,60367.77
108000.0,0.0,1160.5,0.0,0.0,0.0,0.0,206.41,0.0,26.86666666666667,27.015833333333333,28.1425,4361.81,0.0,52952.62
111600.0,316.94,1137.58,369.03,372.04,6154.96,3922.62,2146.68,605.14,26.897499999999997,26.7,27.325000000000003,26159.76,7792.28,105712.06
115200.0,1369.87,1210.53,1105.12,580.89,6631.36,4237.23,4461.42,943.25,26.663999999999998,25.969166666666666,26.398333333333337,36663.61,9958.67,133957.85
118800.0,1363.9,1284.33,1098.09,703.27,6514.76,4504.67,4670.34,1173.57,26.35888888888889,25.910833333333333,26.73,53190.95,10105.03,141392.85
122400.0,1365.26,1274.98,1098.93,731.88,6542.95,4463.86,4688.6,1266.59,26.25375,25.960833333333337,26.82166666666667,66844.1,10066.3,151400.18
126000.0,1364.16,1279.97,1098.48,730.58,6557.45,4562.96,4690.47,1274.53,26.250833333333333,26.110833333333336,26.85444444444444,68588.74,10073.33,139036.94
129600.0,1390.59,1301.78,1120.86,746.82,6350.91,4476.76,4678.88,1255.7,26.185000000000002,26.410000000000004,26.947499999999994,67879.47,10050.87,128625.9
133200.0,1082.05,1299.67,1118.18,613.25,6293.0,4447.25,4720.76,978.26,26.046666666666663,26.352500000000003,26.799166666666665,62036.72,9498.88,111043.4
136800.0,1004.44,1265.15,1127.5,601.7,6318.35,4320.7,4717.85,949.57,25.977500000000003,26.190833333333334,26.6375,52587.41,9487.04,91602.5
140400.0,212.3,1179.53,1141.71,416.97,5681.22,3902.86,4467.84,871.98,26.103,26.050833333333333,26.56,56460.86,10104.34,90999.03
144000.0,7.94,1171.5,1143.61,0.0,5541.4,1742.26,4387.86,451.21,26.190833333333334,25.89166666666667,26.296666666666667,32065.92,3173.35,63481.23
147600.0,0.0,1180.16,1149.68,0.0,725.5,0.0,4320.9,0.0,26.227777777777774,25.994444444444447,26.141000000000002,27489.09,1766.05,50905.8
151200.0,,,,,,,,,,,,,,
154800.0,,,,,,,,,,,,,,
158400.0,,,,,,,,,,,,,,
162000.0,,,,,,,,,,,,,,
165600.0,,,,,,,,,,,,,,
169200.0,,,,,,,,,,,,,,
172800.0,,,,,,,,,,,,,,
176400.0,,,,,,,,,,,,,,
180000.0,,,,,,,,,,,,,,
183600.0,,,,,,,,,,,,,,
187200.0,,,,,,,,,,,,,,
190800.0,,,,,,,,,,,,,,
194400.0,,,,,,,,,,,,,,
198000.0,,,,,,,,,,,,,,
201600.0,1387.38,1219.17,1120.17,506.92,6427.21,4273.97,6070.17,946.45,26.119999999999997,25.17,25.795,24215.12,9324.79,113054.33
205200.0,1380.5,1259.27,1115.43,626.54,6535.08,4480.08,4700.66,1204.19,26.017272727272726,25.133636363636366,25.88083333333333,37975.44,9357.87,124143.63
208800.0,1386.69,1258.19,1119.86,651.75,6559.06,4468.63,4685.39,1248.2,25.879999999999995,25.185000000000002,26.12444444444445,61038.16,9368.49,140760.05
212400.0,1265.92,1262.62,1093.2,669.32,6665.74,4439.56,4694.86,1410.53,25.930000000000003,25.426363636363636,26.36333333333334,59231.26,9363.22,134252.86
216000.0,744.71,1257.5,1077.47,705.66,6497.8,4404.57,4682.87,1546.24,25.901,25.480000000000004,26.338333333333335,68562.46,10149.03,130114.8
219600.0,920.34,1252.07,1091.0,584.68,6436.68,4276.8,4695.49,1215.64,25.892500000000002,25.50818181818182,26.30545454545454,62272.91,9920.62,111419.46
223200.0,1062.88,1228.86,1093.12,551.98,6275.06,4173.46,4939.3,991.52,25.84333333333333,25.518333333333334,26.246666666666666,55193.57,9462.22,97000.29
226800.0,488.91,1169.47,1098.88,207.43,5738.33,3872.0,4424.24,591.91,25.828181818181815,25.475833333333338,26.096666666666668,51685.94,9909.4,90247.51
230400.0,60.19,814.0,1108.33,0.0,2476.76,1598.04,4839.87,711.9,25.883333333333336,25.477499999999996,25.873333333333335,33634.87,3167.39,55628.15
234000.0,0.0,778.55,1097.76,0.0,5460.26,0.0,6731.29,0.0,26.06833333333334,25.614166666666666,25.740000000000002,29041.29,1747.24,52438.53
237600.0,0.0,767.25,1088.23,0.0,2790.48,0.0,6395.12,0.0,26.169166666666673,25.642500000000002,25.691666666666663,28554.86,1735.71,61964.91
241200.0,0.0,763.77,1082.51,0.0,129.25,0.0,7196.53,0.0,26.204166666666666,25.646000000000004,25.595,28309.8,1733.57,67508.53
244800.0,0.0,773.36,181.88,0.0,129.63,0.0,6571.97,0.0,26.344166666666666,25.792,26.16666666666667,10270.87,291.5,58272.04
248400.0,0.0,762.28,0.0,0.0,128.49,0.0,6023.88,0.0,26.54416666666667,26.161666666666672,27.099999999999998,5561.95,0.0,60530.02
252000.0,0.0,774.58,0.0,0.0,129.4,0.0,5164.64,0.0,26.643333333333334,26.286363636363635,27.385833333333334,4029.44,0.0,52468.24
255600.0,0.0,776.23,0.0,0.0,129.25,0.0,2150.74,0.0,26.705555555555552,26.35090909090909,27.49272727272727,5509.4,0.0,54190.12
259200.0,0.0,765.73,0.0,0.0,23.5,0.0,231.84,0.0,26.744545454545456,26.370909090909095,27.386666666666667,4708.38,0.0,51857.74
262800.0,0.0,766.79,0.0,0.0,0.0,0.0,199.99,0.0,26.736666666666668,26.375,27.329999999999988,5356.39,0.0,49702.2
266400.0,0.0,768.42,0.0,0.0,0.0,0.0,190.43,0.0,26.712500000000002,26.360833333333336,27.309166666666666,3793.62,0.0,50519.03
270000.0,0.0,773.33,0.0,0.0,0.0,0.0,209.69,0.0,26.707777777777782,26.33416666666666,27.272500000000004,3760.32,0.0,48764.99
273600.0,0.0,772.75,0.0,0.0,0.0,0.0,235.97,0.0,26.662499999999998,26.311666666666667,27.251666666666665,4527.88,0.0,57956.56
277200.0,0.0,758.63,0.0,0.0,0.0,0.0,201.29,0.0,26.631818181818186,26.260833333333334,27.220833333333335,3725.03,0.0,55054.08
280800.0,0.0,754.28,0.0,0.0,0.0,0.0,179.14,0.0,26.525000000000002,26.229999999999997,27.1775,4428.72,0.0,52006.32
284400.0,552.67,746.24,426.16,359.44,6183.92,3917.14,3908.09,666.12,26.11090909090909,25.842500000000005,26.316666666666666,23736.39,7431.11,100742.89
288000.0,1335.83,1290.58,1067.3,534.8,6512.87,4271.94,4403.58,947.38,25.61583333333333,25.344166666666666,25.338333333333335,30586.27,9833.39,122383.86
291600.0,1371.67,1458.15,1069.0,708.51,6584.33,4483.98,4464.41,1402.43,25.50090909090909,24.84583333333333,25.595454545454547,42544.11,9936.13,135929.9
295200.0,1321.45,1488.97,1073.69,575.67,6512.0,4530.85,4531.27,1354.28,25.6775,24.933333333333337,25.811,63247.55,9843.78,147859.86
298800.0,937.45,1498.87,1077.93,371.59,6544.84,4548.61,4540.56,1249.33,25.81833333333334,25.40083333333334,26.02666666666666,66390.57,9262.69,139468.47
302400.0,1005.98,1493.35,1081.93,436.9,6477.69,4538.64,4534.49,1357.23,25.782857142857146,25.547777777777778,26.110000000000003,66921.77,9296.7,119440.62
306000.0,1067.55,1490.69,1095.97,345.03,6519.69,4515.87,4521.19,1007.78,25.732,25.478,26.151999999999997,66537.53,9378.05,116755.1
309600.0,,,,250.9,,,,954.51,,,,67144.0,9411.42,100439.17
313200.0,734.8,,1110.08,108.54,5788.75,,4531.55,512.97,25.601999999999997,,25.758333333333336,54494.91,9663.41,87769.82
316800.0,78.08,,1114.36,0.0,1159.75,,4434.64,0.0,25.686363636363637,,25.604000000000003,25297.71,1771.46,32962.88
320400.0,0.0,762.05,1090.58,0.0,129.25,64.17,4400.28,0.0,25.8,25.343333333333334,25.49666666666667,22990.61,1749.0,50121.19
324000.0,0.0,767.05,1087.86,0.0,129.25,64.17,4362.43,0.0,25.882500000000004,25.34909090909091,25.413333333333327,27076.2,1743.81,53171.48
327600.0,0.0,770.26,1094.04,0.0,130.63,64.04,4359.36,0.0,25.973333333333333,25.36583333333333,25.385833333333334,27579.22,1747.01,65454.12
331200.0,0.0,780.45,200.0,0.0,132.3,64.08,4335.56,0.0,26.10083333333333,25.482499999999998,25.950833333333335,8910.08,292.34,53825.37
334800.0,0.0,779.17,0.0,0.0,133.28,63.94,3649.4,0.0,26.297000000000004,25.887500000000003,26.86916666666667,5638.03,0.0,56097.71
338400.0,0.0,760.92,0.0,0.0,128.33,64.17,175.39,0.0,26.405,26.026666666666667,26.989166666666662,4884.99,0.0,47796.99
342000.0,0.0,766.49,0.0,0.0,128.94,64.17,177.98,0.0,26.48333333333333,26.0825,26.9375,4767.74,0.0,48155.78
345600.0,0.0,761.62,0.0,0.0,21.39,64.17,178.21,0.0,26.526666666666667,26.096666666666664,26.925000000000008,3987.73,0.0,47648.1
349200.0,0.0,766.52,0.0,0.0,0.0,64.17,177.83,0.0,26.542500000000004,26.119166666666672,26.9425,4592.81,0.0,47685.76
352800.0,0.0,769.69,0.0,0.0,0.0,64.01,176.69,0.0,26.538888888888888,26.120833333333334,26.950833333333332,4515.88,0.0,49907.08
356400.0,0.0,775.35,0.0,0.0,0.0,64.01,180.05,0.0,26.522499999999997,26.11916666666667,26.9425,3817.92,0.0,45549.17
360000.0,0.0,763.07,0.0,0.0,0.0,64.17,183.83,0.0,26.456666666666663,26.12,26.933636363636367,4496.71,0.0,48425.06
363600.0,0.0,763.15,0.0,0.0,0.0,64.17,180.74,0.0,26.462500000000006,26.111,26.917500000000004,3769.41,0.0,46283.87
367200.0,0.0,755.07,0.0,0.0,0.0,64.17,1607.83,0.0,26.43166666666667,26.10545454545455,26.894999999999996,4420.93,0.0,53383.31
370800.0,585.22,760.47,363.16,257.58,6260.82,3992.37,4365.08,877.85,26.362857142857145,25.73909090909091,26.308333333333326,22701.63,7491.61,108948.28
374400.0,1262.25,1289.25,1086.97,508.34,6407.74,4341.59,4449.8,960.65,26.248333333333335,24.865833333333327,25.22555555555555,28894.86,9244.97,121334.51
378000.0,1371.19,1387.46,1071.17,620.75,6522.0,4479.6,4543.59,1194.5,25.798333333333332,24.720833333333335,25.400909090909092,38100.03,9296.15,123648.78
381600.0,1335.24,1396.9,1080.75,695.24,6641.94,4518.15,4555.59,1256.34,25.771250000000002,24.7775,25.59375,59183.13,9390.64,141710.4
385200.0,731.25,1420.23,1066.79,712.64,6572.57,4630.55,4540.56,1248.75,25.870909090909095,25.129166666666666,25.863333333333333,67856.56,9808.18,143370.03
388800.0,828.56,1449.6,1068.3,717.03,6471.3,4648.63,4538.81,1254.92,25.89,25.269166666666667,26.129166666666666,67872.6,10064.16,133815.23
392400.0,869.69,1439.55,1073.18,592.17,6362.05,4580.44,4529.25,986.94,25.89916666666667,25.37,26.22000000000001,65500.57,10076.23,115529.79
396000.0,1349.92,1375.46,1080.0,580.17,6610.74,4283.25,4526.09,946.0,25.85636363636364,25.375999999999998,26.12727272727273,64329.75,10094.67,107877.83
399600.0,356.79,1211.32,1092.82,449.07,6022.3,4083.03,4504.58,689.98,25.83333333333333,25.296363636363637,25.998333333333335,56276.92,10155.29,97948.35
403200.0,79.44,719.81,219.17,0.0,3930.28,1709.35,4389.56,0.0,25.952222222222222,25.31583333333333,26.241999999999997,18268.17,1696.67,35706.38
406800.0,0.0,721.05,0.0,0.0,5815.21,97.72,2023.78,0.0,26.33428571428571,25.483,27.20888888888889,11256.97,0.0,33502.79
410400.0,0.0,724.63,0.0,0.0,2977.42,98.08,173.09,0.0,26.52166666666666,25.543333333333333,27.35666666666666,11562.46,0.0,38197.27
414000.0,0.0,724.4,0.0,0.0,131.27,97.85,167.83,0.0,26.607999999999997,25.55333333333333,27.462500000000002,11017.87,0.0,41920.85
417600.0,0.0,726.57,0.0,0.0,131.24,97.85,172.02,0.0,26.69083333333333,25.610909090909093,27.547499999999996,6270.61,0.0,46909.5
421200.0,0.0,724.85,0.0,0.0,133.3,98.08,163.62,0.0,26.78,25.989166666666666,27.514166666666668,5590.29,0.0,53962.94
424800.0,0.0,721.72,0.0,0.0,130.7,98.08,174.86,0.0,26.824166666666667,26.10222222222222,27.388333333333335,4724.27,0.0,47229.49
428400.0,0.0,721.69,0.0,0.0,134.6,98.08,175.16,0.0,26.849166666666665,26.15166666666666,27.342500000000005,5478.76,0.0,49959.56
432000.0,0.0,717.04,0.0,0.0,25.66,97.88,180.58,0.0,26.859166666666667,26.190833333333334,27.326249999999995,3947.47,0.0,50764.85
435600.0,0.0,721.11,0.0,0.0,4.12,97.68,176.17,0.0,26.83625,26.221666666666675,27.30454545454545,4697.15,0.0,45759.24
439200.0,0.0,719.03,0.0,0.0,5.13,97.9,170.88,0.0,26.808,26.224166666666672,27.275000000000006,4625.19,0.0,51129.99
442800.0,0.0,711.56,0.0,0.0,0.76,98.08,164.69,0.0,26.75833333333333,26.20166666666667,27.233333333333334,4464.55,0.0,45023.0
446400.0,0.0,706.75,0.0,0.0,3.06,98.08,176.08,0.0,26.685833333333335,26.158333333333335,27.20333333333333,3702.8,0.0,48637.11
450000.0,0.0,709.19,0.0,0.0,3.06,98.08,182.11,0.0,26.662499999999998,26.12,27.158333333333335,3750.62,0.0,47622.97
453600.0,513.79,707.13,0.0,0.0,6164.89,98.08,177.07,0.0,26.328333333333333,26.110000000000003,27.1225,7200.19,5007.44,67477.82
457200.0,852.88,705.83,0.0,0.0,6239.22,98.08,169.89,0.0,25.751666666666665,26.108333333333338,27.08,6550.27,6479.53,72262.06
460800.0,793.02,702.17,0.0,0.0,6278.98,98.08,161.41,0.0,25.628888888888888,26.111666666666668,27.071666666666662,10164.92,6692.58,68461.25
464400.0,777.1,709.59,0.0,0.0,6274.57,97.9,158.97,0.0,25.52666666666666,26.19583333333333,27.18416666666667,14969.24,6728.72,70104.45
468000.0,1021.47,700.54,0.0,0.0,6121.04,98.08,159.12,0.0,25.430000000000007,26.41916666666667,27.426666666666666,23085.02,6681.66,64978.99
471600.0,346.04,695.9,0.0,0.0,5957.27,97.78,160.41,0.0,25.592500000000005,26.685,27.705833333333334,22285.77,6651.49,45912.93
475200.0,358.04,716.38,0.0,0.0,5883.46,97.92,159.73,0.0,25.865,26.901818181818182,27.9175,10763.43,1121.08,21024.13
478800.0,60.04,723.83,0.0,0.0,1086.63,97.75,157.97,0.0,26.24,27.061818181818182,28.073,6778.14,0.0,13189.15
482400.0,0.0,723.12,0.0,0.0,132.0,97.3,156.06,0.0,26.513636363636365,27.1675,28.134999999999994,5935.42,0.0,15558.58
486000.0,0.0,724.62,0.0,0.0,134.14,97.62,158.21,0.0,26.728333333333335,27.189999999999998,28.127999999999997,7590.38,0.0,15210.02
489600.0,0.0,724.01,0.0,0.0,131.54,98.08,158.45,0.0,26.856,27.19916666666666,28.09714285714286,5022.57,0.0,12790.4
493200.0,0.0,716.91,0.0,0.0,129.78,97.93,160.34,0.0,26.916666666666668,27.239999999999995,28.102499999999996,5022.87,0.0,11431.44
496800.0,0.0,720.58,0.0,0.0,129.86,97.93,161.58,0.0,27.006666666666668,27.322500000000005,28.181818181818187,5908.53,0.0,21039.18
500400.0,0.0,724.09,0.0,0.0,131.09,97.62,161.59,0.0,27.045833333333334,27.359999999999996,28.265714285714285,5810.83,0.0,28372.51
504000.0,0.0,723.56,0.0,0.0,132.61,97.17,159.4,0.0,27.05777777777778,27.285833333333333,28.335,6507.72,0.0,44946.76
507600.0,0.0,715.33,0.0,0.0,130.01,97.92,162.25,0.0,27.033333333333335,27.237272727272725,28.271666666666665,4821.21,0.0,50636.36
511200.0,0.0,714.29,0.0,0.0,128.94,97.88,163.24,0.0,27.0425,27.205833333333334,28.13916666666667,3986.74,0.0,45438.63
514800.0,0.0,719.06,0.0,0.0,129.48,97.82,159.66,0.0,27.038333333333338,27.173333333333336,28.078333333333333,3907.6,0.0,50219.2
518400.0,0.0,715.2,0.0,0.0,21.62,97.47,158.35,0.0,27.014166666666668,27.14777777777778,28.028333333333336,5463.33,0.0,46600.13
522000.0,0.0,710.69,0.0,0.0,0.0,97.9,157.34,0.0,26.98555555555556,27.118000000000002,27.994545454545456,3874.37,0.0,48864.22
525600.0,0.0,720.5,0.0,0.0,0.0,97.17,158.89,0.0,26.963333333333335,27.094166666666666,27.965000000000003,4658.88,0.0,48874.6
529200.0,0.0,721.99,0.0,0.0,0.0,98.08,160.5,0.0,26.9025,27.06181818181818,27.932727272727274,3018.51,0.0,44913.92
532800.0,0.0,698.58,0.0,0.0,0.0,97.93,158.5,0.0,26.817499999999995,27.025000000000006,27.89181818181818,3703.18,0.0,48582.49
536400.0,0.0,708.81,0.0,0.0,0.0,97.78,162.09,0.0,26.765833333333337,26.96166666666667,27.862727272727273,3669.42,0.0,43726.38
540000.0,0.0,707.82,0.0,0.0,0.0,97.63,171.8,0.0,26.69416666666667,26.88166666666667,27.79833333333333,3635.04,0.0,48499.23
543600.0,0.0,710.99,0.0,0.0,120.47,97.62,169.13,0.0,26.595,26.831,27.751666666666665,3614.34,0.0,43692.08
547200.0,0.0,712.86,0.0,0.0,129.94,97.32,168.06,0.0,26.5325,26.81833333333333,27.7375,3665.83,0.0,45280.97
550800.0,0.0,707.97,0.0,0.0,129.02,97.78,161.64,0.0,26.632500000000004,26.893333333333327,27.851666666666663,4601.82,0.0,40213.86
554400.0,0.0,707.26,0.0,0.0,128.94,97.47,171.27,0.0,26.751666666666665,27.072727272727278,28.058333333333334,5575.55,0.0,30026.41
558000.0,0.0,705.92,0.0,0.0,127.82,97.92,180.33,0.0,26.986666666666665,27.29833333333333,28.30727272727273,5063.97,0.0,23362.55
561600.0,0.0,701.64,0.0,0.0,128.79,98.08,167.9,0.0,27.2025,27.519090909090906,28.54750000000001,5196.51,0.0,18939.78
565200.0,0.0,726.0,0.0,0.0,131.54,96.98,176.84,0.0,27.396666666666665,27.681,28.6925,5104.46,0.0,16905.55
568800.0,0.0,728.41,0.0,0.0,132.13,97.17,177.91,0.0,27.494285714285716,27.746000000000002,28.719166666666666,5080.55,0.0,15832.9
572400.0,0.0,728.75,0.0,0.0,133.23,97.72,178.29,0.0,27.524166666666662,27.752222222222223,28.67833333333333,5947.18,0.0,15991.48
576000.0,0.0,730.71,0.0,0.0,133.91,97.56,197.61,0.0,27.55333333333334,27.771666666666665,28.651666666666667,5801.05,0.0,14624.27
579600.0,0.0,712.94,0.0,0.0,130.24,97.47,1224.84,0.0,27.566666666666666,27.823333333333338,28.68909090909092,4993.24,0.0,12183.19
583200.0,0.0,707.26,0.0,0.0,128.94,97.68,172.18,0.0,27.560833333333335,27.900000000000002,28.75166666666667,5813.27,0.0,14253.71
586800.0,0.0,713.9,0.0,0.0,130.7,97.9,178.9,0.0,27.55666666666666,27.91666666666667,28.81166666666667,6458.22,0.0,35670.17
590400.0,0.0,719.18,0.0,0.0,131.77,97.47,187.3,0.0,27.51333333333334,27.820000000000004,28.83833333333334,5630.78,0.0,44738.68
594000.0,0.0,714.48,0.0,0.0,131.62,97.3,210.6,0.0,27.4275,27.725714285714282,28.74666666666667,3880.02,0.0,46033.55
597600.0,0.0,721.42,0.0,0.0,135.13,97.78,207.24,0.0,27.365,27.673333333333336,28.608333333333334,3957.63,0.0,47048.07
601200.0,0.0,728.36,0.0,0.0,134.9,97.56,183.18,0.0,27.31666666666666,27.644999999999996,28.542500000000004,5376.86,0.0,46135.6
604800.0,0.0,720.5,0.0,0.0,27.22,96.98,193.31,0.0,27.224,27.63181818181818,28.511111111111113,3873.15,0.0,48300.39
608400.0,0.0,719.58,0.0,0.0,0.0,97.42,195.05,0.0,27.11916666666667,27.605000000000008,28.47666666666667,3804.09,0.0,40033.74
612000.0,0.0,708.19,0.0,0.0,2.29,97.3,213.43,0.0,27.053333333333338,27.582499999999996,28.44916666666666,3765.97,0.0,48515.27
615600.0,0.0,707.9,0.0,0.0,1.53,97.62,781.08,0.0,26.981666666666666,27.49363636363637,28.385833333333334,3673.16,0.0,44642.74
619200.0,0.0,705.25,0.0,0.0,1.68,97.75,1672.37,0.0,26.841666666666665,27.389090909090907,28.316000000000003,3642.83,0.0,45874.89
622800.0,0.0,705.47,0.0,0.0,0.0,97.53,232.37,0.0,26.709166666666665,27.33833333333334,28.263333333333332,3573.4,0.0,45248.42
626400.0,0.0,698.96,0.0,0.0,0.0,97.62,1678.34,0.0,26.632500000000004,27.290000000000003,28.205000000000002,3550.78,0.0,49019.97
630000.0,289.36,697.22,358.49,409.75,5598.23,3593.61,4062.3,737.73,26.124166666666664,26.784545454545455,27.334166666666672,24682.86,7462.51,103712.58
633600.0,1178.57,702.5,1073.96,515.07,6571.44,4228.01,5764.6,914.21,25.700000000000006,26.028181818181817,26.112499999999997,24953.57,9256.42,117606.42
637200.0,1373.86,758.09,1072.19,717.66,6488.09,4240.81,5305.52,1187.26,25.775000000000002,26.015,26.105833333333337,34504.48,9349.54,132026.2
640800.0,1403.88,977.92,1096.74,773.08,6440.5,4276.92,4451.45,1298.66,25.8,25.99,26.15222222222222,60190.47,9653.95,153816.28
644400.0,1384.16,1399.89,1082.42,738.94,6619.83,4272.06,4457.11,1271.92,25.919999999999995,26.16272727272727,26.35,69353.83,10543.58,140068.25
648000.0,1378.97,1456.0,1076.85,739.14,6500.86,4430.58,4497.33,1250.93,26.034166666666664,26.484545454545454,26.669166666666666,69687.6,10607.51,125839.08
651600.0,1386.08,1460.56,1081.0,637.88,6262.22,4415.68,4484.85,963.75,26.055833333333336,26.545,26.73818181818182,61468.46,9769.68,113691.03
655200.0,1284.25,1434.58,1090.45,590.54,6034.87,4256.7,4487.54,878.67,25.948333333333334,26.40416666666667,26.570833333333336,53999.99,9831.25,89870.76
658800.0,756.48,1351.72,1105.96,332.66,5697.55,3865.95,4451.48,829.74,25.878333333333334,26.15833333333333,26.30666666666667,53910.54,9647.76,83864.76
662400.0,122.06,1323.83,1098.09,0.0,5530.03,1744.24,4369.22,811.62,25.921666666666663,25.971818181818186,25.978333333333335,28948.94,3031.03,48088.49
666000.0,0.0,1319.08,1092.29,0.0,1014.82,0.0,4339.11,588.4,26.3175,26.06333333333333,25.7675,23986.57,1762.6,43638.3
669600.0,0.0,1322.75,1093.82,0.0,131.27,0.0,4317.87,422.13,26.402000000000005,26.020000000000007,25.665000000000003,25496.47,1764.05,47475.85
673200.0,0.0,1305.83,1082.58,0.0,129.56,0.0,4317.34,0.0,26.426666666666673,25.95090909090909,25.618181818181824,22845.32,1755.11,68498.3
676800.0,0.0,1316.41,180.89,0.0,130.07,0.0,3291.06,0.0,26.461000000000002,26.003333333333334,26.132500000000004,9050.86,293.18,51942.92
680400.0,0.0,1313.68,0.0,0.0,130.85,0.0,199.74,0.0,26.602500000000003,26.30454545454546,26.996999999999996,4672.4,0.0,51766.92
684000.0,0.0,1319.17,0.0,0.0,130.47,0.0,201.82,0.0,26.68333333333334,26.416666666666668,27.16666666666667,4674.08,0.0,50289.17
687600.0,0.0,1332.05,0.0,0.0,131.16,0.0,207.09,0.0,26.74,26.484166666666663,27.252499999999998,3859.93,0.0,50425.76
691200.0,0.0,1325.5,0.0,0.0,21.85,0.0,257.34,0.0,26.781666666666663,26.523750000000003,27.319090909090914,3889.88,0.0,50501.61
694800.0,0.0,1319.66,0.0,0.0,0.0,0.0,347.12,0.0,26.8,26.555,27.356666666666666,5325.3,0.0,50902.42
698400.0,0.0,1306.78,0.0,0.0,0.0,0.0,235.66,0.0,26.811666666666667,26.56583333333333,27.38,4492.12,0.0,54266.59
702000.0,0.0,1314.6,0.0,0.0,0.0,0.0,232.38,0.0,26.803333333333338,26.579166666666655,27.386666666666667,3728.69,0.0,47660.25
705600.0,0.0,1307.99,0.0,0.0,0.0,0.0,216.41,0.0,26.797500000000003,26.579166666666662,27.39083333333333,4319.26,0.0,56595.92
709200.0,0.0,1292.27,0.0,0.0,0.0,0.0,241.54,0.0,26.76,26.577499999999997,27.387500000000003,2939.29,0.0,55121.0
712800.0,0.0,1280.97,0.0,0.0,1444.37,674.98,618.37,0.0,26.718333333333334,26.569999999999993,27.394166666666663,4880.72,0.0,51532.4
716400.0,581.24,1282.57,359.41,357.5,6006.84,3940.84,2214.67,859.83,26.188333333333333,26.1775,26.671666666666663,25927.69,7422.25,110503.48
720000.0,1177.51,1283.74,1068.02,467.73,6382.25,4257.43,4399.8,1011.88,25.797777777777778,25.596666666666668,25.64333333333333,30508.35,9256.81,125273.27
723600.0,1391.5,1310.53,1091.25,732.76,6563.2,4378.31,4540.17,1382.57,25.9175,25.47333333333333,25.714545454545455,39481.98,9628.82,137276.79
727200.0,1398.75,1314.13,1092.81,752.77,6569.29,4356.17,6198.9,1396.36,26.02416666666667,25.46090909090909,25.930833333333336,59198.63,9917.95,150632.93
730800.0,1385.54,1387.6,1081.66,744.33,6496.76,4340.86,6187.97,1389.79,26.03625,25.520833333333332,25.971666666666668,67907.43,10084.25,161394.44
734400.0,1381.11,1407.58,1079.3,781.0,6305.36,4314.26,6350.51,1374.92,26.169166666666666,25.815454545454546,26.430000000000007,71986.52,10445.42,142230.31
738000.0,1270.65,1426.77,1080.67,567.99,6602.29,4312.71,5568.28,911.96,26.149166666666662,26.03,26.393333333333334,81174.73,10058.97,150148.47
741600.0,1054.17,1338.06,1088.85,514.45,6467.93,4102.91,4419.71,877.76,26.188333333333333,26.05,26.409999999999997,73333.19,10073.56,129206.92
745200.0,853.8,1329.44,1096.87,387.84,5818.01,3941.94,4400.29,588.12,26.270833333333332,25.977500000000003,26.417500000000004,69501.59,10090.74,122601.03
748800.0,117.64,1028.73,1098.47,0.0,5264.8,2246.82,4689.74,0.0,26.311666666666667,25.9175,26.136666666666667,35791.64,3143.63,59459.81
752400.0,0.0,720.83,1092.21,0.0,5430.05,1082.51,4279.08,0.0,26.43,26.00916666666667,25.955,26778.89,1744.42,57965.8
756000.0,0.0,723.35,1101.38,0.0,1095.65,240.57,4777.36,0.0,26.49454545454545,25.980833333333333,25.8175,29058.87,1748.62,64747.91
759600.0,0.0,711.15,1075.5,0.0,129.34,0.0,4321.67,0.0,26.494,25.915000000000003,25.700909090909093,28383.06,1730.97,69955.34
763200.0,0.0,712.25,179.13,0.0,129.71,0.0,5024.62,0.0,26.6,25.928333333333338,26.27666666666667,9903.82,286.99,60382.9
766800.0,0.0,712.05,0.0,0.0,129.25,0.0,5045.26,0.0,26.785,26.3,27.16666666666666,4802.34,0.0,58300.0
770400.0,0.0,711.73,0.0,0.0,129.17,0.0,2301.43,0.0,26.889166666666668,26.4575,27.43916666666667,4664.92,0.0,52269.33
774000.0,0.0,712.02,0.0,0.0,129.12,0.0,3746.8,0.0,26.961428571428574,26.522499999999997,27.425833333333333,5346.0,0.0,53570.92
777600.0,0.0,715.92,0.0,0.0,21.54,0.0,225.96,0.0,27.015,26.529090909090915,27.398750000000003,5526.66,0.0,54954.4
781200.0,0.0,719.12,0.0,0.0,0.0,0.0,219.08,0.0,27.018,26.53583333333333,27.379166666666666,4726.79,0.0,49107.28
784800.0,0.0,701.34,0.0,0.0,0.0,0.0,243.75,0.0,27.05545454545455,26.554166666666674,27.385833333333334,5426.36,0.0,53941.78
788400.0,0.0,695.75,0.0,0.0,0.0,0.0,242.41,0.0,26.984166666666667,26.560833333333335,27.389090909090907,4411.76,0.0,50295.13
792000.0,0.0,699.33,0.0,0.0,0.0,0.0,248.8,0.0,26.965,26.56833333333333,27.404166666666665,5350.97,0.0,49435.15
795600.0,0.0,699.68,0.0,0.0,0.0,0.0,228.4,0.0,26.962727272727275,26.571666666666662,27.41416666666667,5348.52,0.0,52363.13
799200.0,0.0,697.69,0.0,0.0,5583.43,876.54,200.91,138.99,26.927999999999997,26.58416666666666,27.400833333333335,4497.47,0.0,59604.34
802800.0,508.41,691.57,354.21,424.11,4987.01,3881.18,2647.64,863.81,26.786250000000003,26.42,26.781666666666663,27109.8,7799.69,109433.73
806400.0,997.26,1074.6,1066.01,538.88,6253.87,4215.76,4517.36,884.81,26.435000000000002,25.585833333333337,25.83,41735.22,9985.02,138150.07
810000.0,1043.55,1132.17,1079.3,692.26,6451.21,4135.01,4610.68,1082.6,26.28583333333333,25.43916666666667,26.13666666666667,55199.45,10084.17,147554.23
813600.0,1040.42,1159.25,1072.58,783.07,6402.67,4181.84,4631.37,1453.91,26.25818181818182,25.366363636363634,26.188333333333333,68651.61,10088.76,151715.44
817200.0,1089.0,1151.41,1098.33,784.9,6705.42,4205.74,4684.94,1291.35,26.347499999999997,25.62,26.245833333333337,69080.91,9840.03,142559.62
820800.0,1145.15,1147.46,1098.93,783.16,6790.12,4241.52,4691.96,1312.83,26.352499999999996,25.99,26.284999999999997,69247.9,10060.03,133414.26
824400.0,1039.58,1137.58,1103.82,709.24,6637.5,4248.98,4672.17,1120.69,26.360833333333336,26.191666666666666,26.541666666666668,69208.79,10076.69,123969.47
828000.0,1042.17,1078.54,1111.38,617.0,6695.03,4057.16,4690.51,901.58,26.204166666666666,26.213333333333335,26.346666666666668,59467.76,10106.33,103296.49
831600.0,485.08,852.26,1123.29,275.0,5888.49,3906.19,4507.61,458.43,26.071818181818184,25.9725,26.148000000000003,58594.86,10111.14,106966.06
835200.0,59.12,714.77,1128.42,0.0,5578.23,2238.95,4375.34,0.0,26.098333333333333,25.89083333333333,25.859166666666663,32366.66,3168.46,68752.9
838800.0,0.0,717.55,1133.54,0.0,1015.75,1100.5,4371.57,0.0,26.180000000000007,26.043636363636367,25.76666666666667,27826.03,1757.1,56612.95
842400.0,0.0,716.99,1134.91,0.0,131.54,919.42,4341.87,0.0,26.256666666666664,26.14333333333333,25.685000000000002,27292.83,1746.86,62789.3
846000.0,0.0,721.33,1139.65,0.0,131.39,500.25,4337.97,0.0,26.36444444444444,26.180000000000003,25.578333333333333,26965.05,1748.24,76698.19
849600.0,0.0,718.12,187.39,0.0,129.94,0.0,3645.88,0.0,26.514166666666664,26.2,26.18083333333333,9267.12,289.51,52963.62
853200.0,0.0,717.14,0.0,0.0,129.89,0.0,2269.59,0.0,26.725000000000005,26.526666666666667,27.14333333333333,5412.61,0.0,53410.5
856800.0,0.0,721.05,0.0,0.0,130.0,0.0,174.78,0.0,26.86181818181818,26.61333333333333,27.23833333333334,4782.1,0.0,55610.65
860400.0,0.0,716.92,0.0,0.0,129.63,0.0,178.98,0.0,26.932500000000008,26.603333333333335,27.25583333333333,4656.82,0.0,48319.87
864000.0,0.0,711.79,0.0,0.0,21.62,0.0,178.44,0.0,26.988333333333333,26.60083333333333,27.284166666666664,4736.95,0.0,50581.44
867600.0,0.0,719.42,0.0,0.0,0.0,0.0,186.39,0.0,26.98166666666667,26.58181818181818,27.299166666666675,3986.81,0.0,51819.78
871200.0,0.0,717.98,0.0,0.0,0.0,0.0,182.65,0.0,27.002499999999998,26.558333333333334,27.2975,4719.69,0.0,49340.81
874800.0,0.0,718.9,0.0,0.0,0.0,0.0,178.44,0.0,26.98333333333333,26.541428571428565,27.30416666666667,5268.39,0.0,50249.22
878400.0,0.0,706.9,0.0,0.0,0.0,0.0,187.46,0.0,26.983333333333334,26.53583333333334,27.325833333333325,3805.16,0.0,53656.62
882000.0,0.0,708.24,0.0,0.0,0.0,0.0,168.67,0.0,26.945000000000004,26.534999999999997,27.32555555555555,5311.93,0.0,55651.06
885600.0,0.0,704.31,0.0,0.0,1600.25,988.25,195.78,83.14,26.964545454545455,26.528333333333325,27.31916666666666,4273.12,0.0,53027.72
889200.0,315.03,693.64,368.73,413.42,5962.31,3878.14,2990.17,856.16,26.715,26.30083333333333,26.704999999999995,25637.49,7878.67,109102.43
892800.0,1136.13,1082.68,1098.5,482.9,6372.82,4133.99,4381.83,920.25,26.285,25.51833333333334,25.666363636363634,40071.25,9936.06,137214.38
896400.0,1031.18,1140.71,1096.41,629.42,6385.43,4283.35,4530.94,1244.66,26.301666666666666,25.4325,25.74,54685.59,10074.09,151872.95
900000.0,1032.25,1112.83,1062.69,639.02,6475.26,4179.18,4625.87,1259.9,26.28727272727273,25.515,25.947999999999997,66936.74,10018.98,158714.6
903600.0,918.42,1193.3,1082.05,652.13,6448.27,4138.35,4616.03,1270.96,26.334999999999997,25.90416666666667,26.205454545454543,68086.17,10105.92,142889.33
907200.0,743.8,1207.34,1078.84,651.57,6388.26,4126.28,4620.46,1255.83,26.5025,26.037500000000005,26.41583333333334,68327.19,10054.53,130031.38
910800.0,802.08,1179.64,1076.7,521.48,6327.06,4020.5,4679.13,980.42,27.0125,25.985000000000003,26.493333333333336,68839.68,10091.58,125132.18
914400.0,801.78,1149.19,1081.67,506.37,6054.97,3979.4,4631.23,947.1,27.56833333333333,25.977500000000003,26.675,69252.1,10109.23,118608.57
918000.0,357.95,1134.61,1094.88,324.83,5659.65,3884.63,4425.97,945.92,27.228333333333335,25.728181818181817,26.4875,69007.82,10115.88,111378.28
921600.0,60.42,715.71,1042.58,0.0,5260.75,1708.16,5060.66,758.65,26.677500000000006,25.673636363636366,25.843636363636367,34597.37,3154.17,61996.76
925200.0,0.0,711.94,763.05,0.0,4327.06,1099.69,5161.06,946.68,26.73,25.8225,25.6575,27188.33,1748.47,59487.92
928800.0,0.0,709.09,759.61,0.0,129.71,366.67,4400.37,945.69,26.709166666666665,25.843333333333334,25.537499999999998,26700.29,1745.26,58265.4
932400.0,0.0,712.71,760.68,0.0,130.01,0.0,4347.52,946.3,26.709999999999997,25.77,25.455833333333334,26332.09,1748.39,67862.59
936000.0,0.0,712.33,137.33,0.0,129.48,0.0,4315.84,540.46,26.853333333333328,25.8575,26.125454545454545,9984.26,289.13,63935.36
939600.0,0.0,712.67,0.0,0.0,129.25,0.0,4351.4,0.0,27.066666666666663,26.297272727272727,27.141666666666666,4851.99,0.0,52165.28
943200.0,0.0,717.18,0.0,0.0,130.17,0.0,876.95,0.0,27.1375,26.4575,27.331666666666667,5587.39,0.0,57477.14
946800.0,0.0,721.3,0.0,0.0,131.39,0.0,196.01,0.0,27.180000000000003,26.49,27.255833333333328,5575.24,0.0,51421.03
950400.0,0.0,718.67,0.0,0.0,11.0,0.0,201.05,0.0,27.229166666666668,26.507499999999997,27.237500000000008,3241.56,0.0,50132.65
954000.0,0.0,716.45,0.0,0.0,0.83,0.0,202.74,0.0,27.269999999999996,26.52333333333333,27.2375,4770.1,0.0,52820.93
957600.0,0.0,721.51,0.0,0.0,0.0,0.0,187.53,0.0,27.290833333333335,26.52666666666666,27.249166666666664,6120.51,0.0,49605.88
961200.0,0.0,714.58,0.0,0.0,0.0,0.0,194.18,0.0,27.299090909090907,26.526363636363634,27.240000000000006,4700.36,0.0,52343.81
964800.0,0.0,715.15,0.0,0.0,0.0,0.0,182.49,0.0,27.287499999999994,26.535454545454545,27.253333333333334,5427.74,0.0,48503.43
968400.0,0.0,708.08,0.0,0.0,2308.31,0.0,182.65,0.0,27.26285714285714,26.54181818181818,27.263333333333332,4659.19,0.0,53205.01
972000.0,0.0,701.86,0.0,0.0,5092.08,864.2,183.49,0.0,27.34,26.554166666666664,27.27,5670.42,0.0,61051.07
975600.0,284.0,715.51,263.39,359.54,5726.25,3922.01,2421.45,842.64,27.049090909090907,26.391666666666666,26.69333333333334,29104.24,7983.71,116707.02
979200.0,991.22,771.83,977.09,459.33,6062.23,3998.73,4352.48,849.08,26.637500000000003,25.597499999999997,25.6775,46477.6,9961.34,147356.53
982800.0,1147.25,989.25,996.6,557.56,6159.42,4044.33,4356.19,1116.51,26.466363636363635,25.365,25.738,53210.97,10015.96,148948.25
986400.0,1143.24,1034.41,1001.54,606.83,6349.29,3991.98,4331.72,1192.5,26.38166666666667,25.415555555555557,25.796666666666667,67885.73,10030.32,159812.35
990000.0,1063.54,1031.41,967.32,604.0,6277.13,3984.29,4370.36,1178.58,26.336666666666662,25.68166666666666,25.82416666666666,63083.32,10187.76,147283.66
993600.0,1365.07,1026.9,962.37,603.25,6306.5,3905.54,4430.39,1185.83,26.2225,25.91416666666667,25.995714285714286,68628.93,10363.83,141485.74
997200.0,1048.37,1042.42,971.5,480.98,6270.68,3909.33,4445.0,912.17,26.087500000000002,26.116363636363634,26.385454545454547,68825.47,10289.89,128896.93
1000800.0,1054.93,1048.9,978.46,468.19,6223.64,3904.32,4433.68,878.74,25.99083333333333,26.227500000000003,26.439999999999998,69147.68,10327.17,118120.6
1004400.0,740.29,1057.01,976.12,269.37,5697.77,3841.76,4370.15,520.66,26.011666666666667,25.783636363636365,26.027142857142856,58216.04,9484.29,99526.17
1008000.0,65.39,1057.49,118.71,0.0,3798.51,1438.14,2171.58,14.5,26.5775,25.643333333333334,26.5425,17688.0,1550.39,48040.21
1011600.0,0.0,1066.16,0.0,0.0,3042.83,0.0,4158.54,0.0,26.923636363636362,25.78583333333333,27.32083333333333,11584.91,0.0,44689.94
1015200.0,0.0,1066.24,0.0,0.0,132.34,0.0,2934.24,0.0,26.968749999999996,26.028333333333336,27.715,10521.65,0.0,53677.17
1018800.0,0.0,1041.56,0.0,0.0,130.01,0.0,4228.29,0.0,27.035833333333333,25.77125,27.866666666666664,10561.45,0.0,56710.81
1022400.0,0.0,1049.58,0.0,0.0,129.25,0.0,4361.27,0.0,27.112499999999997,25.889166666666664,27.95375,7878.52,0.0,56068.3
1026000.0,0.0,1042.4,0.0,0.0,128.79,0.0,4331.89,0.0,27.2025,26.341666666666665,27.977999999999998,5586.93,0.0,52050.93
1029600.0,0.0,1049.28,0.0,0.0,129.86,0.0,1221.37,0.0,27.249166666666667,26.311666666666657,27.920833333333338,4779.96,0.0,54721.49
1033200.0,0.0,1049.28,0.0,0.0,129.56,0.0,176.3,0.0,27.256666666666664,26.36,27.724166666666665,4793.71,0.0,49944.97
1036800.0,0.0,1049.12,0.0,0.0,21.69,0.0,173.71,0.0,27.271666666666665,26.37833333333333,27.62125,5555.38,0.0,47924.63
1040400.0,0.0,1036.29,0.0,0.0,0.0,0.0,177.53,0.0,27.266666666666666,26.38666666666666,27.57249999999999,4003.54,0.0,49294.21
1044000.0,0.0,1036.75,0.0,0.0,0.0,0.0,185.51,0.0,27.293333333333333,26.41090909090909,27.547500000000003,3916.15,0.0,49103.31
1047600.0,0.0,1045.71,0.0,0.0,0.0,0.0,184.25,0.0,27.30666666666667,26.446666666666662,27.52,5418.8,0.0,47160.9
1051200.0,0.0,1041.64,0.0,0.0,0.0,0.0,171.88,0.0,27.27083333333334,26.448333333333327,27.478333333333335,4668.58,0.0,50425.83
1054800.0,0.0,1043.17,0.0,0.0,1545.68,0.0,177.91,0.0,27.260909090909085,26.44545454545454,27.455000000000002,4672.02,0.0,47644.44
1058400.0,605.71,1033.58,0.0,0.0,6091.67,0.0,168.29,0.0,27.35222222222222,26.462499999999995,27.428333333333338,11877.56,4890.49,80596.47
1062000.0,573.26,1037.94,0.0,0.0,6129.74,0.0,172.03,0.0,27.315,26.625833333333333,27.387499999999992,10652.28,5909.52,85490.55
1065600.0,444.05,1036.95,0.0,0.0,6174.83,0.0,169.36,0.0,27.231666666666666,26.625000000000004,27.34,13964.73,5913.8,82458.14
1069200.0,797.92,1031.71,0.0,0.0,6284.09,0.0,178.98,0.0,27.30636363636363,26.59833333333333,27.365000000000002,16309.94,5875.91,76060.26
1072800.0,836.67,1036.52,0.0,0.0,6269.75,0.0,170.15,0.0,27.359090909090913,26.7025,27.569999999999997,24128.5,6082.85,71936.18
1076400.0,47.54,1042.94,0.0,0.0,5697.99,0.0,187.41,0.0,27.20571428571429,26.88083333333334,27.79,25547.66,5924.11,54213.96
1080000.0,47.59,1047.33,0.0,0.0,5638.72,0.0,193.87,0.0,27.097499999999997,27.034166666666668,28.0175,10672.37,987.56,37889.88
1083600.0,7.94,1046.91,0.0,0.0,1044.24,0.0,206.93,0.0,27.144166666666667,27.141666666666666,28.126666666666665,8348.92,0.0,18389.86
1087200.0,0.0,1058.2,0.0,0.0,129.94,0.0,196.99,0.0,27.269166666666667,27.219999999999995,28.181999999999995,8887.47,0.0,19108.53
1090800.0,0.0,1059.25,0.0,0.0,130.47,0.0,195.94,0.0,27.33916666666666,27.191666666666674,28.168333333333326,8750.58,0.0,18745.53
1094400.0,0.0,1062.42,0.0,0.0,133.63,0.0,190.59,0.0,27.462222222222223,27.265833333333337,28.269166666666667,6813.05,0.0,21820.72
1098000.0,0.0,1059.48,0.0,0.0,131.93,0.0,189.29,0.0,27.574166666666674,27.375,28.431000000000004,7411.78,0.0,16537.97
1101600.0,0.0,1064.48,0.0,0.0,698.74,0.0,178.5,0.0,27.683636363636367,27.558333333333337,28.59636363636363,6611.08,0.0,25621.29
1105200.0,0.0,1055.77,0.0,0.0,131.55,0.0,171.92,0.0,27.73125,27.6125,28.650000000000002,5345.85,0.0,42847.98
1108800.0,0.0,1047.08,0.0,0.0,129.4,0.0,175.08,0.0,27.75333333333333,27.54,28.56833333333334,4323.84,0.0,47929.06
1112400.0,0.0,1049.66,0.0,0.0,131.24,0.0,189.29,0.0,27.805833333333336,27.53,28.48833333333333,6678.53,0.0,49927.93
1116000.0,0.0,1054.55,0.0,0.0,130.09,0.0,188.45,0.0,27.84916666666666,27.545833333333334,28.462499999999995,4203.53,0.0,53442.05
1119600.0,0.0,1053.08,0.0,0.0,130.24,0.0,188.83,0.0,27.898333333333326,27.553333333333338,28.433333333333326,4922.58,0.0,48379.99
1123200.0,0.0,1062.65,0.0,0.0,10.85,0.0,170.75,0.0,27.91083333333334,27.50857142857143,28.37272727272727,4934.11,0.0,48516.65
1126800.0,0.0,1059.44,0.0,0.0,0.0,0.0,194.64,0.0,27.895,27.446666666666662,28.311666666666664,4664.61,0.0,51334.56
1130400.0,0.0,1042.14,0.0,0.0,0.0,0.0,197.46,0.0,27.807272727272718,27.39090909090909,28.26416666666667,4827.32,0.0,47190.53
1134000.0,0.0,1034.92,0.0,0.0,0.0,0.0,203.04,0.0,27.69636363636364,27.330999999999996,28.2075,3158.68,0.0,50494.35
1137600.0,0.0,1032.95,0.0,0.0,0.0,0.0,202.81,0.0,27.65555555555556,27.292727272727276,28.168333333333333,3930.9,0.0,49978.58
1141200.0,0.0,1036.41,0.0,0.0,3808.64,0.0,210.53,0.0,27.56111111111111,27.26875,28.137499999999992,4699.9,0.0,51921.15
1144800.0,0.0,1036.52,0.0,0.0,5455.85,0.0,206.77,0.0,27.579166666666666,27.261666666666667,28.115714285714287,3868.56,0.0,55918.04
1148400.0,0.0,1039.27,0.0,0.0,5490.68,0.0,214.5,0.0,27.625000000000004,27.26833333333333,28.10272727272727,3917.99,0.0,55992.6
1152000.0,0.0,1040.88,0.0,0.0,5203.53,0.0,202.0,0.0,27.655833333333334,27.27888888888889,28.10909090909091,4805.85,0.0,51759.74
1155600.0,0.0,1030.15,0.0,0.0,5190.78,0.0,200.67,0.0,27.85166666666667,27.352000000000004,28.215,4904.55,0.0,52309.13
1159200.0,0.0,1044.31,0.0,0.0,5214.16,0.0,199.52,0.0,28.022499999999997,27.463333333333335,28.40583333333333,6042.97,0.0,39881.42
1162800.0,0.0,1036.75,0.0,0.0,4684.39,0.0,206.16,0.0,28.176666666666673,27.66333333333333,28.66090909090909,5445.53,0.0,25700.2
1166400.0,0.0,1041.15,0.0,0.0,129.15,0.0,211.85,0.0,28.296666666666667,27.883,28.89111111111111,7356.56,0.0,22775.5
1170000.0,0.0,1035.47,0.0,0.0,128.1,0.0,214.57,0.0,28.385,28.081666666666667,29.123333333333335,6410.71,0.0,28574.18
1173600.0,0.0,1042.07,0.0,0.0,129.58,0.0,186.69,0.0,28.456363636363633,28.166666666666668,29.17,7335.32,0.0,21857.23
1177200.0,0.0,1041.61,0.0,0.0,129.56,0.0,181.57,0.0,28.5175,28.224545454545453,29.180833333333336,6549.43,0.0,22624.33
1180800.0,0.0,1048.36,0.0,,129.71,0.0,206.4,,28.604166666666668,28.30666666666666,29.232500000000005,6867.59,0.0,23492.94
1184400.0,0.0,1056.31,0.0,,130.83,0.0,203.68,,28.674545454545456,28.391666666666666,29.276999999999997,7691.6,0.0,26151.58
1188000.0,0.0,1065.4,0.0,,131.82,0.0,201.36,,28.701,28.463636363636365,29.319999999999993,6790.28,0.0,30583.59
1191600.0,0.0,1060.35,0.0,,131.54,0.0,203.04,,28.661250000000003,28.46916666666667,29.35916666666667,6898.22,0.0,43670.38
1195200.0,0.0,1048.94,0.0,,130.09,0.0,188.07,,28.495833333333334,28.290833333333335,29.30916666666667,5848.94,0.0,53446.78
1198800.0,0.0,1043.57,0.0,,129.48,0.0,179.36,,28.469999999999995,28.1275,29.142500000000002,6486.1,0.0,51195.99
1202400.0,0.0,1056.71,0.0,,130.17,0.0,191.43,,28.430833333333325,28.033333333333335,29.008333333333336,4459.51,0.0,48075.42
1206000.0,0.0,1058.02,0.0,,130.24,0.0,202.96,,28.33916666666667,27.970909090909092,28.923333333333336,5044.26,0.0,51286.2
1209600.0,0.0,1051.11,0.0,,10.77,0.0,212.2,,28.198333333333334,27.939999999999998,28.8625,4889.73,0.0,50292.99
1213200.0,0.0,1056.84,0.0,,0.0,0.0,791.79,,28.098181818181818,27.922500000000003,28.825555555555557,4844.43,0.0,46054.33
1216800.0,0.0,1063.33,0.0,,0.0,0.0,920.25,,27.95,27.88454545454545,28.75666666666666,3917.07,0.0,48061.83
1220400.0,0.0,1074.03,0.0,,0.0,0.0,1646.02,,27.769166666666674,27.84333333333333,28.7075,3820.44,0.0,44696.06
1224000.0,0.0,1079.22,0.0,,0.0,0.0,3238.5,,27.535000000000007,27.84083333333334,28.66363636363637,3711.2,0.0,47106.2
1227600.0,0.0,1086.25,0.0,,0.0,0.0,868.33,,27.4175,27.823333333333323,28.60545454545455,3761.08,0.0,46854.5
1231200.0,0.0,1084.11,0.0,,4886.06,0.0,1793.81,,27.514166666666664,27.826666666666664,28.561111111111114,3849.01,0.0,51208.67
1234800.0,0.0,1083.17,0.0,,5176.73,0.0,247.68,,27.543333333333333,27.99166666666667,28.558999999999997,3032.87,0.0,55161.79
1238400.0,0.0,1081.03,0.0,,5228.04,0.0,255.9,,27.504166666666663,27.950833333333335,28.545,3757.11,309.45,53847.9
1242000.0,0.0,1071.89,0.0,,5238.52,0.0,210.22,,27.575000000000003,27.96166666666667,28.685833333333335,3964.28,379.19,46243.47
1245600.0,0.0,1081.42,0.0,,5157.03,0.0,188.3,,27.9225,28.059166666666666,28.91416666666667,5125.47,370.03,37047.54
1249200.0,0.0,1075.33,0.0,,4867.8,0.0,188.91,,28.05666666666666,28.228181818181817,29.11666666666667,6154.12,371.48,24785.98
1252800.0,0.0,1070.42,0.0,,554.2,0.0,1158.36,,28.205833333333334,28.357272727272722,29.2525,4658.12,371.94,18773.64
1256400.0,0.0,1069.85,0.0,,128.56,0.0,201.36,,28.202499999999997,28.43181818181819,29.3225,5696.55,367.12,22996.65
1260000.0,0.0,1091.67,0.0,,130.47,0.0,208.16,,28.25916666666667,28.466666666666665,29.36833333333334,5806.24,364.83,17908.46
1263600.0,0.0,1099.39,0.0,,130.93,0.0,210.91,,28.371666666666666,28.513333333333335,29.36272727272728,4940.3,363.08,22819.04
1267200.0,0.0,1090.47,0.0,,130.4,0.0,204.64,,28.54583333333333,28.650909090909092,29.494166666666672,7364.27,58.59,22667.41
1270800.0,0.0,1090.94,0.0,,131.31,0.0,206.63,,28.625833333333336,28.804166666666664,29.602499999999996,4611.83,0.0,20244.74
1274400.0,0.0,1086.25,0.0,,130.32,0.0,207.06,,28.68583333333333,28.965,29.667777777777783,5440.8,0.0,24441.01
1278000.0,0.0,1084.25,0.0,,129.63,0.0,1132.23,,28.72333333333333,28.9875,29.801666666666662,5368.23,0.0,41011.44
1281600.0,0.0,1090.68,0.0,,130.48,0.0,204.57,,28.6975,28.8275,29.81333333333333,5252.58,0.0,53685.58
1285200.0,0.0,1083.32,0.0,,129.78,0.0,205.1,,28.55416666666667,28.752499999999998,29.66083333333333,4165.56,0.0,47201.46
1288800.0,0.0,1091.34,0.0,,130.09,0.0,832.41,,28.49416666666667,28.728333333333335,29.5525,4145.09,0.0,48322.08
1292400.0,0.0,1088.61,0.0,,129.86,0.0,340.16,,28.469166666666666,28.644999999999996,29.456666666666667,4894.69,0.0,53602.92
