mad_timestamp(s),mad_x,mad_y,mad_z,low,init_gap,cont_gap,frechet_euclidean,frechet_manhattan,mean_length_gaps_mean,mean_length_gaps_std,number_of_gaps,number_of_groups_of_gaps,p2p_mean_euclidean_mean,p2p_mean_euclidean_std,p2p_mean_euclidean_max,p2p_mean_manhattan_mean,p2p_mean_manhattan_std,p2p_mean_manhattan_max,percentage_gaps,percentage_matched_snapshots,percentage_mismatched_snapshots
0.2,0.2,0.2,0.2,50,-1.0,-0.1,0.09999999999999432,0.09999999999999432,19.5,9.673847907287634,117,6,0.0010734463276834425,0.010055227495546822,0.09999999999999432,0.0010734463276834425,0.010055227495546822,0.09999999999999432,6.006006006006004,17.71771771771772,76.27627627627628
0.4,0.4,0.4,0.4,50,-1.0,-0.1,0.38000000000000966,0.38000000000000966,11.7,10.257192598367254,117,10,0.009623655913978261,0.04707998546936394,0.38000000000000966,0.009623655913978261,0.04707998546936394,0.38000000000000966,6.006006006006004,18.61861861861862,75.37537537537537
0.6000000000000001,0.6000000000000001,0.6000000000000001,0.6000000000000001,50,-1.0,-0.1,0.5799999999999841,0.7199999999999949,11.7,10.257192598367254,117,10,0.017625898116978296,0.07890061185788416,0.5799999999999841,0.018571428571428163,0.08592830423898468,0.7199999999999949,6.006006006006004,18.91891891891892,75.07507507507508
0.8,0.8,0.8,0.8,50,-1.0,-0.1,0.7800000000000011,0.7800000000000011,11.9,10.338762014864256,119,10,0.02412132679223383,0.1021229606591094,0.7800000000000011,0.02505208333333292,0.10750483223554562,0.7800000000000011,6.106106106106111,19.21921921921922,74.67467467467468
1.0,1.0,1.0,1.0,50,-1.0,-0.1,0.8400000000000034,0.8400000000000034,9.75,10.166325130875299,117,12,0.033545101251840764,0.13134358164148696,0.8400000000000034,0.03446153846153833,0.13544264490614297,0.8400000000000034,6.006006006006004,19.51951951951952,74.47447447447448
1.2,1.2,1.2,1.2,50,-1.0,-0.1,1.5620499351813222,2.349999999999987,5.473684210526316,7.140458639645463,104,19,0.19462185535529436,0.41453112094536615,1.5620499351813222,0.24845132743362805,0.5523439913669035,2.349999999999987,5.905905905905897,22.62262262262262,71.47147147147147
1.4000000000000001,1.4000000000000001,1.4000000000000001,1.4000000000000001,50,-1.0,-0.1,2.006913052426531,3.4499999999999886,6.159090909090909,12.600402558176432,271,44,0.42784416365616135,0.580383681947319,2.006913052426531,0.5674760383386578,0.8411818592625233,3.4499999999999886,14.214214214214216,31.33133133133133,54.454454454454456
1.6,1.6,1.6,1.6,50,-1.0,-0.1,2.006913052426531,3.4499999999999886,5.826923076923077,11.784476676227262,303,52,0.5305096353537226,0.6424376214093066,2.006913052426531,0.7089913544668587,0.9252885630965623,3.4499999999999886,15.815815815815817,34.73473473473474,49.44944944944945
1.8,1.8,1.8,1.8,50,-1.0,-0.1,2.4275913988972704,4.100000000000001,5.583333333333333,9.308225156041056,335,60,0.6573009546759272,0.7233075754922649,2.4275913988972704,0.8934974093264249,1.0576814736650264,4.100000000000001,17.41741741741742,38.63863863863864,43.94394394394394
2.0,2.0,2.0,2.0,50,-1.0,-0.1,2.4275913988972704,4.100000000000001,4.926470588235294,7.677921318856212,335,68,0.7032741709744621,0.7465347018925769,2.4275913988972704,0.9472660098522165,1.071644224092988,4.100000000000001,17.41741741741742,40.64064064064064,41.94194194194194
2.2,2.2,2.2,2.2,50,-1.0,-0.1,3.180094338223312,5.47999999999999,3.988095238095238,6.569217623233826,335,84,1.0178460936381122,0.9468606144768172,3.180094338223312,1.3789648033126294,1.3663933593317081,5.47999999999999,17.41741741741742,48.348348348348345,34.234234234234236
2.4000000000000004,2.4000000000000004,2.4000000000000004,2.4000000000000004,50,-1.0,-0.1,3.3532819744244664,5.670000000000016,3.7222222222222223,6.191441723644336,335,90,1.122156985875738,1.003336654712764,3.3532819744244664,1.530900195694716,1.4635897922774228,5.670000000000016,17.41741741741741,51.151151151151154,31.431431431431434
2.6000000000000005,2.6000000000000005,2.6000000000000005,2.6000000000000005,50,-1.0,-0.1,3.3532819744244664,5.670000000000016,3.8333333333333335,6.525590650150631,345,90,1.1948995337351773,1.047563441720754,3.3532819744244664,1.6335714285714285,1.5207847043807385,5.670000000000016,17.917917917917922,53.25325325325325,28.82882882882883
2.8000000000000003,2.8000000000000003,2.8000000000000003,2.8000000000000003,50,-1.0,-0.1,3.688604072003394,6.0000000000000036,3.648936170212766,6.246203011410657,343,94,1.2571964243557299,1.0958900707945727,3.688604072003394,1.7020848708487084,1.5758039850942773,6.0000000000000036,17.817817817817826,54.25425425425425,27.927927927927925
3.0000000000000004,3.0000000000000004,3.0000000000000004,3.0000000000000004,50,-1.0,-0.1,4.137934267240112,6.069999999999972,3.29126213592233,5.919575994985702,339,103,1.448769295739468,1.2196434969262142,4.137934267240112,1.9121416526138282,1.6794105707846947,6.069999999999972,17.617617617617626,59.35935935935935,23.023023023023022
3.2,3.2,3.2,3.2,50,-1.0,-0.1,4.659195209475561,7.810000000000006,3.38,6.052734919026273,338,100,1.4993481900770838,1.2514613474177403,4.659195209475561,1.982312811980033,1.7293650961915776,7.810000000000006,17.51751751751752,60.16016016016016,22.32232232232232
3.4000000000000004,3.4000000000000004,3.4000000000000004,3.4000000000000004,50,-1.0,-0.1,4.659195209475561,7.810000000000006,3.3465346534653464,5.85033745927643,338,101,1.5259548339210318,1.2822145848208293,4.659195209475561,2.0100661157024797,1.7587651553467203,7.810000000000006,17.51751751751752,60.56056056056056,21.92192192192192
3.6000000000000005,3.6000000000000005,3.6000000000000005,3.6000000000000005,50,-1.0,-0.1,4.659195209475561,7.810000000000006,3.38,5.789265929286716,338,100,1.5760503863753281,1.3197555181389193,4.659195209475561,2.061314935064935,1.7910965927922509,7.810000000000006,17.51751751751752,61.66166166166166,20.82082082082082
3.8000000000000003,3.8000000000000003,3.8000000000000003,3.8000000000000003,50,-1.0,-0.1,4.786742107112094,7.810000000000006,3.36,5.761111003964426,336,100,1.6175939175608793,1.3588379733691753,4.882396952317593,2.122768,1.848777720056146,7.840000000000016,17.41741741741742,62.56256256256256,20.02002002002002
4.0,4.0,4.0,4.0,50,-1.0,-0.1,4.786742107112094,7.810000000000006,3.3267326732673266,5.743888548815139,336,101,1.6491216473847368,1.3914039438582155,4.882396952317593,2.1572222222222224,1.8769895852130447,7.840000000000016,17.41741741741742,63.06306306306306,19.51951951951952
4.2,4.2,4.2,4.2,50,-1.0,-0.1,6.13196542716933,10.279999999999987,3.34,5.727512549091447,334,100,1.8377107552978533,1.5433293979186296,6.13196542716933,2.356496913580247,2.040200058270819,10.279999999999987,17.31731731731731,64.86486486486487,17.81781781781782
4.4,4.4,4.4,4.4,50,-1.0,-0.1,6.13196542716933,10.279999999999987,3.2149532710280373,5.650288285397195,344,107,1.9030567419363145,1.5941712667879193,6.13196542716933,2.4540121580547107,2.128878583707462,10.279999999999987,17.817817817817815,65.86586586586587,16.316316316316314
4.6000000000000005,4.6000000000000005,4.6000000000000005,4.6000000000000005,50,-1.0,-0.1,6.13196542716933,10.279999999999987,3.257142857142857,5.616351249747848,342,105,1.957799231365488,1.620220635574071,6.13196542716933,2.518593040847201,2.1396788084241396,10.279999999999987,17.71771771771772,66.16616616616616,16.116116116116117
4.800000000000001,4.800000000000001,4.800000000000001,4.800000000000001,50,-1.0,-0.1,6.13196542716933,10.279999999999987,3.269230769230769,5.578514361835694,340,104,2.019546431302011,1.662478959375174,6.13196542716933,2.5936706948640484,2.197172235200319,10.279999999999987,17.61761761761761,66.26626626626627,16.116116116116117
5.000000000000001,5.000000000000001,5.000000000000001,5.000000000000001,50,-1.0,-0.1,6.9727756309808315,11.420000000000002,3.238095238095238,5.441505060574973,340,105,2.1024223663796358,1.7498034962412463,6.9727756309808315,2.7201173020527856,2.3591641962176566,11.420000000000002,17.61761761761761,68.26826826826827,14.114114114114114
5.2,5.2,5.2,5.2,50,-1.0,-0.1,7.458056046987041,12.159999999999997,3.36,5.532666626501185,336,100,2.1632690408327435,1.8013244209348964,7.458056046987041,2.82233671988389,2.4582846326444323,12.159999999999997,17.41741741741742,68.96896896896897,13.613613613613614
5.4,5.4,5.4,5.4,50,-1.0,-0.1,7.458056046987041,12.159999999999997,3.4285714285714284,5.525451315946776,336,98,2.1950598962514944,1.8159033568746623,7.458056046987041,2.8676690647482013,2.470999629918507,12.159999999999997,17.41741741741742,69.56956956956957,13.013013013013014
5.6000000000000005,5.6000000000000005,5.6000000000000005,5.6000000000000005,50,-1.0,-0.1,7.500833287042184,11.74999999999999,3.607843137254902,5.7208885617689145,368,102,2.335876019010313,1.9295637167447461,7.984165579445356,3.100378151260504,2.741322494101249,12.93,19.019019019019016,71.47147147147147,9.50950950950951
5.800000000000001,5.800000000000001,5.800000000000001,5.800000000000001,50,-1.0,-0.1,7.314239536684594,11.75000000000001,3.588235294117647,5.734917031344167,366,102,2.361880922755606,1.9543036531106344,7.984165579445356,3.1371169916434543,2.768475927014321,12.93,18.918918918918916,71.87187187187187,9.20920920920921
6.000000000000001,6.000000000000001,6.000000000000001,6.000000000000001,50,-1.0,-0.1,8.441445373868154,14.22000000000001,3.5533980582524274,5.651236062643675,366,103,2.4791198951091937,2.0654339511853683,8.441445373868154,3.2897275204359673,2.9040571885962785,14.22000000000001,18.918918918918916,73.47347347347348,7.6076076076076085
6.2,6.2,6.2,6.2,50,-1.0,-0.1,8.441445373868154,14.22000000000001,3.623762376237624,5.734818935307607,366,101,2.554682084168151,2.108367538279925,8.441445373868154,3.413780487804878,2.997033934021918,14.22000000000001,18.918918918918916,73.87387387387388,7.207207207207207
6.4,6.4,6.4,6.4,50,-1.0,-0.1,8.441445373868154,14.22000000000001,3.757575757575758,5.893140866682538,372,99,2.623389740273982,2.1772756743286004,8.672081641682126,3.537029569892473,3.13313001271013,14.22000000000001,19.21921921921922,74.47447447447448,6.306306306306306
6.6000000000000005,6.6000000000000005,6.6000000000000005,6.6000000000000005,50,-1.0,-0.1,8.441445373868154,14.22000000000001,3.72,5.866992415198779,372,100,2.6629366404892996,2.213683405672917,8.672081641682126,3.5997583892617446,3.190440872631631,14.22000000000001,19.219219219219223,74.57457457457457,6.206206206206207
6.800000000000001,6.800000000000001,6.800000000000001,6.800000000000001,50,-1.0,-0.1,8.441445373868154,14.22000000000001,3.7373737373737375,5.873387779794173,370,99,2.6570801721114634,2.2126385748679263,8.672081641682126,3.5810187667560323,3.169138596636005,14.22000000000001,19.119119119119116,74.67467467467468,6.206206206206207
7.000000000000001,7.000000000000001,7.000000000000001,7.000000000000001,50,-1.0,-0.1,9.898186702623867,16.68999999999999,3.6633663366336635,5.814419133146189,370,101,2.7883860439834782,2.3476642528459424,9.898186702623867,3.751902245706738,3.3378294192765194,16.68999999999999,19.119119119119112,75.77577577577578,5.105105105105105
7.5,7.5,7.5,7.5,50,-1.0,-0.1,9.898186702623867,16.68999999999999,3.592233009708738,5.774797761690441,370,103,2.8250817631524665,2.348204987701085,9.898186702623867,3.805825627476883,3.3452775146333176,16.68999999999999,19.119119119119112,75.77577577577578,5.105105105105105
7.7,7.7,7.7,7.7,50,-1.0,-0.1,9.898186702623867,16.68999999999999,3.5728155339805827,5.739662622857263,368,103,2.8443618283515666,2.3683631579619995,9.898186702623867,3.82796833773087,3.3722065682338016,16.68999999999999,19.01901901901902,75.87587587587588,5.105105105105105
7.9,7.9,7.9,7.9,50,-1.0,-0.1,11.36111350176557,19.169999999999995,3.5728155339805827,5.7430446607771595,368,103,2.911458193977442,2.4153238646852713,11.36111350176557,3.917477003942181,3.453201404780937,19.169999999999995,19.019019019019012,76.17617617617618,4.804804804804805
8.100000000000001,8.100000000000001,8.100000000000001,8.100000000000001,50,-1.0,-0.1,11.36111350176557,19.169999999999995,3.603960396039604,5.759330282711889,364,101,3.0801810326539107,2.555550337263257,11.36111350176557,4.148976683937824,3.649035625950556,19.169999999999995,18.81881881881882,77.27727727727728,3.903903903903904
8.3,8.3,8.3,8.3,50,-1.0,-0.1,11.36111350176557,19.169999999999995,3.603960396039604,5.707523622327079,364,101,3.117097019385104,2.5979401128146877,11.36111350176557,4.197240932642487,3.73533273642336,19.169999999999995,18.81881881881882,77.27727727727728,3.903903903903904
8.5,8.5,8.5,8.5,50,-1.0,-0.1,11.36111350176557,19.169999999999995,3.5145631067961167,5.677179796359483,362,103,3.152406460380036,2.6089129501607946,11.36111350176557,4.260245795601553,3.759255185736426,19.169999999999995,18.718718718718726,77.37737737737737,3.903903903903904
8.700000000000001,8.700000000000001,8.700000000000001,8.700000000000001,50,-1.0,-0.1,11.36111350176557,19.169999999999995,3.480769230769231,5.6329742950136055,362,104,3.141076489143298,2.6160995358966406,11.36111350176557,4.239340232858991,3.7737461637005967,19.169999999999995,18.718718718718726,77.37737737737737,3.903903903903904
8.900000000000002,8.900000000000002,8.900000000000002,8.900000000000002,50,-1.0,-0.1,12.219697213924738,20.639999999999997,3.495145631067961,5.665212849423843,360,103,3.208438284861018,2.649712248159137,12.219697213924738,4.337922580645162,3.826747318437362,20.639999999999997,18.618618618618626,77.57757757757757,3.8038038038038042
9.100000000000001,9.100000000000001,9.100000000000001,9.100000000000001,50,-1.0,-0.1,12.219697213924738,20.639999999999997,3.364485981308411,5.58434481195202,360,107,3.3046981086999,2.7468854882188514,12.219697213924738,4.465889884763125,3.9477685404316882,20.639999999999997,18.618618618618612,78.17817817817819,3.203203203203203
9.3,9.3,9.3,9.3,50,-1.0,-0.1,12.219697213924738,20.639999999999997,3.3333333333333335,5.590998055737388,360,108,3.2954975856999287,2.756632001270906,12.219697213924738,4.457605633802817,3.956073795470092,20.639999999999997,18.618618618618612,78.17817817817819,3.203203203203203
9.500000000000002,9.500000000000002,9.500000000000002,9.500000000000002,50,-1.0,-0.1,12.219697213924738,20.639999999999997,3.314814814814815,5.5521903388031495,358,108,3.3085993589584426,2.7662923017644387,12.219697213924738,4.473649167733675,3.965151543182106,20.639999999999997,18.518518518518512,78.17817817817819,3.303303303303303
9.700000000000003,9.700000000000003,9.700000000000003,9.700000000000003,50,-1.0,-0.1,10.736181816642281,15.160000000000025,3.4311926605504586,5.7283569100997385,374,109,3.363955782277942,2.814531627134306,12.219697213924738,4.5663024142312585,4.077769518253419,20.639999999999997,19.319319319319312,78.77877877877879,1.9019019019019021
9.900000000000002,9.900000000000002,9.900000000000002,9.900000000000002,50,-1.0,-0.1,10.736181816642281,15.160000000000025,3.425925925925926,5.71256526618637,370,108,3.407249521757002,2.842945639593669,13.666283327957164,4.620571065989848,4.101736731804084,23.109999999999992,19.11911911911912,78.87887887887888,2.002002002002002
10.100000000000001,10.100000000000001,10.100000000000001,10.100000000000001,50,-1.0,-0.1,10.736181816642281,15.160000000000025,3.425925925925926,5.7174257735448135,370,108,3.4113969387002943,2.870366579770044,13.666283327957164,4.626992385786802,4.125295739583809,23.109999999999992,19.11911911911912,78.87887887887888,2.002002002002002
10.300000000000002,10.300000000000002,10.300000000000002,10.300000000000002,50,-1.0,-0.1,10.736181816642281,15.160000000000025,3.4766355140186915,5.760558439947222,372,107,3.4086298005793276,2.8754841109716205,13.666283327957164,4.621827411167513,4.138306620581556,23.109999999999992,19.21921921921922,78.87887887887888,1.9019019019019021
10.500000000000004,10.500000000000004,10.500000000000004,10.500000000000004,50,-1.0,-0.1,11.229176283236448,15.879999999999995,3.4766355140186915,5.767044294540087,372,107,3.437249210780227,2.9140674418901344,13.666283327957164,4.663032994923858,4.1881609867205425,23.109999999999992,19.21921921921922,78.87887887887888,1.9019019019019021
10.700000000000003,10.700000000000003,10.700000000000003,10.700000000000003,50,-1.0,-0.1,10.98016848686758,15.289999999999992,3.4074074074074074,5.678153450884977,368,108,3.511555155078813,3.016574524081499,15.116722528378958,4.796169405815424,4.4109584966065905,25.589999999999993,19.019019019019012,79.17917917917919,1.8018018018018018
10.900000000000002,10.900000000000002,10.900000000000002,10.900000000000002,50,-1.0,-0.1,10.98016848686758,15.289999999999992,3.388888888888889,5.672926825319722,366,108,3.5889123332685524,3.0467797715348723,15.116722528378958,4.894810606060607,4.433191352760509,25.589999999999993,18.91891891891892,79.27927927927928,1.8018018018018018
11.100000000000003,11.100000000000003,11.100000000000003,11.100000000000003,50,-1.0,-0.1,11.268899680092998,15.289999999999992,3.4444444444444446,5.704665623552638,372,108,3.5812037897995013,3.0821176282850757,15.116722528378958,4.881504424778762,4.487807799942183,25.589999999999993,19.219219219219212,79.17917917917919,1.6016016016016015
11.300000000000004,11.300000000000004,11.300000000000004,11.300000000000004,50,-1.0,-0.1,12.128132585027252,16.539999999999992,3.439252336448598,5.722847422268856,368,107,3.6226719944745334,3.11730946932136,15.116722528378958,4.941565656565657,4.52952403159095,25.589999999999993,19.01901901901902,79.27927927927928,1.7017017017017018
11.500000000000004,11.500000000000004,11.500000000000004,11.500000000000004,50,-1.0,-0.1,12.128132585027252,16.539999999999992,3.452830188679245,5.713492926747552,366,106,3.6552417055485984,3.1777778738345317,16.55845705372333,4.989166666666667,4.629158879517767,28.04999999999999,18.91891891891892,79.27927927927928,1.8018018018018018
11.700000000000003,11.700000000000003,11.700000000000003,11.700000000000003,50,-1.0,-0.1,12.128132585027252,16.539999999999992,3.4074074074074074,5.678153450884977,368,108,3.682863532739685,3.204282789356406,16.55845705372333,5.02084595959596,4.661558938150125,28.04999999999999,19.01901901901902,79.27927927927928,1.7017017017017018
11.900000000000004,11.900000000000004,11.900000000000004,11.900000000000004,50,-1.0,-0.1,12.128132585027252,16.539999999999992,3.4074074074074074,5.668360918350724,368,108,3.6958173580797857,3.217989100968291,16.55845705372333,5.035485498108449,4.672645793480195,28.04999999999999,19.019019019019026,79.37937937937937,1.6016016016016015
12.100000000000005,12.100000000000005,12.100000000000005,12.100000000000005,50,-1.0,-0.1,12.128132585027252,16.539999999999992,3.4074074074074074,5.666727184377888,368,108,3.7278810991571216,3.2468662266749475,16.55845705372333,5.084382871536525,4.710238960765706,28.04999999999999,19.01901901901902,79.47947947947948,1.5015015015015014
12.300000000000004,12.300000000000004,12.300000000000004,12.300000000000004,50,-1.0,-0.1,12.128132585027252,16.539999999999992,3.4205607476635516,5.658567870032812,366,107,3.765008179965181,3.320457275793979,17.417258682123315,5.144422110552764,4.853381486342634,29.53,18.91891891891892,79.67967967967968,1.4014014014014013
12.500000000000004,12.500000000000004,12.500000000000004,12.500000000000004,50,-1.0,-0.1,12.128132585027252,16.539999999999992,3.452830188679245,5.6820340423088425,366,106,3.8019637800105754,3.346256043451529,17.417258682123315,5.194905897114178,4.887664564060042,29.53,18.918918918918912,79.77977977977979,1.3013013013013013
12.700000000000005,12.700000000000005,12.700000000000005,12.700000000000005,50,-1.0,-0.1,12.128132585027252,16.539999999999992,3.3518518518518516,5.6080544173913385,362,108,3.8339230671535938,3.4097529260232786,17.417258682123315,5.25953692115144,5.023315467266677,29.53,18.718718718718726,79.97997997997997,1.3013013013013013
12.900000000000006,12.900000000000006,12.900000000000006,12.900000000000006,50,-1.0,-0.1,12.128132585027252,16.539999999999992,3.4018691588785046,5.638419300405005,364,107,3.873096549196816,3.434536670990637,17.417258682123315,5.316958698372967,5.074800921468445,29.53,18.818818818818826,79.97997997997997,1.2012012012012012
13.100000000000005,13.100000000000005,13.100000000000005,13.100000000000005,50,-1.0,-0.1,12.182364302548171,16.539999999999992,3.4150943396226414,5.603011192659024,362,106,3.936553090596894,3.5130286419724843,17.417258682123315,5.3933333333333335,5.160099148366608,29.53,18.718718718718712,80.18018018018019,1.1011011011011012
13.300000000000004,13.300000000000004,13.300000000000004,13.300000000000004,50,-1.0,-0.1,12.182364302548171,16.539999999999992,3.4757281553398056,5.7451451183547,358,103,4.0356483752153745,3.5692315367168095,18.848928351500515,5.54847880299252,5.265138788675427,31.989999999999995,18.51851851851852,80.28028028028028,1.2012012012012012
13.500000000000005,13.500000000000005,13.500000000000005,13.500000000000005,50,-1.0,-0.1,12.182364302548171,16.539999999999992,3.4150943396226414,5.676611938851165,362,106,4.022418631209281,3.5777455636048208,18.848928351500515,5.527231920199501,5.289718590026729,31.989999999999995,18.71871871871872,80.28028028028028,1.001001001001001
13.700000000000006,13.700000000000006,13.700000000000006,13.700000000000006,50,-1.0,-0.1,12.182364302548171,16.539999999999992,3.4285714285714284,5.695206242943258,360,105,4.053199392536963,3.5995835118709576,18.848928351500515,5.574632627646326,5.30190486770399,31.989999999999995,18.618618618618626,80.38038038038037,1.001001001001001
13.900000000000006,13.900000000000006,13.900000000000006,13.900000000000006,50,-1.0,-0.1,12.182364302548171,16.539999999999992,3.423076923076923,5.68177299605486,356,104,4.091353700634022,3.6176109803501735,18.848928351500515,5.631917808219178,5.337328524090159,31.989999999999995,18.418418418418426,80.38038038038037,1.2012012012012012
14.100000000000005,14.100000000000005,14.100000000000005,14.100000000000005,50,-1.0,-0.1,12.128132585027252,16.539999999999992,3.3714285714285714,5.642115683655831,354,105,4.158433155216345,3.7634923292675904,20.28722750895252,5.750459057071962,5.641451594403353,34.459999999999994,18.31831831831832,80.68068068068068,1.001001001001001
14.300000000000006,14.300000000000006,14.300000000000006,14.300000000000006,50,-1.0,-0.1,12.128132585027252,16.539999999999992,3.3271028037383177,5.605030619164166,356,107,4.166093773208976,3.804150064889648,20.28722750895252,5.75728624535316,5.684900319637085,34.459999999999994,18.418418418418412,80.78078078078079,0.8008008008008007
14.500000000000007,14.500000000000007,14.500000000000007,14.500000000000007,50,-1.0,-0.1,12.128132585027252,16.539999999999992,3.3207547169811322,5.594045300730831,352,106,4.235704935653959,3.829210381936461,20.28722750895252,5.8551053283767045,5.727947114696262,34.459999999999994,18.21821821821821,80.78078078078079,1.001001001001001
14.700000000000006,14.700000000000006,14.700000000000006,14.700000000000006,50,-1.0,-0.1,12.128132585027252,16.539999999999992,3.3333333333333335,5.602153780835276,350,105,4.278336401121377,3.8667763638474817,20.28722750895252,5.918153655514251,5.792065134655993,34.459999999999994,18.11811811811811,80.78078078078079,1.1011011011011012
14.900000000000006,14.900000000000006,14.900000000000006,14.900000000000006,50,-1.0,-0.1,14.853699875788523,16.539999999999992,3.3653846153846154,5.660350784705588,350,104,4.316271278872869,3.936613532440069,21.141639009310513,5.9810630407911,5.905286739702189,35.93,18.118118118118126,80.98098098098097,0.9009009009009009
15.100000000000007,15.100000000000007,15.100000000000007,15.100000000000007,50,-1.0,-0.1,14.853699875788523,16.539999999999992,3.411764705882353,5.705781280689617,348,102,4.355970365248313,3.9569299677491236,21.141639009310513,6.035308641975309,5.910133834506388,35.93,18.01801801801802,81.08108108108108,0.9009009009009009
15.300000000000008,15.300000000000008,15.300000000000008,15.300000000000008,50,-1.0,-0.1,14.853699875788523,16.539999999999992,3.411764705882353,5.69890416225076,348,102,4.359476717063872,3.9583556303833904,21.141639009310513,6.043283950617284,5.914586265931864,35.93,18.01801801801802,81.08108108108108,0.9009009009009009
15.500000000000007,15.500000000000007,15.500000000000007,15.500000000000007,50,-1.0,-0.1,14.853699875788523,16.539999999999992,3.392156862745098,5.66751469331342,346,102,4.387489280764708,3.9949746715078938,21.141639009310513,6.092753086419754,5.982901269927522,35.93,17.91791791791792,81.08108108108108,1.001001001001001
15.700000000000006,15.700000000000006,15.700000000000006,15.700000000000006,50,-1.0,-0.1,14.853699875788523,16.539999999999992,3.326923076923077,5.590930684345833,346,104,4.442371428439155,4.08856655029497,22.571225044290347,6.174514145141451,6.149551862500106,38.39999999999999,17.917917917917926,81.38138138138137,0.7007007007007007
15.900000000000007,15.900000000000007,15.900000000000007,15.900000000000007,50,-1.0,-0.1,14.853699875788523,16.539999999999992,3.326923076923077,5.601240088814652,346,104,4.462212485271731,4.096672151016585,22.571225044290347,6.203985239852399,6.162280879924134,38.39999999999999,17.917917917917926,81.38138138138137,0.7007007007007007
16.10000000000001,16.10000000000001,16.10000000000001,16.10000000000001,50,-1.0,-0.1,14.853699875788523,16.539999999999992,3.3076923076923075,5.579972641022195,344,104,4.575673446686531,4.22139849589334,22.571225044290347,6.3638206388206395,6.370828212276306,38.39999999999999,17.81781781781782,81.48148148148148,0.7007007007007007
16.300000000000008,16.300000000000008,16.300000000000008,16.300000000000008,50,-1.0,-0.1,14.853699875788523,16.539999999999992,3.320388349514563,5.58467666399924,342,103,4.608556664979198,4.272011645874298,22.571225044290347,6.407141104294478,6.44480766310721,38.39999999999999,17.71771771771771,81.58158158158159,0.7007007007007007
16.500000000000007,16.500000000000007,16.500000000000007,16.500000000000007,50,-1.0,-0.1,14.853699875788523,16.539999999999992,3.320388349514563,5.586414853655771,342,103,4.6692184765520315,4.310490988339543,22.571225044290347,6.485791411042944,6.473804265984728,38.39999999999999,17.71771771771771,81.58158158158159,0.7007007007007007
16.70000000000001,16.70000000000001,16.70000000000001,16.70000000000001,50,-1.0,-0.1,14.853699875788523,15.82,3.386138613861386,5.662050667643696,342,101,4.7658675850136385,4.35766990999424,22.571225044290347,6.618357843137255,6.536065123858607,38.39999999999999,17.71771771771772,81.68168168168168,0.6006006006006006
16.90000000000001,16.90000000000001,16.90000000000001,16.90000000000001,50,-1.0,-0.1,14.853699875788523,15.82,3.386138613861386,5.660301739551206,342,101,4.807973047881794,4.391190685447231,22.571225044290347,6.664492044063648,6.556168651415217,38.39999999999999,17.71771771771771,81.78178178178179,0.5005005005005005
17.10000000000001,17.10000000000001,17.10000000000001,17.10000000000001,50,-1.0,-0.1,14.853699875788523,15.82,3.42,5.680105632820572,342,100,4.8446015271321565,4.402792724956161,22.571225044290347,6.715434516523868,6.571294076462197,38.39999999999999,17.71771771771771,81.78178178178179,0.5005005005005005
17.300000000000008,17.300000000000008,17.300000000000008,17.300000000000008,50,-1.0,-0.1,14.853699875788523,16.539999999999992,3.4,5.635601121442149,340,100,4.913940349770478,4.489822628073702,22.571225044290347,6.821625916870416,6.714732200913783,38.39999999999999,17.61761761761762,81.88188188188188,0.5005005005005005
17.500000000000007,17.500000000000007,17.500000000000007,17.500000000000007,50,-1.0,-0.1,14.853699875788523,16.539999999999992,3.393939393939394,5.584643775330439,336,99,4.97908841851926,4.602746659459508,24.003260195231817,6.942319902319902,6.951685224676536,40.870000000000005,17.417417417417425,81.98198198198197,0.6006006006006006
17.70000000000001,17.70000000000001,17.70000000000001,17.70000000000001,50,-1.0,-0.1,14.853699875788523,16.539999999999992,3.4081632653061225,5.6003584701117655,334,98,5.059985878338378,4.625170555462118,24.003260195231817,7.0420243902439035,6.956195697705101,40.870000000000005,17.31731731731732,82.08208208208208,0.6006006006006006
17.90000000000001,17.90000000000001,17.90000000000001,17.90000000000001,50,-1.0,-0.1,14.853699875788523,16.539999999999992,3.4081632653061225,5.605821927563211,334,98,5.0932958953144905,4.6292674809928025,24.003260195231817,7.089951219512195,6.95950776206934,40.870000000000005,17.31731731731732,82.08208208208208,0.6006006006006006
18.10000000000001,18.10000000000001,18.10000000000001,18.10000000000001,50,-1.0,-0.1,14.853699875788523,16.539999999999992,3.3877551020408165,5.557918882762857,332,98,5.132718682759534,4.697805950964719,24.003260195231817,7.148231707317073,7.080273294296025,40.870000000000005,17.217217217217218,82.08208208208208,0.7007007007007007
18.30000000000001,18.30000000000001,18.30000000000001,18.30000000000001,50,-1.0,-0.1,14.853699875788523,16.539999999999992,3.3877551020408165,5.561589577980611,332,98,5.178148226033216,4.746100580245215,24.003260195231817,7.224981729598051,7.182049022844098,40.870000000000005,17.21721721721721,82.18218218218219,0.6006006006006006
18.50000000000001,18.50000000000001,18.50000000000001,18.50000000000001,50,-1.0,-0.1,14.853699875788523,16.539999999999992,3.3636363636363638,5.554967829334415,333,99,5.196589076315382,4.751542371416279,24.003260195231817,7.250828258221682,7.191798027996801,40.870000000000005,17.21721721721721,82.18218218218219,0.6006006006006006
18.70000000000001,18.70000000000001,18.70000000000001,18.70000000000001,50,-1.0,-0.1,14.853699875788523,16.539999999999992,3.3979591836734695,5.574614100158052,333,98,5.2037230329649535,4.762697839787928,24.003260195231817,7.260048721071864,7.201580960381515,40.870000000000005,17.21721721721721,82.18218218218219,0.6006006006006006
18.90000000000001,18.90000000000001,18.90000000000001,18.90000000000001,50,-1.0,-0.1,14.853699875788523,16.730000000000018,3.377551020408163,5.531939369350719,331,98,5.256830340365837,4.875767789446034,24.003260195231817,7.350815085158151,7.418321794095055,40.870000000000005,17.117117117117118,82.28228228228228,0.6006006006006006
19.10000000000001,19.10000000000001,19.10000000000001,19.10000000000001,50,-1.0,-0.1,14.853699875788523,16.730000000000018,3.3917525773195876,5.549322798901763,329,97,5.343174146985758,4.959839195055446,24.89338265483419,7.471796116504855,7.53371252729147,41.489999999999995,17.017017017017018,82.48248248248248,0.5005005005005005
19.30000000000001,19.30000000000001,19.30000000000001,19.30000000000001,50,-1.0,-0.1,14.853699875788523,16.730000000000018,3.3917525773195876,5.54374673450256,329,97,5.36380510145551,4.965884834344105,24.89338265483419,7.506832524271846,7.551342630641914,41.489999999999995,17.017017017017018,82.48248248248248,0.5005005005005005
19.50000000000001,19.50000000000001,19.50000000000001,19.50000000000001,50,-1.0,-0.1,14.853699875788523,16.730000000000018,3.3711340206185567,5.519075799721309,327,97,5.399718222885605,5.017247923906289,25.029182967088634,7.571371359223302,7.653845022541455,42.32999999999999,16.916916916916918,82.48248248248248,0.6006006006006006
19.70000000000001,19.70000000000001,19.70000000000001,19.70000000000001,50,-1.0,-0.1,14.853699875788523,16.730000000000018,3.326530612244898,5.471215046568503,326,98,5.468452644972457,5.106157029419257,25.029182967088634,7.6924484848484855,7.846177873145826,42.32999999999999,16.81681681681681,82.58258258258259,0.6006006006006006
19.900000000000013,19.900000000000013,19.900000000000013,19.900000000000013,50,-1.0,-0.1,14.853699875788523,16.730000000000018,3.306122448979592,5.41616658484598,324,98,5.5644922440836675,5.227228492425199,26.273214496897786,7.847469733656174,8.082767638740362,43.94,16.716716716716718,82.68268268268268,0.6006006006006006

