dt-timestamp(s),dt-x,dt-y,dt-z,pt-timestamp(s),pt-x,pt-y,pt-z,operation
-,-,-,-,10.0,0.0,0.0,471,Insertion
-,-,-,-,20.0,0.0,0.0,471,Insertion
-,-,-,-,30.0,0.0,0.0,471,Insertion
-,-,-,-,40.0,0.0,0.0,471,Insertion
-,-,-,-,50.0,0.0,0.0,471,Insertion
-,-,-,-,60.0,0.0,0.0,471,Insertion
-,-,-,-,70.0,0.0,0.0,471,Insertion
-,-,-,-,80.0,0.0,0.0,471,Insertion
-,-,-,-,90.0,0.0,0.0,471,Insertion
-,-,-,-,100.0,0.0,0.0,471,Insertion
-,-,-,-,110.0,0.0,0.0,471,Insertion
-,-,-,-,120.0,0.0,0.0,471,Insertion
-,-,-,-,130.0,0.0,0.0,471,Insertion
-,-,-,-,140.0,0.0,0.0,471,Insertion
-,-,-,-,150.0,0.0,0.0,471,Insertion
-,-,-,-,160.0,0.0,0.0,471,Insertion
-,-,-,-,170.0,0.0,0.0,471,Insertion
-,-,-,-,180.0,0.0,0.0,471,Insertion
-,-,-,-,190.0,0.0,0.0,471,Insertion
-,-,-,-,200.0,0.0,0.0,471,Insertion
-,-,-,-,210.0,-8.39,-0.0,471,Insertion
-,-,-,-,220.0,-16.77,-0.0,470,Insertion
-,-,-,-,230.0,-25.13,-0.0,470,Insertion
-,-,-,-,240.0,-33.46,-0.0,469,Insertion
-,-,-,-,250.0,-41.75,-0.0,468,Insertion
10.0,-15.19,-0.0,471,260.0,-50.0,-0.0,466,Mismatch
20.0,-30.32,-0.0,469,270.0,-58.18,-0.0,464,Mismatch
30.0,-45.33,-0.0,467,280.0,-66.3,-0.0,462,Mismatch
40.0,-60.18,-0.0,464,290.0,-74.35,-0.0,460,Mismatch
50.0,-74.79,-0.0,460,300.0,-82.3,-0.0,457,Mismatch
60.0,-89.13,-0.0,455,310.0,-92.07,-0.0,454,Match
70.0,-103.12,-0.0,449,320.0,-101.68,-0.0,450,Match
-,-,-,-,330.0,-111.11,-0.0,445,Insertion
-,-,-,-,340.0,-120.33,-0.0,440,Insertion
-,-,-,-,350.0,-129.35,-0.0,435,Insertion
80.0,-116.72,-0.0,442,360.0,-138.14,-0.0,430,Mismatch
90.0,-129.89,-0.0,435,370.0,-146.68,-0.0,424,Mismatch
100.0,-142.56,-0.0,427,380.0,-154.96,-0.0,418,Mismatch
110.0,-154.7,-0.0,418,390.0,-162.97,-0.0,411,Mismatch
120.0,-166.25,-0.0,408,400.0,-170.69,-0.0,404,Mismatch
130.0,-177.18,-0.0,398,410.0,-178.32,-0.0,397,Match
140.0,-187.44,-0.0,387,420.0,-185.62,-0.0,389,Match
-,-,-,-,430.0,-192.56,-0.0,381,Insertion
150.0,-197.0,-0.0,375,440.0,-199.15,-0.0,373,Match
160.0,-205.83,-0.0,363,450.0,-205.35,-0.0,364,Match
-,-,-,-,460.0,-211.18,-0.0,355,Insertion
-,-,-,-,470.0,-216.61,-0.0,346,Insertion
-,-,-,-,480.0,-221.63,-0.0,337,Insertion
-,-,-,-,490.0,-226.24,-0.0,328,Insertion
-,-,-,-,500.0,-230.43,-0.0,318,Insertion
-,-,-,-,510.0,-234.19,-0.0,308,Insertion
-,-,-,-,520.0,-237.52,-0.0,298,Insertion
-,-,-,-,530.0,-240.41,-0.0,288,Insertion
170.0,-213.89,-0.0,351,540.0,-242.85,-0.0,278,Mismatch
180.0,-221.16,-0.0,338,550.0,-244.86,-0.0,268,Mismatch
190.0,-227.61,-0.0,325,560.0,-246.41,-0.0,258,Mismatch
200.0,-233.21,-0.0,311,570.0,-247.52,-0.0,248,Mismatch
210.0,-238.02,-0.0,297,580.0,-248.17,-0.0,237,Mismatch
220.0,-241.92,-0.0,282,590.0,-248.38,-0.0,227,Mismatch
230.0,-244.88,-0.0,268,600.0,-248.14,-0.0,217,Mismatch
240.0,-246.92,-0.0,253,610.0,-247.46,-0.0,207,Mismatch
250.0,-248.02,-0.0,238,620.0,-246.34,-0.0,197,Mismatch
260.0,-248.19,-0.0,223,630.0,-244.78,-0.0,187,Mismatch
270.0,-247.43,-0.0,209,640.0,-242.78,-0.0,177,Mismatch
280.0,-245.75,-0.0,194,650.0,-240.37,-0.0,167,Mismatch
290.0,-243.16,-0.0,180,660.0,-237.53,-0.0,157,Mismatch
300.0,-239.69,-0.0,166,670.0,-234.29,-0.0,148,Mismatch
310.0,-235.51,-0.0,152,680.0,-230.64,-0.0,139,Mismatch
320.0,-230.52,-0.0,139,690.0,-226.61,-0.0,130,Mismatch
330.0,-224.75,-0.0,126,700.0,-222.19,-0.0,121,Mismatch
340.0,-218.24,-0.0,114,710.0,-217.61,-0.0,112,Match
350.0,-211.0,-0.0,102,720.0,-212.69,-0.0,104,Match
-,-,-,-,730.0,-207.45,-0.0,96,Insertion
360.0,-203.09,-0.0,91,740.0,-201.9,-0.0,89,Match
370.0,-194.53,-0.0,80,750.0,-196.05,-0.0,81,Match
-,-,-,-,760.0,-189.91,-0.0,74,Insertion
380.0,-185.36,-0.0,70,770.0,-183.49,-0.0,67,Mismatch
390.0,-175.64,-0.0,60,780.0,-176.81,-0.0,61,Match
400.0,-165.4,-0.0,52,790.0,-169.89,-0.0,55,Mismatch
410.0,-160.1,-0.0,47,800.0,-162.73,-0.0,49,Match
420.0,-154.69,-0.0,44,810.0,-157.64,-0.0,45,Match
-,-,-,-,820.0,-152.45,-0.0,41,Insertion
430.0,-149.17,-0.0,40,830.0,-147.17,-0.0,38,Match
440.0,-143.56,-0.0,36,840.0,-141.8,-0.0,35,Match
450.0,-137.85,-0.0,33,850.0,-136.36,-0.0,32,Match
460.0,-132.05,-0.0,30,860.0,-130.84,-0.0,29,Match
470.0,-126.18,-0.0,27,870.0,-125.25,-0.0,26,Match
480.0,-120.23,-0.0,24,880.0,-119.6,-0.0,23,Match
490.0,-114.22,-0.0,21,890.0,-113.9,-0.0,21,Match
500.0,-108.14,-0.0,19,-,-,-,-,Deletion
510.0,-108.14,-0.0,19,-,-,-,-,Deletion
520.0,-108.14,-0.0,19,-,-,-,-,Deletion
530.0,-108.14,-0.0,19,-,-,-,-,Deletion
540.0,-108.14,-0.0,19,-,-,-,-,Deletion
550.0,-108.14,-0.0,19,-,-,-,-,Deletion
560.0,-108.14,-0.0,19,-,-,-,-,Deletion
570.0,-108.14,-0.0,19,-,-,-,-,Deletion
580.0,-108.14,-0.0,19,-,-,-,-,Deletion
590.0,-108.14,-0.0,19,-,-,-,-,Deletion
600.0,-108.14,-0.0,19,-,-,-,-,Deletion
610.0,-108.14,-0.0,19,-,-,-,-,Deletion
620.0,-108.14,-0.0,19,-,-,-,-,Deletion
630.0,-108.14,-0.0,19,-,-,-,-,Deletion
640.0,-108.14,-0.0,19,900.0,-108.14,-0.0,19,Match
650.0,-108.14,-0.0,19,910.0,-108.14,-0.0,19,Match
660.0,-108.14,-0.0,19,920.0,-108.14,-0.0,19,Match
670.0,-108.14,-0.0,19,930.0,-108.14,-0.0,19,Match
680.0,-108.14,-0.0,19,940.0,-108.14,-0.0,19,Match
690.0,-108.14,-0.0,19,950.0,-108.14,-0.0,19,Match
700.0,-108.14,-0.0,19,960.0,-108.14,-0.0,19,Match
710.0,-108.14,-0.0,19,970.0,-108.14,-0.0,19,Match
720.0,-108.14,-0.0,19,980.0,-108.14,-0.0,19,Match
730.0,-108.14,-0.0,19,990.0,-108.14,-0.0,19,Match
740.0,-108.14,-0.0,19,1000.0,-108.14,-0.0,19,Match
750.0,-108.14,-0.0,19,1010.0,-108.14,-0.0,19,Match
760.0,-108.14,-0.0,19,1020.0,-108.14,-0.0,19,Match
770.0,-108.14,-0.0,19,1030.0,-108.14,-0.0,19,Match
780.0,-108.14,-0.0,19,1040.0,-108.14,-0.0,19,Match
790.0,-108.14,-0.0,19,1050.0,-108.14,-0.0,19,Match
800.0,-108.14,-0.0,19,1060.0,-108.14,-0.0,19,Match
810.0,-108.14,-0.0,19,1070.0,-108.14,-0.0,19,Match
820.0,-108.14,-0.0,19,1080.0,-108.14,-0.0,19,Match
830.0,-108.14,-0.0,19,1090.0,-108.14,-0.0,19,Match
840.0,-108.14,-0.0,19,1100.0,-108.14,-0.0,19,Match
850.0,-108.14,-0.0,19,1110.0,-108.14,-0.0,19,Match
860.0,-108.14,-0.0,19,1120.0,-108.14,-0.0,19,Match
870.0,-108.14,-0.0,19,1130.0,-108.14,-0.0,19,Match
880.0,-108.14,-0.0,19,1140.0,-108.14,-0.0,19,Match
890.0,-108.14,-0.0,19,1150.0,-108.14,-0.0,19,Match
900.0,-108.14,-0.0,19,1160.0,-108.14,-0.0,19,Match
910.0,-108.14,-0.0,19,1170.0,-108.14,-0.0,19,Match
920.0,-108.14,-0.0,19,1180.0,-108.14,-0.0,19,Match
930.0,-108.14,-0.0,19,1190.0,-108.14,-0.0,19,Match
940.0,-108.14,-0.0,19,1200.0,-108.14,-0.0,19,Match
950.0,-108.14,-0.0,19,1210.0,-108.14,-0.0,19,Match
960.0,-108.14,-0.0,19,1220.0,-108.14,-0.0,19,Match
970.0,-108.14,-0.0,19,1230.0,-108.14,-0.0,19,Match
980.0,-108.14,-0.0,19,1240.0,-108.14,-0.0,19,Match
990.0,-108.14,-0.0,19,1250.0,-108.14,-0.0,19,Match
1000.0,-108.14,-0.0,19,1260.0,-108.14,-0.0,19,Match
1010.0,-108.14,-0.0,19,1270.0,-108.14,-0.0,19,Match
1020.0,-108.14,-0.0,19,1280.0,-108.14,-0.0,19,Match
1030.0,-108.14,-0.0,19,1290.0,-108.14,-0.0,19,Match
1040.0,-108.14,-0.0,19,1300.0,-108.14,-0.0,19,Match
1050.0,-108.14,-0.0,19,1310.0,-108.14,-0.0,19,Match
1060.0,-108.14,-0.0,19,1320.0,-108.14,-0.0,19,Match
1070.0,-108.14,-0.0,19,1330.0,-108.14,-0.0,19,Match
1080.0,-108.14,-0.0,19,1340.0,-108.14,-0.0,19,Match
1090.0,-108.14,-0.0,19,1350.0,-108.14,-0.0,19,Match
1100.0,-108.14,-0.0,19,1360.0,-108.14,-0.0,19,Match
1110.0,-108.14,-0.0,19,1370.0,-108.14,-0.0,19,Match
1120.0,-108.14,-0.0,19,1380.0,-108.14,-0.0,19,Match
1130.0,-108.14,-0.0,19,1390.0,-108.14,-0.0,19,Match
1140.0,-108.14,-0.0,19,1400.0,-108.14,-0.0,19,Match
1150.0,-108.14,-0.0,19,1410.0,-108.14,-0.0,19,Match
1160.0,-108.14,-0.0,19,1420.0,-108.14,-0.0,19,Match
1170.0,-108.14,-0.0,19,1430.0,-108.14,-0.0,19,Match
1180.0,-108.14,-0.0,19,1440.0,-108.14,-0.0,19,Match
1190.0,-108.14,-0.0,19,1450.0,-108.14,-0.0,19,Match
1200.0,-108.14,-0.0,19,1460.0,-108.14,-0.0,19,Match
1210.0,-108.14,-0.0,19,1470.0,-108.14,-0.0,19,Match
1220.0,-108.14,-0.0,19,1480.0,-108.14,-0.0,19,Match
1230.0,-108.14,-0.0,19,1490.0,-108.14,-0.0,19,Match
1240.0,-108.14,-0.0,19,1500.0,-108.14,-0.0,19,Match
1250.0,-108.14,-0.0,19,1510.0,-108.14,-0.0,19,Match
1260.0,-108.14,-0.0,19,1520.0,-108.14,-0.0,19,Match
1270.0,-108.14,-0.0,19,1530.0,-108.14,-0.0,19,Match
1280.0,-108.14,-0.0,19,1540.0,-108.14,-0.0,19,Match
1290.0,-108.14,-0.0,19,1550.0,-108.14,-0.0,19,Match
1300.0,-108.14,-0.0,19,1560.0,-108.14,-0.0,19,Match
1310.0,-108.14,-0.0,19,1570.0,-108.14,-0.0,19,Match
1320.0,-108.14,-0.0,19,1580.0,-108.14,-0.0,19,Match
1330.0,-108.14,-0.0,19,1590.0,-108.14,-0.0,19,Match
1340.0,-108.14,-0.0,19,1600.0,-108.14,-0.0,19,Match
1350.0,-108.14,-0.0,19,1610.0,-108.14,-0.0,19,Match
1360.0,-108.14,-0.0,19,1620.0,-108.14,-0.0,19,Match
1370.0,-108.14,-0.0,19,1630.0,-108.14,-0.0,19,Match
1380.0,-108.14,-0.0,19,1640.0,-108.14,-0.0,19,Match
1390.0,-108.14,-0.0,19,1650.0,-108.14,-0.0,19,Match
1400.0,-108.14,-0.0,19,1660.0,-108.14,-0.0,19,Match
1410.0,-108.14,-0.0,19,1670.0,-108.14,-0.0,19,Match
1420.0,-108.14,-0.0,19,1680.0,-108.14,-0.0,19,Match
1430.0,-108.14,-0.0,19,1690.0,-108.14,-0.0,19,Match
1440.0,-108.14,-0.0,19,1700.0,-108.14,-0.0,19,Match
1450.0,-108.14,-0.0,19,1710.0,-108.14,-0.0,19,Match
1460.0,-108.14,-0.0,19,1720.0,-108.14,-0.0,19,Match
1470.0,-108.14,-0.0,19,1730.0,-108.14,-0.0,19,Match
1480.0,-108.14,-0.0,19,1740.0,-108.14,-0.0,19,Match
1490.0,-108.14,-0.0,19,1750.0,-108.14,-0.0,19,Match
1500.0,-108.14,-0.0,19,1760.0,-108.14,-0.0,19,Match
1510.0,-108.14,-0.0,19,1770.0,-108.14,-0.0,19,Match
1520.0,-108.14,-0.0,19,1780.0,-108.14,-0.0,19,Match
1530.0,-108.14,-0.0,19,1790.0,-108.14,-0.0,19,Match
1540.0,-108.14,-0.0,19,1800.0,-108.14,-0.0,19,Match
1550.0,-108.14,-0.0,19,1810.0,-108.14,-0.0,19,Match
1560.0,-108.14,-0.0,19,1820.0,-108.14,-0.0,19,Match
1570.0,-108.14,-0.0,19,1830.0,-108.14,-0.0,19,Match
1580.0,-108.14,-0.0,19,1840.0,-108.14,-0.0,19,Match
1590.0,-108.14,-0.0,19,1850.0,-108.14,-0.0,19,Match
1600.0,-108.14,-0.0,19,1860.0,-108.14,-0.0,19,Match
1610.0,-108.14,-0.0,19,1870.0,-108.14,-0.0,19,Match
1620.0,-108.14,-0.0,19,1880.0,-108.14,-0.0,19,Match
1630.0,-108.14,-0.0,19,1890.0,-108.14,-0.0,19,Match
1640.0,-108.14,-0.0,19,1900.0,-108.14,-0.0,19,Match
1650.0,-108.14,-0.0,19,1910.0,-108.14,-0.0,19,Match
1660.0,-108.14,-0.0,19,1920.0,-108.14,-0.0,19,Match
1670.0,-108.14,-0.0,19,1930.0,-108.14,-0.0,19,Match
1680.0,-108.14,-0.0,19,1940.0,-108.14,-0.0,19,Match
1690.0,-108.14,-0.0,19,1950.0,-108.14,-0.0,19,Match
1700.0,-108.14,-0.0,19,1960.0,-108.14,-0.0,19,Match
1710.0,-108.14,-0.0,19,1970.0,-108.14,-0.0,19,Match
1720.0,-108.14,-0.0,19,1980.0,-108.14,-0.0,19,Match
1730.0,-108.14,-0.0,19,1990.0,-108.14,-0.0,19,Match
1740.0,-108.14,-0.0,19,2000.0,-108.14,-0.0,19,Match
1750.0,-108.14,-0.0,19,2010.0,-108.14,-0.0,19,Match
1760.0,-108.14,-0.0,19,2020.0,-108.14,-0.0,19,Match
1770.0,-108.14,-0.0,19,2030.0,-108.14,-0.0,19,Match
1780.0,-108.14,-0.0,19,2040.0,-108.14,-0.0,19,Match
1790.0,-108.14,-0.0,19,2050.0,-108.14,-0.0,19,Match
1800.0,-108.14,-0.0,19,2060.0,-108.14,-0.0,19,Match
1810.0,-108.14,-0.0,19,2070.0,-108.14,-0.0,19,Match
1820.0,-108.14,-0.0,19,2080.0,-108.14,-0.0,19,Match
1830.0,-108.14,-0.0,19,2090.0,-108.14,-0.0,19,Match
1840.0,-108.14,-0.0,19,2100.0,-108.14,-0.0,19,Match
1850.0,-108.14,-0.0,19,2110.0,-108.14,-0.0,19,Match
1860.0,-108.14,-0.0,19,2120.0,-108.14,-0.0,19,Match
1870.0,-108.14,-0.0,19,2130.0,-108.14,-0.0,19,Match
1880.0,-108.14,-0.0,19,2140.0,-108.14,-0.0,19,Match
1890.0,-108.14,-0.0,19,2150.0,-108.14,-0.0,19,Match
1900.0,-108.14,-0.0,19,2160.0,-108.14,-0.0,19,Match
1910.0,-108.14,-0.0,19,2170.0,-108.14,-0.0,19,Match
1920.0,-108.14,-0.0,19,2180.0,-108.14,-0.0,19,Match
1930.0,-108.14,-0.0,19,2190.0,-108.14,-0.0,19,Match
1940.0,-108.14,-0.0,19,2200.0,-108.14,-0.0,19,Match
1950.0,-108.14,-0.0,19,2210.0,-108.14,-0.0,19,Match
1960.0,-108.14,-0.0,19,2220.0,-108.14,-0.0,19,Match
1970.0,-108.14,-0.0,19,2230.0,-108.14,-0.0,19,Match
1980.0,-108.14,-0.0,19,2240.0,-108.14,-0.0,19,Match
1990.0,-108.14,-0.0,19,2250.0,-108.14,-0.0,19,Match
2000.0,-108.14,-0.0,19,2260.0,-108.14,-0.0,19,Match
2010.0,-108.14,-0.0,19,2270.0,-108.14,-0.0,19,Match
2020.0,-108.14,-0.0,19,2280.0,-108.14,-0.0,19,Match
2030.0,-108.14,-0.0,19,2290.0,-108.14,-0.0,19,Match
2040.0,-108.14,-0.0,19,2300.0,-108.14,-0.0,19,Match
2050.0,-108.14,-0.0,19,2310.0,-108.14,-0.0,19,Match
2060.0,-108.14,-0.0,19,2320.0,-108.14,-0.0,19,Match
2070.0,-108.14,-0.0,19,2330.0,-108.14,-0.0,19,Match
2080.0,-108.14,-0.0,19,2340.0,-108.14,-0.0,19,Match
2090.0,-108.14,-0.0,19,2350.0,-108.14,-0.0,19,Match
2100.0,-108.14,-0.0,19,2360.0,-108.14,-0.0,19,Match
2110.0,-108.14,-0.0,19,2370.0,-108.14,-0.0,19,Match
2120.0,-108.14,-0.0,19,2380.0,-108.14,-0.0,19,Match
2130.0,-108.14,-0.0,19,2390.0,-108.14,-0.0,19,Match
2140.0,-108.14,-0.0,19,2400.0,-108.14,-0.0,19,Match
2150.0,-108.14,-0.0,19,2410.0,-108.14,-0.0,19,Match
2160.0,-108.14,-0.0,19,2420.0,-108.14,-0.0,19,Match
2170.0,-108.14,-0.0,19,2430.0,-108.14,-0.0,19,Match
2180.0,-108.14,-0.0,19,2440.0,-108.14,-0.0,19,Match
2190.0,-108.14,-0.0,19,2450.0,-108.14,-0.0,19,Match
2200.0,-108.14,-0.0,19,2460.0,-108.14,-0.0,19,Match
2210.0,-108.14,-0.0,19,2470.0,-108.14,-0.0,19,Match
2220.0,-108.14,-0.0,19,2480.0,-108.14,-0.0,19,Match
2230.0,-108.14,-0.0,19,2490.0,-108.14,-0.0,19,Match
2240.0,-108.14,-0.0,19,2500.0,-108.14,-0.0,19,Match
2250.0,-108.14,-0.0,19,2510.0,-108.14,-0.0,19,Match
2260.0,-108.14,-0.0,19,2520.0,-108.14,-0.0,19,Match
2270.0,-108.14,-0.0,19,2530.0,-108.14,-0.0,19,Match
2280.0,-108.14,-0.0,19,2540.0,-108.14,-0.0,19,Match
2290.0,-108.14,-0.0,19,2550.0,-108.14,-0.0,19,Match
2300.0,-108.14,-0.0,19,2560.0,-108.14,-0.0,19,Match
2310.0,-108.14,-0.0,19,2570.0,-108.14,-0.0,19,Match
2320.0,-108.14,-0.0,19,2580.0,-108.14,-0.0,19,Match
2330.0,-108.14,-0.0,19,2590.0,-108.14,-0.0,19,Match
2340.0,-108.14,-0.0,19,2600.0,-108.14,-0.0,19,Match
2350.0,-108.14,-0.0,19,2610.0,-108.14,-0.0,19,Match
2360.0,-108.14,-0.0,19,2620.0,-108.14,-0.0,19,Match
2370.0,-108.14,-0.0,19,2630.0,-108.14,-0.0,19,Match
2380.0,-108.14,-0.0,19,2640.0,-108.14,-0.0,19,Match
2390.0,-108.14,-0.0,19,2650.0,-108.14,-0.0,19,Match
2400.0,-108.14,-0.0,19,2660.0,-108.14,-0.0,19,Match
2410.0,-108.14,-0.0,19,2670.0,-108.14,-0.0,19,Match
2420.0,-108.14,-0.0,19,2680.0,-108.14,-0.0,19,Match
2430.0,-108.14,-0.0,19,2690.0,-108.14,-0.0,19,Match
2440.0,-108.14,-0.0,19,2700.0,-108.14,-0.0,19,Match
2450.0,-108.14,-0.0,19,2710.0,-108.14,-0.0,19,Match
2460.0,-108.14,-0.0,19,2720.0,-108.14,-0.0,19,Match
2470.0,-108.14,-0.0,19,2730.0,-108.14,-0.0,19,Match
2480.0,-108.14,-0.0,19,2740.0,-108.14,-0.0,19,Match
2490.0,-108.14,-0.0,19,2750.0,-108.14,-0.0,19,Match
2500.0,-108.14,-0.0,19,2760.0,-108.14,-0.0,19,Match
2510.0,-108.14,-0.0,19,2770.0,-108.14,-0.0,19,Match
2520.0,-108.14,-0.0,19,2780.0,-108.14,-0.0,19,Match
2530.0,-108.14,-0.0,19,2790.0,-108.14,-0.0,19,Match
2540.0,-108.14,-0.0,19,2800.0,-108.14,-0.0,19,Match
2550.0,-108.14,-0.0,19,2810.0,-108.14,-0.0,19,Match
2560.0,-108.14,-0.0,19,2820.0,-108.14,-0.0,19,Match
2570.0,-108.14,-0.0,19,2830.0,-108.14,-0.0,19,Match
2580.0,-108.14,-0.0,19,2840.0,-108.14,-0.0,19,Match
2590.0,-108.14,-0.0,19,2850.0,-108.14,-0.0,19,Match
2600.0,-108.14,-0.0,19,2860.0,-108.14,-0.0,19,Match
2610.0,-108.14,-0.0,19,2870.0,-108.14,-0.0,19,Match
2620.0,-108.14,-0.0,19,2880.0,-108.14,-0.0,19,Match
2630.0,-108.14,-0.0,19,2890.0,-108.14,-0.0,19,Match
2640.0,-108.14,-0.0,19,2900.0,-108.14,-0.0,19,Match
2650.0,-108.14,-0.0,19,2910.0,-108.14,-0.0,19,Match
2660.0,-108.14,-0.0,19,2920.0,-108.14,-0.0,19,Match
2670.0,-108.14,-0.0,19,2930.0,-108.14,-0.0,19,Match
2680.0,-108.14,-0.0,19,2940.0,-108.14,-0.0,19,Match
2690.0,-108.14,-0.0,19,2950.0,-108.14,-0.0,19,Match
2700.0,-108.14,-0.0,19,2960.0,-108.14,-0.0,19,Match
2710.0,-108.14,-0.0,19,2970.0,-108.14,-0.0,19,Match
2720.0,-108.14,-0.0,19,2980.0,-108.14,-0.0,19,Match
2730.0,-108.14,-0.0,19,2990.0,-108.14,-0.0,19,Match
2740.0,-108.14,-0.0,19,3000.0,-108.14,-0.0,19,Match
2750.0,-108.14,-0.0,19,3010.0,-108.14,-0.0,19,Match
2760.0,-108.14,-0.0,19,3020.0,-108.14,-0.0,19,Match
2770.0,-108.14,-0.0,19,3030.0,-108.14,-0.0,19,Match
2780.0,-108.14,-0.0,19,3040.0,-108.14,-0.0,19,Match
2790.0,-108.14,-0.0,19,3050.0,-108.14,-0.0,19,Match
2800.0,-108.14,-0.0,19,3060.0,-108.14,-0.0,19,Match
2810.0,-108.14,-0.0,19,3070.0,-108.14,-0.0,19,Match
2820.0,-108.14,-0.0,19,3080.0,-108.14,-0.0,19,Match
2830.0,-108.14,-0.0,19,3090.0,-108.14,-0.0,19,Match
2840.0,-108.14,-0.0,19,3100.0,-108.14,-0.0,19,Match
2850.0,-108.14,-0.0,19,3110.0,-108.14,-0.0,19,Match
2860.0,-108.14,-0.0,19,3120.0,-108.14,-0.0,19,Match
2870.0,-108.14,-0.0,19,3130.0,-108.14,-0.0,19,Match
2880.0,-108.14,-0.0,19,3140.0,-108.14,-0.0,19,Match
2890.0,-108.14,-0.0,19,3150.0,-108.14,-0.0,19,Match
2900.0,-108.14,-0.0,19,3160.0,-108.14,-0.0,19,Match
2910.0,-108.14,-0.0,19,3170.0,-108.14,-0.0,19,Match
2920.0,-108.14,-0.0,19,3180.0,-108.14,-0.0,19,Match
2930.0,-108.14,-0.0,19,3190.0,-108.14,-0.0,19,Match
2940.0,-108.14,-0.0,19,3200.0,-108.14,-0.0,19,Match
2950.0,-108.14,-0.0,19,3210.0,-108.14,-0.0,19,Match
2960.0,-108.14,-0.0,19,3220.0,-108.14,-0.0,19,Match
2970.0,-108.14,-0.0,19,3230.0,-108.14,-0.0,19,Match
2980.0,-108.14,-0.0,19,3240.0,-108.14,-0.0,19,Match
2990.0,-108.14,-0.0,19,3250.0,-108.14,-0.0,19,Match
3000.0,-108.14,-0.0,19,3260.0,-108.14,-0.0,19,Match
3010.0,-108.14,-0.0,19,3270.0,-108.14,-0.0,19,Match
3020.0,-108.14,-0.0,19,3280.0,-108.14,-0.0,19,Match
3030.0,-108.14,-0.0,19,3290.0,-108.14,-0.0,19,Match
3040.0,-108.14,-0.0,19,3300.0,-108.14,-0.0,19,Match
3050.0,-108.14,-0.0,19,3310.0,-108.14,-0.0,19,Match
3060.0,-108.14,-0.0,19,3320.0,-108.14,-0.0,19,Match
3070.0,-108.14,-0.0,19,3330.0,-108.14,-0.0,19,Match
3080.0,-108.14,-0.0,19,3340.0,-108.14,-0.0,19,Match
3090.0,-108.14,-0.0,19,3350.0,-108.14,-0.0,19,Match
3100.0,-108.14,-0.0,19,3360.0,-108.14,-0.0,19,Match
3110.0,-108.14,-0.0,19,3370.0,-108.14,-0.0,19,Match
3120.0,-108.14,-0.0,19,3380.0,-108.14,-0.0,19,Match
3130.0,-108.14,-0.0,19,3390.0,-108.14,-0.0,19,Match
3140.0,-108.14,-0.0,19,3400.0,-108.14,-0.0,19,Match
3150.0,-108.14,-0.0,19,3410.0,-108.14,-0.0,19,Match
3160.0,-108.14,-0.0,19,3420.0,-108.14,-0.0,19,Match
3170.0,-108.14,-0.0,19,3430.0,-108.14,-0.0,19,Match
3180.0,-108.14,-0.0,19,3440.0,-108.14,-0.0,19,Match
3190.0,-108.14,-0.0,19,3450.0,-108.14,-0.0,19,Match
3200.0,-108.14,-0.0,19,3460.0,-108.14,-0.0,19,Match
3210.0,-108.14,-0.0,19,3470.0,-108.14,-0.0,19,Match
3220.0,-108.14,-0.0,19,3480.0,-108.14,-0.0,19,Match
3230.0,-108.14,-0.0,19,3490.0,-108.14,-0.0,19,Match
3240.0,-108.14,-0.0,19,3500.0,-108.14,-0.0,19,Match
3250.0,-108.14,-0.0,19,3510.0,-108.14,-0.0,19,Match
3260.0,-108.14,-0.0,19,3520.0,-108.14,-0.0,19,Match
3270.0,-108.14,-0.0,19,3530.0,-108.14,-0.0,19,Match
3280.0,-108.14,-0.0,19,3540.0,-108.14,-0.0,19,Match
3290.0,-108.14,-0.0,19,3550.0,-108.14,-0.0,19,Match
3300.0,-108.14,-0.0,19,3560.0,-108.14,-0.0,19,Match
3310.0,-108.14,-0.0,19,3570.0,-108.14,-0.0,19,Match
3320.0,-108.14,-0.0,19,3580.0,-108.14,-0.0,19,Match
3330.0,-108.14,-0.0,19,3590.0,-108.14,-0.0,19,Match
3340.0,-108.14,-0.0,19,3600.0,-108.14,-0.0,19,Match
3350.0,-108.14,-0.0,19,3610.0,-108.14,-0.0,19,Match
3360.0,-108.14,-0.0,19,3620.0,-108.14,-0.0,19,Match
3370.0,-108.14,-0.0,19,3630.0,-108.14,-0.0,19,Match
3380.0,-108.14,-0.0,19,3640.0,-108.14,-0.0,19,Match
3390.0,-108.14,-0.0,19,3650.0,-108.14,-0.0,19,Match
3400.0,-108.14,-0.0,19,3660.0,-108.14,-0.0,19,Match
3410.0,-108.14,-0.0,19,3670.0,-108.14,-0.0,19,Match
3420.0,-108.14,-0.0,19,3680.0,-108.14,-0.0,19,Match
3430.0,-108.14,-0.0,19,3690.0,-108.14,-0.0,19,Match
3440.0,-108.14,-0.0,19,3700.0,-108.14,-0.0,19,Match
3450.0,-108.14,-0.0,19,3710.0,-108.14,-0.0,19,Match
3460.0,-108.14,-0.0,19,3720.0,-108.14,-0.0,19,Match
3470.0,-108.14,-0.0,19,3730.0,-108.14,-0.0,19,Match
3480.0,-108.14,-0.0,19,3740.0,-108.14,-0.0,19,Match
3490.0,-108.14,-0.0,19,3750.0,-108.14,-0.0,19,Match
3500.0,-108.14,-0.0,19,3760.0,-108.14,-0.0,19,Match
3510.0,-108.14,-0.0,19,3770.0,-108.14,-0.0,19,Match
3520.0,-108.14,-0.0,19,3780.0,-108.14,-0.0,19,Match
3530.0,-108.14,-0.0,19,3790.0,-108.14,-0.0,19,Match
3540.0,-108.14,-0.0,19,3800.0,-108.14,-0.0,19,Match
3550.0,-108.14,-0.0,19,3810.0,-108.14,-0.0,19,Match
3560.0,-108.14,-0.0,19,3820.0,-108.14,-0.0,19,Match
3570.0,-108.14,-0.0,19,3830.0,-108.14,-0.0,19,Match
3580.0,-108.14,-0.0,19,3840.0,-108.14,-0.0,19,Match
3590.0,-108.14,-0.0,19,3850.0,-108.14,-0.0,19,Match
3600.0,-108.14,-0.0,19,3860.0,-108.14,-0.0,19,Match
3610.0,-108.14,-0.0,19,3870.0,-108.14,-0.0,19,Match
3620.0,-108.14,-0.0,19,3880.0,-108.14,-0.0,19,Match
3630.0,-108.14,-0.0,19,3890.0,-108.14,-0.0,19,Match
3640.0,-108.14,-0.0,19,3900.0,-108.14,-0.0,19,Match
3650.0,-108.14,-0.0,19,3910.0,-108.14,-0.0,19,Match
3660.0,-108.14,-0.0,19,3920.0,-108.14,-0.0,19,Match
3670.0,-108.14,-0.0,19,3930.0,-108.14,-0.0,19,Match
3680.0,-108.14,-0.0,19,3940.0,-108.14,-0.0,19,Match
3690.0,-108.14,-0.0,19,3950.0,-108.14,-0.0,19,Match
3700.0,-108.14,-0.0,19,3960.0,-108.14,-0.0,19,Match
3710.0,-108.14,-0.0,19,3970.0,-108.14,-0.0,19,Match
3720.0,-108.14,-0.0,19,3980.0,-108.14,-0.0,19,Match
3730.0,-108.14,-0.0,19,3990.0,-108.14,-0.0,19,Match
3740.0,-108.14,-0.0,19,4000.0,-108.14,-0.0,19,Match
3750.0,-108.14,-0.0,19,4010.0,-108.14,-0.0,19,Match
3760.0,-108.14,-0.0,19,4020.0,-108.14,-0.0,19,Match
3770.0,-108.14,-0.0,19,4030.0,-108.14,-0.0,19,Match
3780.0,-108.14,-0.0,19,4040.0,-108.14,-0.0,19,Match
3790.0,-108.14,-0.0,19,4050.0,-108.14,-0.0,19,Match
3800.0,-108.14,-0.0,19,4060.0,-108.14,-0.0,19,Match
3810.0,-108.14,-0.0,19,4070.0,-108.14,-0.0,19,Match
3820.0,-108.14,-0.0,19,4080.0,-108.14,-0.0,19,Match
3830.0,-108.14,-0.0,19,4090.0,-108.14,-0.0,19,Match
3840.0,-108.14,-0.0,19,4100.0,-108.14,-0.0,19,Match
3850.0,-108.14,-0.0,19,4110.0,-108.14,-0.0,19,Match
3860.0,-108.14,-0.0,19,4120.0,-108.14,-0.0,19,Match
3870.0,-108.14,-0.0,19,4130.0,-108.14,-0.0,19,Match
3880.0,-108.14,-0.0,19,4140.0,-108.14,-0.0,19,Match
3890.0,-108.14,-0.0,19,4150.0,-108.14,-0.0,19,Match
3900.0,-108.14,-0.0,19,4160.0,-108.14,-0.0,19,Match
3910.0,-108.14,-0.0,19,4170.0,-108.14,-0.0,19,Match
3920.0,-108.14,-0.0,19,4180.0,-108.14,-0.0,19,Match
3930.0,-108.14,-0.0,19,4190.0,-108.14,-0.0,19,Match
3940.0,-108.14,-0.0,19,4200.0,-108.14,-0.0,19,Match
3950.0,-108.14,-0.0,19,4210.0,-110.92,-0.0,20,Match
3960.0,-108.14,-0.0,19,4220.0,-113.68,-0.0,21,Mismatch
3970.0,-108.14,-0.0,19,4230.0,-116.43,-0.0,22,Mismatch
3980.0,-108.14,-0.0,19,4240.0,-119.16,-0.0,23,Mismatch
3990.0,-108.14,-0.0,19,4250.0,-121.88,-0.0,25,Mismatch
4000.0,-108.14,-0.0,19,4260.0,-124.58,-0.0,26,Mismatch
4010.0,-116.58,-0.0,22,4270.0,-127.26,-0.0,27,Mismatch
4020.0,-124.89,-0.0,25,4280.0,-129.93,-0.0,29,Mismatch
4030.0,-133.05,-0.0,29,4290.0,-132.57,-0.0,30,Match
4040.0,-141.05,-0.0,34,4300.0,-135.2,-0.0,32,Mismatch
4050.0,-148.84,-0.0,39,4310.0,-143.4,-0.0,37,Mismatch
4060.0,-156.41,-0.0,44,4320.0,-151.38,-0.0,42,Mismatch
4070.0,-163.73,-0.0,50,4330.0,-159.11,-0.0,48,Mismatch
4080.0,-170.79,-0.0,56,4340.0,-166.55,-0.0,54,Mismatch
4090.0,-177.55,-0.0,63,4350.0,-173.7,-0.0,61,Mismatch
4100.0,-184.0,-0.0,70,4360.0,-180.51,-0.0,68,Mismatch
4110.0,-190.32,-0.0,78,4370.0,-186.98,-0.0,76,Mismatch
4120.0,-196.26,-0.0,86,4380.0,-193.07,-0.0,84,Mismatch
4130.0,-201.8,-0.0,94,4390.0,-198.76,-0.0,92,Mismatch
4140.0,-206.91,-0.0,103,4400.0,-204.04,-0.0,101,Match
-,-,-,-,4410.0,-208.71,-0.0,109,Insertion
4150.0,-211.57,-0.0,113,4420.0,-212.97,-0.0,118,Mismatch
4160.0,-215.77,-0.0,122,4430.0,-216.79,-0.0,128,Mismatch
4170.0,-219.5,-0.0,132,4440.0,-220.16,-0.0,137,Mismatch
4180.0,-222.72,-0.0,142,4450.0,-223.06,-0.0,147,Mismatch
4190.0,-225.44,-0.0,152,4460.0,-225.48,-0.0,157,Mismatch
4200.0,-227.64,-0.0,163,4470.0,-227.42,-0.0,167,Mismatch
4210.0,-229.26,-0.0,173,4480.0,-228.86,-0.0,177,Mismatch
4220.0,-230.37,-0.0,183,4490.0,-229.79,-0.0,187,Mismatch
4230.0,-230.98,-0.0,194,4500.0,-230.22,-0.0,198,Mismatch
4240.0,-231.07,-0.0,204,4510.0,-230.12,-0.0,208,Mismatch
4250.0,-230.64,-0.0,215,4520.0,-229.5,-0.0,219,Mismatch
4260.0,-229.69,-0.0,225,4530.0,-228.36,-0.0,229,Mismatch
4270.0,-228.21,-0.0,236,4540.0,-226.69,-0.0,240,Mismatch
4280.0,-226.2,-0.0,246,4550.0,-224.5,-0.0,250,Mismatch
4290.0,-223.67,-0.0,257,4560.0,-221.79,-0.0,261,Mismatch
4300.0,-220.62,-0.0,267,4570.0,-218.55,-0.0,271,Mismatch
4310.0,-216.78,-0.0,278,4580.0,-214.8,-0.0,282,Mismatch
4320.0,-212.38,-0.0,289,4590.0,-210.53,-0.0,292,Mismatch
4330.0,-207.45,-0.0,299,4600.0,-205.77,-0.0,302,Mismatch
4340.0,-201.98,-0.0,309,4610.0,-200.51,-0.0,311,Match
4350.0,-196.0,-0.0,319,4620.0,-194.76,-0.0,321,Match
4360.0,-189.5,-0.0,329,4630.0,-188.54,-0.0,330,Match
4370.0,-182.5,-0.0,338,4640.0,-181.86,-0.0,339,Match
4380.0,-175.03,-0.0,347,4650.0,-174.73,-0.0,348,Match
4390.0,-167.09,-0.0,356,4660.0,-167.16,-0.0,356,Match
4400.0,-158.7,-0.0,364,4670.0,-159.18,-0.0,364,Match
4410.0,-156.28,-0.0,367,-,-,-,-,Deletion
4420.0,-153.82,-0.0,369,-,-,-,-,Deletion
4430.0,-151.32,-0.0,371,-,-,-,-,Deletion
4440.0,-148.79,-0.0,374,-,-,-,-,Deletion
4450.0,-146.23,-0.0,376,-,-,-,-,Deletion
4460.0,-143.63,-0.0,378,-,-,-,-,Deletion
4470.0,-141.0,-0.0,380,-,-,-,-,Deletion
4480.0,-138.34,-0.0,382,-,-,-,-,Deletion
4490.0,-135.64,-0.0,384,-,-,-,-,Deletion
4500.0,-132.91,-0.0,386,-,-,-,-,Deletion
4510.0,-132.91,-0.0,386,-,-,-,-,Deletion
4520.0,-132.91,-0.0,386,-,-,-,-,Deletion
4530.0,-132.91,-0.0,386,-,-,-,-,Deletion
4540.0,-132.91,-0.0,386,-,-,-,-,Deletion
4550.0,-132.91,-0.0,386,-,-,-,-,Deletion
4560.0,-132.91,-0.0,386,-,-,-,-,Deletion
4570.0,-132.91,-0.0,386,-,-,-,-,Deletion
4580.0,-132.91,-0.0,386,-,-,-,-,Deletion
4590.0,-132.91,-0.0,386,-,-,-,-,Deletion
4600.0,-132.91,-0.0,386,-,-,-,-,Deletion
4610.0,-132.91,-0.0,386,-,-,-,-,Deletion
4620.0,-132.91,-0.0,386,-,-,-,-,Deletion
4630.0,-132.91,-0.0,386,-,-,-,-,Deletion
4640.0,-132.91,-0.0,386,-,-,-,-,Deletion
4650.0,-132.91,-0.0,386,-,-,-,-,Deletion
4660.0,-132.91,-0.0,386,-,-,-,-,Deletion
4670.0,-132.91,-0.0,386,-,-,-,-,Deletion
4680.0,-132.91,-0.0,386,-,-,-,-,Deletion
4690.0,-132.91,-0.0,386,-,-,-,-,Deletion
4700.0,-132.91,-0.0,386,-,-,-,-,Deletion
4710.0,-132.91,-0.0,386,-,-,-,-,Deletion
4720.0,-132.91,-0.0,386,-,-,-,-,Deletion
4730.0,-132.91,-0.0,386,-,-,-,-,Deletion
4740.0,-132.91,-0.0,386,-,-,-,-,Deletion
4750.0,-132.91,-0.0,386,-,-,-,-,Deletion
4760.0,-132.91,-0.0,386,-,-,-,-,Deletion
4770.0,-132.91,-0.0,386,-,-,-,-,Deletion
4780.0,-132.91,-0.0,386,-,-,-,-,Deletion
4790.0,-132.91,-0.0,386,-,-,-,-,Deletion
4800.0,-132.91,-0.0,386,-,-,-,-,Deletion
4810.0,-132.91,-0.0,386,-,-,-,-,Deletion
4820.0,-132.91,-0.0,386,-,-,-,-,Deletion
4830.0,-132.91,-0.0,386,-,-,-,-,Deletion
4840.0,-132.91,-0.0,386,-,-,-,-,Deletion
4850.0,-132.91,-0.0,386,-,-,-,-,Deletion
4860.0,-132.91,-0.0,386,-,-,-,-,Deletion
4870.0,-132.91,-0.0,386,-,-,-,-,Deletion
4880.0,-132.91,-0.0,386,-,-,-,-,Deletion
4890.0,-132.91,-0.0,386,-,-,-,-,Deletion
4900.0,-132.91,-0.0,386,-,-,-,-,Deletion
4910.0,-132.91,-0.0,386,-,-,-,-,Deletion
4920.0,-132.91,-0.0,386,-,-,-,-,Deletion
4930.0,-132.91,-0.0,386,-,-,-,-,Deletion
4940.0,-132.91,-0.0,386,-,-,-,-,Deletion
4950.0,-132.91,-0.0,386,-,-,-,-,Deletion
4960.0,-132.91,-0.0,386,-,-,-,-,Deletion
4970.0,-132.91,-0.0,386,-,-,-,-,Deletion
4980.0,-132.91,-0.0,386,-,-,-,-,Deletion
4990.0,-132.91,-0.0,386,-,-,-,-,Deletion
5000.0,-132.91,-0.0,386,-,-,-,-,Deletion
5010.0,-132.91,-0.0,386,-,-,-,-,Deletion
5020.0,-132.91,-0.0,386,-,-,-,-,Deletion
5030.0,-132.91,-0.0,386,-,-,-,-,Deletion
5040.0,-132.91,-0.0,386,-,-,-,-,Deletion
5050.0,-132.91,-0.0,386,-,-,-,-,Deletion
5060.0,-132.91,-0.0,386,-,-,-,-,Deletion
5070.0,-132.91,-0.0,386,-,-,-,-,Deletion
5080.0,-132.91,-0.0,386,-,-,-,-,Deletion
5090.0,-132.91,-0.0,386,-,-,-,-,Deletion
5100.0,-132.91,-0.0,386,-,-,-,-,Deletion
5110.0,-132.91,-0.0,386,-,-,-,-,Deletion
5120.0,-132.91,-0.0,386,-,-,-,-,Deletion
5130.0,-132.91,-0.0,386,-,-,-,-,Deletion
5140.0,-132.91,-0.0,386,-,-,-,-,Deletion
5150.0,-132.91,-0.0,386,-,-,-,-,Deletion
5160.0,-132.91,-0.0,386,-,-,-,-,Deletion
5170.0,-132.91,-0.0,386,-,-,-,-,Deletion
5180.0,-132.91,-0.0,386,-,-,-,-,Deletion
5190.0,-132.91,-0.0,386,-,-,-,-,Deletion
5200.0,-132.91,-0.0,386,-,-,-,-,Deletion
5210.0,-132.91,-0.0,386,-,-,-,-,Deletion
5220.0,-132.91,-0.0,386,-,-,-,-,Deletion
5230.0,-132.91,-0.0,386,-,-,-,-,Deletion
5240.0,-132.91,-0.0,386,-,-,-,-,Deletion
5250.0,-132.91,-0.0,386,-,-,-,-,Deletion
5260.0,-132.91,-0.0,386,-,-,-,-,Deletion
5270.0,-132.91,-0.0,386,-,-,-,-,Deletion
5280.0,-132.91,-0.0,386,-,-,-,-,Deletion
5290.0,-132.91,-0.0,386,-,-,-,-,Deletion
5300.0,-132.91,-0.0,386,-,-,-,-,Deletion
5310.0,-132.91,-0.0,386,-,-,-,-,Deletion
5320.0,-132.91,-0.0,386,-,-,-,-,Deletion
5330.0,-132.91,-0.0,386,-,-,-,-,Deletion
5340.0,-132.91,-0.0,386,-,-,-,-,Deletion
5350.0,-132.91,-0.0,386,-,-,-,-,Deletion
5360.0,-132.91,-0.0,386,4680.0,-150.8,-0.0,372,Mismatch
5370.0,-132.91,-0.0,386,4690.0,-142.04,-0.0,380,Mismatch
5380.0,-132.91,-0.0,386,4700.0,-132.91,-0.0,386,Match
5390.0,-132.91,-0.0,386,4710.0,-132.91,-0.0,386,Match
5400.0,-132.91,-0.0,386,4720.0,-132.91,-0.0,386,Match
5410.0,-132.91,-0.0,386,4730.0,-132.91,-0.0,386,Match
5420.0,-132.91,-0.0,386,4740.0,-132.91,-0.0,386,Match
5430.0,-132.91,-0.0,386,4750.0,-132.91,-0.0,386,Match
5440.0,-132.91,-0.0,386,4760.0,-132.91,-0.0,386,Match
5450.0,-132.91,-0.0,386,4770.0,-132.91,-0.0,386,Match
5460.0,-132.91,-0.0,386,4780.0,-132.91,-0.0,386,Match
5470.0,-132.91,-0.0,386,4790.0,-132.91,-0.0,386,Match
5480.0,-132.91,-0.0,386,4800.0,-132.91,-0.0,386,Match
5490.0,-132.91,-0.0,386,4810.0,-132.91,-0.0,386,Match
5500.0,-132.91,-0.0,386,4820.0,-132.91,-0.0,386,Match
5510.0,-132.91,-0.0,386,4830.0,-132.91,-0.0,386,Match
5520.0,-132.91,-0.0,386,4840.0,-132.91,-0.0,386,Match
5530.0,-132.91,-0.0,386,4850.0,-132.91,-0.0,386,Match
5540.0,-132.91,-0.0,386,4860.0,-132.91,-0.0,386,Match
5550.0,-132.91,-0.0,386,4870.0,-132.91,-0.0,386,Match
5560.0,-132.91,-0.0,386,4880.0,-132.91,-0.0,386,Match
5570.0,-132.91,-0.0,386,4890.0,-132.91,-0.0,386,Match
5580.0,-132.91,-0.0,386,4900.0,-132.91,-0.0,386,Match
5590.0,-132.91,-0.0,386,4910.0,-132.91,-0.0,386,Match
5600.0,-132.91,-0.0,386,4920.0,-132.91,-0.0,386,Match
5610.0,-132.91,-0.0,386,4930.0,-132.91,-0.0,386,Match
5620.0,-132.91,-0.0,386,4940.0,-132.91,-0.0,386,Match
5630.0,-132.91,-0.0,386,4950.0,-132.91,-0.0,386,Match
5640.0,-132.91,-0.0,386,4960.0,-132.91,-0.0,386,Match
5650.0,-132.91,-0.0,386,4970.0,-132.91,-0.0,386,Match
5660.0,-132.91,-0.0,386,4980.0,-132.91,-0.0,386,Match
5670.0,-132.91,-0.0,386,4990.0,-132.91,-0.0,386,Match
5680.0,-132.91,-0.0,386,5000.0,-132.91,-0.0,386,Match
5690.0,-132.91,-0.0,386,5010.0,-132.91,-0.0,386,Match
5700.0,-132.91,-0.0,386,5020.0,-132.91,-0.0,386,Match
5710.0,-132.91,-0.0,386,5030.0,-132.91,-0.0,386,Match
5720.0,-132.91,-0.0,386,5040.0,-132.91,-0.0,386,Match
5730.0,-132.91,-0.0,386,5050.0,-132.91,-0.0,386,Match
5740.0,-132.91,-0.0,386,5060.0,-132.91,-0.0,386,Match
5750.0,-132.91,-0.0,386,5070.0,-132.91,-0.0,386,Match
5760.0,-132.91,-0.0,386,5080.0,-132.91,-0.0,386,Match
5770.0,-132.91,-0.0,386,5090.0,-132.91,-0.0,386,Match
5780.0,-132.91,-0.0,386,5100.0,-132.91,-0.0,386,Match
5790.0,-132.91,-0.0,386,5110.0,-132.91,-0.0,386,Match
5800.0,-132.91,-0.0,386,5120.0,-132.91,-0.0,386,Match
5810.0,-132.91,-0.0,386,5130.0,-132.91,-0.0,386,Match
5820.0,-132.91,-0.0,386,5140.0,-132.91,-0.0,386,Match
5830.0,-132.91,-0.0,386,5150.0,-132.91,-0.0,386,Match
5840.0,-132.91,-0.0,386,5160.0,-132.91,-0.0,386,Match
5850.0,-132.91,-0.0,386,5170.0,-132.91,-0.0,386,Match
5860.0,-132.91,-0.0,386,5180.0,-132.91,-0.0,386,Match
5870.0,-132.91,-0.0,386,5190.0,-132.91,-0.0,386,Match
5880.0,-132.91,-0.0,386,5200.0,-132.91,-0.0,386,Match
5890.0,-132.91,-0.0,386,5210.0,-132.91,-0.0,386,Match
5900.0,-132.91,-0.0,386,5220.0,-132.91,-0.0,386,Match
5910.0,-132.91,-0.0,386,5230.0,-132.91,-0.0,386,Match
5920.0,-132.91,-0.0,386,5240.0,-132.91,-0.0,386,Match
5930.0,-132.91,-0.0,386,5250.0,-132.91,-0.0,386,Match
5940.0,-132.91,-0.0,386,5260.0,-132.91,-0.0,386,Match
5950.0,-132.91,-0.0,386,5270.0,-132.91,-0.0,386,Match
5960.0,-132.91,-0.0,386,5280.0,-132.91,-0.0,386,Match
5970.0,-132.91,-0.0,386,5290.0,-132.91,-0.0,386,Match
5980.0,-132.91,-0.0,386,5300.0,-132.91,-0.0,386,Match
5990.0,-132.91,-0.0,386,5310.0,-132.91,-0.0,386,Match
6000.0,-132.91,-0.0,386,5320.0,-132.91,-0.0,386,Match
6010.0,-132.91,-0.0,386,5330.0,-132.91,-0.0,386,Match
6020.0,-132.91,-0.0,386,5340.0,-132.91,-0.0,386,Match
6030.0,-132.91,-0.0,386,5350.0,-132.91,-0.0,386,Match
6040.0,-132.91,-0.0,386,5360.0,-132.91,-0.0,386,Match
6050.0,-132.91,-0.0,386,5370.0,-132.91,-0.0,386,Match
6060.0,-132.91,-0.0,386,5380.0,-132.91,-0.0,386,Match
6070.0,-132.91,-0.0,386,5390.0,-132.91,-0.0,386,Match
6080.0,-132.91,-0.0,386,5400.0,-132.91,-0.0,386,Match
6090.0,-132.91,-0.0,386,5410.0,-132.91,-0.0,386,Match
6100.0,-132.91,-0.0,386,5420.0,-132.91,-0.0,386,Match
6110.0,-132.91,-0.0,386,5430.0,-132.91,-0.0,386,Match
6120.0,-132.91,-0.0,386,5440.0,-132.91,-0.0,386,Match
6130.0,-132.91,-0.0,386,5450.0,-132.91,-0.0,386,Match
6140.0,-132.91,-0.0,386,5460.0,-132.91,-0.0,386,Match
6150.0,-132.91,-0.0,386,5470.0,-132.91,-0.0,386,Match
6160.0,-132.91,-0.0,386,5480.0,-132.91,-0.0,386,Match
6170.0,-132.91,-0.0,386,5490.0,-132.91,-0.0,386,Match
6180.0,-132.91,-0.0,386,5500.0,-132.91,-0.0,386,Match
6190.0,-132.91,-0.0,386,5510.0,-132.91,-0.0,386,Match
6200.0,-132.91,-0.0,386,5520.0,-132.91,-0.0,386,Match
6210.0,-132.91,-0.0,386,5530.0,-132.91,-0.0,386,Match
6220.0,-132.91,-0.0,386,5540.0,-132.91,-0.0,386,Match
6230.0,-132.91,-0.0,386,5550.0,-132.91,-0.0,386,Match
6240.0,-132.91,-0.0,386,5560.0,-132.91,-0.0,386,Match
6250.0,-132.91,-0.0,386,5570.0,-132.91,-0.0,386,Match
6260.0,-132.91,-0.0,386,5580.0,-132.91,-0.0,386,Match
6270.0,-132.91,-0.0,386,5590.0,-132.91,-0.0,386,Match
6280.0,-132.91,-0.0,386,5600.0,-132.91,-0.0,386,Match
6290.0,-132.91,-0.0,386,5610.0,-132.91,-0.0,386,Match
6300.0,-132.91,-0.0,386,5620.0,-132.91,-0.0,386,Match
6310.0,-132.91,-0.0,386,5630.0,-132.91,-0.0,386,Match
6320.0,-132.91,-0.0,386,5640.0,-132.91,-0.0,386,Match
6330.0,-132.91,-0.0,386,5650.0,-132.91,-0.0,386,Match
6340.0,-132.91,-0.0,386,5660.0,-132.91,-0.0,386,Match
6350.0,-132.91,-0.0,386,5670.0,-132.91,-0.0,386,Match
6360.0,-132.91,-0.0,386,5680.0,-132.91,-0.0,386,Match
6370.0,-132.91,-0.0,386,5690.0,-132.91,-0.0,386,Match
6380.0,-132.91,-0.0,386,5700.0,-132.91,-0.0,386,Match
6390.0,-132.91,-0.0,386,5710.0,-132.91,-0.0,386,Match
6400.0,-132.91,-0.0,386,5720.0,-132.91,-0.0,386,Match
6410.0,-132.91,-0.0,386,5730.0,-132.91,-0.0,386,Match
6420.0,-132.91,-0.0,386,5740.0,-132.91,-0.0,386,Match
6430.0,-132.91,-0.0,386,5750.0,-132.91,-0.0,386,Match
6440.0,-132.91,-0.0,386,5760.0,-132.91,-0.0,386,Match
6450.0,-132.91,-0.0,386,5770.0,-132.91,-0.0,386,Match
6460.0,-132.91,-0.0,386,5780.0,-132.91,-0.0,386,Match
6470.0,-132.91,-0.0,386,5790.0,-132.91,-0.0,386,Match
6480.0,-132.91,-0.0,386,5800.0,-132.91,-0.0,386,Match
6490.0,-132.91,-0.0,386,5810.0,-132.91,-0.0,386,Match
6500.0,-132.91,-0.0,386,5820.0,-132.91,-0.0,386,Match
6510.0,-132.91,-0.0,386,5830.0,-132.91,-0.0,386,Match
6520.0,-132.91,-0.0,386,5840.0,-132.91,-0.0,386,Match
6530.0,-132.91,-0.0,386,5850.0,-132.91,-0.0,386,Match
6540.0,-132.91,-0.0,386,5860.0,-132.91,-0.0,386,Match
6550.0,-132.91,-0.0,386,5870.0,-132.91,-0.0,386,Match
6560.0,-132.91,-0.0,386,5880.0,-132.91,-0.0,386,Match
6570.0,-132.91,-0.0,386,5890.0,-132.91,-0.0,386,Match
6580.0,-132.91,-0.0,386,5900.0,-132.91,-0.0,386,Match
6590.0,-132.91,-0.0,386,5910.0,-132.91,-0.0,386,Match
6600.0,-132.91,-0.0,386,5920.0,-132.91,-0.0,386,Match
6610.0,-132.91,-0.0,386,5930.0,-132.91,-0.0,386,Match
6620.0,-132.91,-0.0,386,5940.0,-132.91,-0.0,386,Match
6630.0,-132.91,-0.0,386,5950.0,-132.91,-0.0,386,Match
6640.0,-132.91,-0.0,386,5960.0,-132.91,-0.0,386,Match
6650.0,-132.91,-0.0,386,5970.0,-132.91,-0.0,386,Match
6660.0,-132.91,-0.0,386,5980.0,-132.91,-0.0,386,Match
6670.0,-132.91,-0.0,386,5990.0,-132.91,-0.0,386,Match
6680.0,-132.91,-0.0,386,6000.0,-132.91,-0.0,386,Match
6690.0,-132.91,-0.0,386,6010.0,-132.91,-0.0,386,Match
6700.0,-132.91,-0.0,386,6020.0,-132.91,-0.0,386,Match
6710.0,-132.91,-0.0,386,6030.0,-132.91,-0.0,386,Match
6720.0,-132.91,-0.0,386,6040.0,-132.91,-0.0,386,Match
6730.0,-132.91,-0.0,386,6050.0,-132.91,-0.0,386,Match
6740.0,-132.91,-0.0,386,6060.0,-132.91,-0.0,386,Match
6750.0,-132.91,-0.0,386,6070.0,-132.91,-0.0,386,Match
6760.0,-132.91,-0.0,386,6080.0,-132.91,-0.0,386,Match
6770.0,-132.91,-0.0,386,6090.0,-132.91,-0.0,386,Match
6780.0,-132.91,-0.0,386,6100.0,-132.91,-0.0,386,Match
6790.0,-132.91,-0.0,386,6110.0,-132.91,-0.0,386,Match
6800.0,-132.91,-0.0,386,6120.0,-132.91,-0.0,386,Match
6810.0,-132.91,-0.0,386,6130.0,-132.91,-0.0,386,Match
6820.0,-132.91,-0.0,386,6140.0,-132.91,-0.0,386,Match
6830.0,-132.91,-0.0,386,6150.0,-132.91,-0.0,386,Match
6840.0,-132.91,-0.0,386,6160.0,-132.91,-0.0,386,Match
6850.0,-132.91,-0.0,386,6170.0,-132.91,-0.0,386,Match
6860.0,-132.91,-0.0,386,6180.0,-132.91,-0.0,386,Match
6870.0,-132.91,-0.0,386,6190.0,-132.91,-0.0,386,Match
6880.0,-132.91,-0.0,386,6200.0,-132.91,-0.0,386,Match
6890.0,-132.91,-0.0,386,6210.0,-132.91,-0.0,386,Match
6900.0,-132.91,-0.0,386,6220.0,-132.91,-0.0,386,Match
6910.0,-132.91,-0.0,386,6230.0,-132.91,-0.0,386,Match
6920.0,-132.91,-0.0,386,6240.0,-132.91,-0.0,386,Match
6930.0,-132.91,-0.0,386,6250.0,-132.91,-0.0,386,Match
6940.0,-132.91,-0.0,386,6260.0,-132.91,-0.0,386,Match
6950.0,-132.91,-0.0,386,6270.0,-132.91,-0.0,386,Match
6960.0,-132.91,-0.0,386,6280.0,-132.91,-0.0,386,Match
6970.0,-132.91,-0.0,386,6290.0,-132.91,-0.0,386,Match
6980.0,-132.91,-0.0,386,6300.0,-132.91,-0.0,386,Match
6990.0,-132.91,-0.0,386,6310.0,-132.91,-0.0,386,Match
7000.0,-132.91,-0.0,386,6320.0,-132.91,-0.0,386,Match
7010.0,-132.91,-0.0,386,6330.0,-132.91,-0.0,386,Match
7020.0,-132.91,-0.0,386,6340.0,-132.91,-0.0,386,Match
7030.0,-132.91,-0.0,386,6350.0,-132.91,-0.0,386,Match
7040.0,-132.91,-0.0,386,6360.0,-132.91,-0.0,386,Match
7050.0,-132.91,-0.0,386,6370.0,-132.91,-0.0,386,Match
7060.0,-132.91,-0.0,386,6380.0,-132.91,-0.0,386,Match
7070.0,-132.91,-0.0,386,6390.0,-132.91,-0.0,386,Match
7080.0,-132.91,-0.0,386,6400.0,-132.91,-0.0,386,Match
7090.0,-132.91,-0.0,386,6410.0,-132.91,-0.0,386,Match
7100.0,-132.91,-0.0,386,6420.0,-132.91,-0.0,386,Match
7110.0,-132.91,-0.0,386,6430.0,-132.91,-0.0,386,Match
7120.0,-132.91,-0.0,386,6440.0,-132.91,-0.0,386,Match
7130.0,-132.91,-0.0,386,6450.0,-132.91,-0.0,386,Match
7140.0,-132.91,-0.0,386,6460.0,-132.91,-0.0,386,Match
7150.0,-132.91,-0.0,386,6470.0,-132.91,-0.0,386,Match
7160.0,-132.91,-0.0,386,6480.0,-132.91,-0.0,386,Match
7170.0,-132.91,-0.0,386,6490.0,-132.91,-0.0,386,Match
7180.0,-132.91,-0.0,386,6500.0,-132.91,-0.0,386,Match
7190.0,-132.91,-0.0,386,6510.0,-132.91,-0.0,386,Match
7200.0,-132.91,-0.0,386,6520.0,-132.91,-0.0,386,Match
7210.0,-132.91,-0.0,386,6530.0,-132.91,-0.0,386,Match
7220.0,-132.91,-0.0,386,6540.0,-132.91,-0.0,386,Match
7230.0,-132.91,-0.0,386,6550.0,-132.91,-0.0,386,Match
7240.0,-132.91,-0.0,386,6560.0,-132.91,-0.0,386,Match
7250.0,-132.91,-0.0,386,6570.0,-132.91,-0.0,386,Match
7260.0,-132.91,-0.0,386,6580.0,-132.91,-0.0,386,Match
7270.0,-132.91,-0.0,386,6590.0,-132.91,-0.0,386,Match
7280.0,-132.91,-0.0,386,6600.0,-132.91,-0.0,386,Match
7290.0,-132.91,-0.0,386,6610.0,-132.91,-0.0,386,Match
7300.0,-132.91,-0.0,386,6620.0,-132.91,-0.0,386,Match
7310.0,-132.91,-0.0,386,6630.0,-132.91,-0.0,386,Match
7320.0,-132.91,-0.0,386,6640.0,-132.91,-0.0,386,Match
7330.0,-132.91,-0.0,386,6650.0,-132.91,-0.0,386,Match
7340.0,-132.91,-0.0,386,6660.0,-132.91,-0.0,386,Match
7350.0,-132.91,-0.0,386,6670.0,-132.91,-0.0,386,Match
7360.0,-132.91,-0.0,386,6680.0,-132.91,-0.0,386,Match
7370.0,-132.91,-0.0,386,6690.0,-132.91,-0.0,386,Match
7380.0,-132.91,-0.0,386,6700.0,-132.91,-0.0,386,Match
7390.0,-132.91,-0.0,386,6710.0,-132.91,-0.0,386,Match
7400.0,-132.91,-0.0,386,6720.0,-132.91,-0.0,386,Match
7410.0,-132.91,-0.0,386,6730.0,-132.91,-0.0,386,Match
7420.0,-132.91,-0.0,386,6740.0,-132.91,-0.0,386,Match
7430.0,-132.91,-0.0,386,6750.0,-132.91,-0.0,386,Match
7440.0,-132.91,-0.0,386,6760.0,-132.91,-0.0,386,Match
7450.0,-132.91,-0.0,386,6770.0,-132.91,-0.0,386,Match
7460.0,-132.91,-0.0,386,6780.0,-132.91,-0.0,386,Match
7470.0,-132.91,-0.0,386,6790.0,-132.91,-0.0,386,Match
7480.0,-132.91,-0.0,386,6800.0,-132.91,-0.0,386,Match
7490.0,-132.91,-0.0,386,6810.0,-132.91,-0.0,386,Match
7500.0,-132.91,-0.0,386,6820.0,-132.91,-0.0,386,Match
7510.0,-132.91,-0.0,386,6830.0,-132.91,-0.0,386,Match
7520.0,-132.91,-0.0,386,6840.0,-132.91,-0.0,386,Match
7530.0,-132.91,-0.0,386,6850.0,-132.91,-0.0,386,Match
7540.0,-132.91,-0.0,386,6860.0,-132.91,-0.0,386,Match
7550.0,-132.91,-0.0,386,6870.0,-132.91,-0.0,386,Match
7560.0,-132.91,-0.0,386,6880.0,-132.91,-0.0,386,Match
7570.0,-132.91,-0.0,386,6890.0,-132.91,-0.0,386,Match
7580.0,-132.91,-0.0,386,6900.0,-132.91,-0.0,386,Match
7590.0,-132.91,-0.0,386,6910.0,-132.91,-0.0,386,Match
7600.0,-132.91,-0.0,386,6920.0,-132.91,-0.0,386,Match
7610.0,-132.91,-0.0,386,6930.0,-132.91,-0.0,386,Match
7620.0,-132.91,-0.0,386,6940.0,-132.91,-0.0,386,Match
7630.0,-132.91,-0.0,386,6950.0,-132.91,-0.0,386,Match
7640.0,-132.91,-0.0,386,6960.0,-132.91,-0.0,386,Match
7650.0,-132.91,-0.0,386,6970.0,-132.91,-0.0,386,Match
7660.0,-132.91,-0.0,386,6980.0,-132.91,-0.0,386,Match
7670.0,-132.91,-0.0,386,6990.0,-132.91,-0.0,386,Match
7680.0,-132.91,-0.0,386,7000.0,-132.91,-0.0,386,Match
7690.0,-132.91,-0.0,386,7010.0,-132.91,-0.0,386,Match
7700.0,-132.91,-0.0,386,7020.0,-132.91,-0.0,386,Match
7710.0,-132.91,-0.0,386,7030.0,-132.91,-0.0,386,Match
7720.0,-132.91,-0.0,386,7040.0,-132.91,-0.0,386,Match
7730.0,-132.91,-0.0,386,7050.0,-132.91,-0.0,386,Match
7740.0,-132.91,-0.0,386,7060.0,-132.91,-0.0,386,Match
7750.0,-132.91,-0.0,386,7070.0,-132.91,-0.0,386,Match
7760.0,-132.91,-0.0,386,7080.0,-132.91,-0.0,386,Match
7770.0,-132.91,-0.0,386,7090.0,-132.91,-0.0,386,Match
7780.0,-132.91,-0.0,386,7100.0,-132.91,-0.0,386,Match
7790.0,-132.91,-0.0,386,7110.0,-132.91,-0.0,386,Match
7800.0,-132.91,-0.0,386,7120.0,-132.91,-0.0,386,Match
7810.0,-132.91,-0.0,386,7130.0,-132.91,-0.0,386,Match
7820.0,-132.91,-0.0,386,7140.0,-132.91,-0.0,386,Match
7830.0,-132.91,-0.0,386,7150.0,-132.91,-0.0,386,Match
7840.0,-132.91,-0.0,386,7160.0,-132.91,-0.0,386,Match
7850.0,-132.91,-0.0,386,7170.0,-132.91,-0.0,386,Match
7860.0,-132.91,-0.0,386,7180.0,-132.91,-0.0,386,Match
7870.0,-132.91,-0.0,386,7190.0,-132.91,-0.0,386,Match
7880.0,-132.91,-0.0,386,7200.0,-132.91,-0.0,386,Match
7890.0,-132.91,-0.0,386,7210.0,-132.91,-0.0,386,Match
7900.0,-132.91,-0.0,386,7220.0,-132.91,-0.0,386,Match
7910.0,-132.91,-0.0,386,7230.0,-132.91,-0.0,386,Match
7920.0,-132.91,-0.0,386,7240.0,-132.91,-0.0,386,Match
7930.0,-132.91,-0.0,386,7250.0,-132.91,-0.0,386,Match
7940.0,-132.91,-0.0,386,7260.0,-132.91,-0.0,386,Match
7950.0,-132.91,-0.0,386,7270.0,-132.91,-0.0,386,Match
7960.0,-132.91,-0.0,386,7280.0,-132.91,-0.0,386,Match
7970.0,-132.91,-0.0,386,7290.0,-132.91,-0.0,386,Match
7980.0,-132.91,-0.0,386,7300.0,-132.91,-0.0,386,Match
7990.0,-132.91,-0.0,386,7310.0,-132.91,-0.0,386,Match
8000.0,-132.91,-0.0,386,7320.0,-132.91,-0.0,386,Match
8010.0,-132.91,-0.0,386,7330.0,-132.91,-0.0,386,Match
8020.0,-132.91,-0.0,386,7340.0,-132.91,-0.0,386,Match
8030.0,-132.91,-0.0,386,7350.0,-132.91,-0.0,386,Match
8040.0,-132.91,-0.0,386,7360.0,-132.91,-0.0,386,Match
8050.0,-132.91,-0.0,386,7370.0,-132.91,-0.0,386,Match
8060.0,-132.91,-0.0,386,7380.0,-132.91,-0.0,386,Match
8070.0,-132.91,-0.0,386,7390.0,-132.91,-0.0,386,Match
8080.0,-132.91,-0.0,386,7400.0,-132.91,-0.0,386,Match
8090.0,-132.91,-0.0,386,7410.0,-132.91,-0.0,386,Match
8100.0,-132.91,-0.0,386,7420.0,-132.91,-0.0,386,Match
8110.0,-132.91,-0.0,386,7430.0,-132.91,-0.0,386,Match
8120.0,-132.91,-0.0,386,7440.0,-132.91,-0.0,386,Match
8130.0,-132.91,-0.0,386,7450.0,-132.91,-0.0,386,Match
8140.0,-132.91,-0.0,386,7460.0,-132.91,-0.0,386,Match
8150.0,-132.91,-0.0,386,7470.0,-132.91,-0.0,386,Match
8160.0,-132.91,-0.0,386,7480.0,-132.91,-0.0,386,Match
8170.0,-132.91,-0.0,386,7490.0,-132.91,-0.0,386,Match
8180.0,-132.91,-0.0,386,7500.0,-132.91,-0.0,386,Match
8190.0,-132.91,-0.0,386,7510.0,-132.91,-0.0,386,Match
8200.0,-132.91,-0.0,386,7520.0,-132.91,-0.0,386,Match
8210.0,-132.91,-0.0,386,7530.0,-132.91,-0.0,386,Match
8220.0,-132.91,-0.0,386,7540.0,-132.91,-0.0,386,Match
8230.0,-132.91,-0.0,386,7550.0,-132.91,-0.0,386,Match
8240.0,-132.91,-0.0,386,7560.0,-132.91,-0.0,386,Match
8250.0,-132.91,-0.0,386,7570.0,-132.91,-0.0,386,Match
8260.0,-132.91,-0.0,386,7580.0,-132.91,-0.0,386,Match
8270.0,-132.91,-0.0,386,7590.0,-132.91,-0.0,386,Match
8280.0,-132.91,-0.0,386,7600.0,-132.91,-0.0,386,Match
8290.0,-132.91,-0.0,386,7610.0,-132.91,-0.0,386,Match
8300.0,-132.91,-0.0,386,7620.0,-132.91,-0.0,386,Match
8310.0,-132.91,-0.0,386,7630.0,-132.91,-0.0,386,Match
8320.0,-132.91,-0.0,386,7640.0,-132.91,-0.0,386,Match
8330.0,-132.91,-0.0,386,7650.0,-132.91,-0.0,386,Match
8340.0,-132.91,-0.0,386,7660.0,-132.91,-0.0,386,Match
8350.0,-132.91,-0.0,386,7670.0,-132.91,-0.0,386,Match
8360.0,-132.91,-0.0,386,7680.0,-132.91,-0.0,386,Match
8370.0,-132.91,-0.0,386,7690.0,-132.91,-0.0,386,Match
8380.0,-132.91,-0.0,386,7700.0,-132.91,-0.0,386,Match
8390.0,-132.91,-0.0,386,7710.0,-132.91,-0.0,386,Match
8400.0,-132.91,-0.0,386,7720.0,-132.91,-0.0,386,Match
8410.0,-132.91,-0.0,386,7730.0,-132.91,-0.0,386,Match
8420.0,-132.91,-0.0,386,7740.0,-132.91,-0.0,386,Match
8430.0,-132.91,-0.0,386,7750.0,-132.91,-0.0,386,Match
8440.0,-132.91,-0.0,386,7760.0,-132.91,-0.0,386,Match
8450.0,-132.91,-0.0,386,7770.0,-132.91,-0.0,386,Match
8460.0,-132.91,-0.0,386,7780.0,-132.91,-0.0,386,Match
8470.0,-132.91,-0.0,386,7790.0,-132.91,-0.0,386,Match
8480.0,-132.91,-0.0,386,7800.0,-132.91,-0.0,386,Match
8490.0,-132.91,-0.0,386,7810.0,-132.91,-0.0,386,Match
8500.0,-132.91,-0.0,386,7820.0,-132.91,-0.0,386,Match
8510.0,-132.91,-0.0,386,7830.0,-132.91,-0.0,386,Match
8520.0,-132.91,-0.0,386,7840.0,-132.91,-0.0,386,Match
8530.0,-132.91,-0.0,386,7850.0,-132.91,-0.0,386,Match
8540.0,-132.91,-0.0,386,7860.0,-132.91,-0.0,386,Match
8550.0,-132.91,-0.0,386,7870.0,-132.91,-0.0,386,Match
8560.0,-132.91,-0.0,386,7880.0,-132.91,-0.0,386,Match
8570.0,-132.91,-0.0,386,7890.0,-132.91,-0.0,386,Match
8580.0,-132.91,-0.0,386,7900.0,-132.91,-0.0,386,Match
8590.0,-132.91,-0.0,386,7910.0,-132.91,-0.0,386,Match
8600.0,-132.91,-0.0,386,7920.0,-132.91,-0.0,386,Match
8610.0,-132.91,-0.0,386,7930.0,-132.91,-0.0,386,Match
8620.0,-132.91,-0.0,386,7940.0,-132.91,-0.0,386,Match
8630.0,-132.91,-0.0,386,7950.0,-132.91,-0.0,386,Match
8640.0,-132.91,-0.0,386,7960.0,-132.91,-0.0,386,Match
8650.0,-132.91,-0.0,386,7970.0,-132.91,-0.0,386,Match
8660.0,-132.91,-0.0,386,7980.0,-132.91,-0.0,386,Match
8670.0,-132.91,-0.0,386,7990.0,-132.91,-0.0,386,Match
8680.0,-132.91,-0.0,386,8000.0,-132.91,-0.0,386,Match
8690.0,-132.91,-0.0,386,8010.0,-132.91,-0.0,386,Match
8700.0,-132.91,-0.0,386,8020.0,-132.91,-0.0,386,Match
8710.0,-132.91,-0.0,386,8030.0,-132.91,-0.0,386,Match
8720.0,-132.91,-0.0,386,8040.0,-132.91,-0.0,386,Match
8730.0,-132.91,-0.0,386,8050.0,-132.91,-0.0,386,Match
8740.0,-132.91,-0.0,386,8060.0,-132.91,-0.0,386,Match
8750.0,-132.91,-0.0,386,8070.0,-132.91,-0.0,386,Match
8760.0,-132.91,-0.0,386,8080.0,-132.91,-0.0,386,Match
8770.0,-132.91,-0.0,386,8090.0,-132.91,-0.0,386,Match
8780.0,-132.91,-0.0,386,8100.0,-132.91,-0.0,386,Match
8790.0,-132.91,-0.0,386,8110.0,-132.91,-0.0,386,Match
8800.0,-132.91,-0.0,386,8120.0,-132.91,-0.0,386,Match
8810.0,-132.91,-0.0,386,8130.0,-132.91,-0.0,386,Match
8820.0,-132.91,-0.0,386,8140.0,-132.91,-0.0,386,Match
8830.0,-132.91,-0.0,386,8150.0,-132.91,-0.0,386,Match
8840.0,-132.91,-0.0,386,8160.0,-132.91,-0.0,386,Match
8850.0,-132.91,-0.0,386,8170.0,-132.91,-0.0,386,Match
8860.0,-132.91,-0.0,386,8180.0,-132.91,-0.0,386,Match
8870.0,-132.91,-0.0,386,8190.0,-132.91,-0.0,386,Match
8880.0,-132.91,-0.0,386,8200.0,-132.91,-0.0,386,Match
8890.0,-132.91,-0.0,386,8210.0,-132.91,-0.0,386,Match
8900.0,-132.91,-0.0,386,8220.0,-132.91,-0.0,386,Match
8910.0,-132.91,-0.0,386,8230.0,-132.91,-0.0,386,Match
8920.0,-132.91,-0.0,386,8240.0,-132.91,-0.0,386,Match
8930.0,-132.91,-0.0,386,8250.0,-132.91,-0.0,386,Match
8940.0,-132.91,-0.0,386,8260.0,-132.91,-0.0,386,Match
8950.0,-132.91,-0.0,386,8270.0,-132.91,-0.0,386,Match
8960.0,-132.91,-0.0,386,8280.0,-132.91,-0.0,386,Match
8970.0,-132.91,-0.0,386,8290.0,-132.91,-0.0,386,Match
8980.0,-132.91,-0.0,386,8300.0,-132.91,-0.0,386,Match
8990.0,-132.91,-0.0,386,8310.0,-131.4,1.83,388,Match
9000.0,-132.91,-0.0,386,8320.0,-129.85,3.63,390,Mismatch
9010.0,-131.27,3.21,389,8330.0,-128.25,5.38,392,Mismatch
9020.0,-129.54,6.34,391,8340.0,-126.63,7.08,393,Match
9030.0,-127.71,9.38,394,8350.0,-124.97,8.74,395,Match
-,-,-,-,8360.0,-123.27,10.35,397,Insertion
-,-,-,-,8370.0,-121.54,11.92,398,Insertion
9040.0,-125.8,12.33,396,8380.0,-119.78,13.44,400,Mismatch
9050.0,-123.8,15.2,398,8390.0,-117.99,14.91,401,Mismatch
9060.0,-121.72,17.97,400,8400.0,-116.17,16.33,403,Mismatch
9070.0,-119.56,20.65,403,8410.0,-114.24,18.91,405,Mismatch
9080.0,-117.33,23.23,405,8420.0,-112.24,21.41,407,Mismatch
9090.0,-115.03,25.71,407,8430.0,-110.18,23.82,409,Mismatch
9100.0,-112.67,28.09,409,8440.0,-108.05,26.14,411,Mismatch
9110.0,-110.1,30.33,411,8450.0,-105.86,28.37,413,Mismatch
9120.0,-107.47,32.45,414,8460.0,-103.62,30.5,415,Mismatch
9130.0,-104.79,34.45,416,8470.0,-101.33,32.53,417,Mismatch
9140.0,-102.07,36.34,418,8480.0,-98.99,34.47,419,Mismatch
9150.0,-99.29,38.11,420,8490.0,-96.61,36.31,421,Match
9160.0,-96.48,39.76,422,8500.0,-94.18,38.05,423,Match
9170.0,-93.63,41.29,424,8510.0,-91.13,39.43,425,Match
9180.0,-90.74,42.7,426,8520.0,-88.04,40.68,427,Match
9190.0,-87.84,43.98,428,8530.0,-84.93,41.79,429,Match
9200.0,-84.91,45.15,430,8540.0,-81.8,42.77,431,Mismatch
9210.0,-82.1,46.26,432,8550.0,-78.67,43.61,433,Mismatch
9220.0,-79.27,47.26,434,8560.0,-75.52,44.31,435,Mismatch
9230.0,-76.44,48.14,435,8570.0,-72.38,44.88,437,Mismatch
9240.0,-73.6,48.9,437,8580.0,-69.24,45.31,439,Mismatch
9250.0,-70.76,49.55,439,8590.0,-66.11,45.61,440,Mismatch
9260.0,-67.92,50.08,440,8600.0,-62.99,45.77,442,Mismatch
9270.0,-65.09,50.49,442,8610.0,-60.69,46.4,443,Mismatch
9280.0,-62.28,50.79,443,8620.0,-58.38,46.94,445,Mismatch
9290.0,-59.48,50.98,445,8630.0,-56.09,47.4,446,Mismatch
9300.0,-56.7,51.05,446,8640.0,-53.8,47.76,447,Mismatch
9310.0,-53.83,50.9,447,8650.0,-51.52,48.04,448,Match
9320.0,-50.99,50.63,449,8660.0,-49.26,48.24,449,Match
9330.0,-48.19,50.25,450,8670.0,-47.02,48.35,451,Match
9340.0,-45.43,49.75,452,8680.0,-44.8,48.37,452,Match
9350.0,-42.71,49.14,453,8690.0,-42.6,48.32,453,Match
9360.0,-40.05,48.41,454,8700.0,-40.43,48.18,454,Match
9370.0,-37.45,47.59,456,8710.0,-37.45,46.91,455,Match
9380.0,-34.9,46.65,457,8720.0,-34.55,45.52,456,Match
9390.0,-32.42,45.61,458,8730.0,-31.74,44.01,458,Match
9400.0,-30.0,44.48,459,8740.0,-29.01,42.37,459,Match
9410.0,-27.75,43.39,460,-,-,-,-,Deletion
9420.0,-25.57,42.21,461,8750.0,-26.38,40.62,460,Match
9430.0,-23.45,40.95,462,-,-,-,-,Deletion
9440.0,-21.42,39.61,463,8760.0,-23.84,38.76,461,Match
9450.0,-19.46,38.18,463,8770.0,-21.41,36.79,462,Match
9460.0,-17.58,36.68,464,8780.0,-19.08,34.71,463,Match
9470.0,-15.78,35.11,465,8790.0,-16.87,32.54,464,Match
9480.0,-14.07,33.47,465,-,-,-,-,Deletion
9490.0,-12.45,31.76,466,8800.0,-14.76,30.27,465,Match
9500.0,-10.91,29.99,467,8810.0,-13.11,28.62,466,Match
9510.0,-9.52,28.29,467,8820.0,-11.53,26.91,466,Match
9520.0,-8.22,26.54,468,8830.0,-10.05,25.14,467,Match
9530.0,-7.0,24.74,468,8840.0,-8.67,23.3,467,Match
9540.0,-5.88,22.9,469,8850.0,-7.37,21.42,468,Match
9550.0,-4.85,21.02,469,8860.0,-6.18,19.48,468,Match
9560.0,-3.92,19.09,470,8870.0,-5.08,17.49,469,Match
9570.0,-3.08,17.14,470,8880.0,-4.08,15.46,469,Match
9580.0,-2.35,15.15,470,8890.0,-3.19,13.39,470,Match
9590.0,-1.71,13.14,470,8900.0,-2.4,11.28,470,Match
9600.0,-1.17,11.1,471,8910.0,-1.95,10.2,470,Match
9610.0,-0.95,10.0,471,8920.0,-1.54,9.1,470,Match
9620.0,-0.75,8.9,471,8930.0,-1.18,7.99,470,Match
9630.0,-0.57,7.79,471,8940.0,-0.87,6.87,471,Match
9640.0,-0.42,6.69,471,8950.0,-0.6,5.74,471,Match
9650.0,-0.29,5.58,471,8960.0,-0.39,4.6,471,Match
9660.0,-0.19,4.46,471,8970.0,-0.22,3.45,471,Match
9670.0,-0.11,3.35,471,8980.0,-0.1,2.31,471,Match
9680.0,-0.05,2.23,471,8990.0,-0.02,1.15,471,Match
-,-,-,-,9000.0,0.0,-0.0,471,Insertion
-,-,-,-,9010.0,0.0,-0.0,471,Insertion
-,-,-,-,9020.0,0.0,-0.0,471,Insertion
-,-,-,-,9030.0,0.0,-0.0,471,Insertion
-,-,-,-,9040.0,0.0,-0.0,471,Insertion
-,-,-,-,9050.0,0.0,-0.0,471,Insertion
-,-,-,-,9060.0,0.0,-0.0,471,Insertion
-,-,-,-,9070.0,0.0,-0.0,471,Insertion
-,-,-,-,9080.0,0.0,-0.0,471,Insertion
-,-,-,-,9090.0,0.0,-0.0,471,Insertion
-,-,-,-,9100.0,0.0,-0.0,471,Insertion
-,-,-,-,9110.0,0.0,-0.0,471,Insertion
-,-,-,-,9120.0,0.0,-0.0,471,Insertion
-,-,-,-,9130.0,0.0,-0.0,471,Insertion
-,-,-,-,9140.0,0.0,-0.0,471,Insertion
-,-,-,-,9150.0,0.0,-0.0,471,Insertion
-,-,-,-,9160.0,0.0,-0.0,471,Insertion
-,-,-,-,9170.0,0.0,-0.0,471,Insertion
-,-,-,-,9180.0,0.0,-0.0,471,Insertion
-,-,-,-,9190.0,0.0,-0.0,471,Insertion
-,-,-,-,9200.0,0.0,-0.0,471,Insertion
-,-,-,-,9210.0,0.0,-0.0,471,Insertion
-,-,-,-,9220.0,0.0,-0.0,471,Insertion
-,-,-,-,9230.0,0.0,-0.0,471,Insertion
-,-,-,-,9240.0,0.0,-0.0,471,Insertion
-,-,-,-,9250.0,0.0,-0.0,471,Insertion
-,-,-,-,9260.0,0.0,-0.0,471,Insertion
-,-,-,-,9270.0,0.0,-0.0,471,Insertion
-,-,-,-,9280.0,0.0,-0.0,471,Insertion
-,-,-,-,9290.0,0.0,-0.0,471,Insertion
-,-,-,-,9300.0,0.0,-0.0,471,Insertion
-,-,-,-,9310.0,0.0,-0.0,471,Insertion
-,-,-,-,9320.0,0.0,-0.0,471,Insertion
-,-,-,-,9330.0,0.0,-0.0,471,Insertion
-,-,-,-,9340.0,0.0,-0.0,471,Insertion
-,-,-,-,9350.0,0.0,-0.0,471,Insertion
-,-,-,-,9360.0,0.0,-0.0,471,Insertion
-,-,-,-,9370.0,0.0,-0.0,471,Insertion
-,-,-,-,9380.0,0.0,-0.0,471,Insertion
-,-,-,-,9390.0,0.0,-0.0,471,Insertion
-,-,-,-,9400.0,0.0,-0.0,471,Insertion
-,-,-,-,9410.0,0.0,-0.0,471,Insertion
-,-,-,-,9420.0,0.0,-0.0,471,Insertion
-,-,-,-,9430.0,0.0,-0.0,471,Insertion
-,-,-,-,9440.0,0.0,-0.0,471,Insertion
-,-,-,-,9450.0,0.0,-0.0,471,Insertion
-,-,-,-,9460.0,0.0,-0.0,471,Insertion
-,-,-,-,9470.0,0.0,-0.0,471,Insertion
-,-,-,-,9480.0,0.0,-0.0,471,Insertion
-,-,-,-,9490.0,0.0,-0.0,471,Insertion
-,-,-,-,9500.0,0.0,-0.0,471,Insertion
-,-,-,-,9510.0,0.0,-0.0,471,Insertion
-,-,-,-,9520.0,0.0,-0.0,471,Insertion
-,-,-,-,9530.0,0.0,-0.0,471,Insertion
-,-,-,-,9540.0,0.0,-0.0,471,Insertion
-,-,-,-,9550.0,0.0,-0.0,471,Insertion
-,-,-,-,9560.0,0.0,-0.0,471,Insertion
-,-,-,-,9570.0,0.0,-0.0,471,Insertion
-,-,-,-,9580.0,0.0,-0.0,471,Insertion
-,-,-,-,9590.0,0.0,-0.0,471,Insertion
-,-,-,-,9600.0,0.0,-0.0,471,Insertion
-,-,-,-,9610.0,0.0,-0.0,471,Insertion
-,-,-,-,9620.0,0.0,-0.0,471,Insertion
-,-,-,-,9630.0,0.0,-0.0,471,Insertion
-,-,-,-,9640.0,0.0,-0.0,471,Insertion
-,-,-,-,9650.0,0.0,-0.0,471,Insertion
-,-,-,-,9660.0,0.0,-0.0,471,Insertion
-,-,-,-,9670.0,0.0,-0.0,471,Insertion
-,-,-,-,9680.0,0.0,-0.0,471,Insertion
-,-,-,-,9690.0,0.0,-0.0,471,Insertion
-,-,-,-,9700.0,0.0,-0.0,471,Insertion
-,-,-,-,9710.0,0.0,-0.0,471,Insertion
-,-,-,-,9720.0,0.0,-0.0,471,Insertion
-,-,-,-,9730.0,0.0,-0.0,471,Insertion
-,-,-,-,9740.0,0.0,-0.0,471,Insertion
-,-,-,-,9750.0,0.0,-0.0,471,Insertion
-,-,-,-,9760.0,0.0,-0.0,471,Insertion
-,-,-,-,9770.0,0.0,-0.0,471,Insertion
-,-,-,-,9780.0,0.0,-0.0,471,Insertion
-,-,-,-,9790.0,0.0,-0.0,471,Insertion
-,-,-,-,9800.0,0.0,-0.0,471,Insertion
-,-,-,-,9810.0,0.0,-0.0,471,Insertion
-,-,-,-,9820.0,0.0,-0.0,471,Insertion
-,-,-,-,9830.0,0.0,-0.0,471,Insertion
-,-,-,-,9840.0,0.0,-0.0,471,Insertion
-,-,-,-,9850.0,0.0,-0.0,471,Insertion
-,-,-,-,9860.0,0.0,-0.0,471,Insertion
-,-,-,-,9870.0,0.0,-0.0,471,Insertion
-,-,-,-,9880.0,0.0,-0.0,471,Insertion
-,-,-,-,9890.0,0.0,-0.0,471,Insertion
-,-,-,-,9900.0,0.0,-0.0,471,Insertion
-,-,-,-,9910.0,0.0,-0.0,471,Insertion
-,-,-,-,9920.0,0.0,-0.0,471,Insertion
-,-,-,-,9930.0,0.0,-0.0,471,Insertion
-,-,-,-,9940.0,0.0,-0.0,471,Insertion
-,-,-,-,9950.0,0.0,-0.0,471,Insertion
-,-,-,-,9960.0,0.0,-0.0,471,Insertion
-,-,-,-,9970.0,0.0,-0.0,471,Insertion
-,-,-,-,9980.0,0.0,-0.0,471,Insertion
9690.0,-0.01,1.12,471,9990.0,0.0,-0.0,471,Match
9700.0,0.0,-0.0,471,10000.0,0.0,-0.0,471,Match
9710.0,0.0,-0.0,471,10010.0,0.0,-0.0,471,Match
9720.0,0.0,-0.0,471,10020.0,0.0,-0.0,471,Match
9730.0,0.0,-0.0,471,10030.0,0.0,-0.0,471,Match
9740.0,0.0,-0.0,471,10040.0,0.0,-0.0,471,Match
9750.0,0.0,-0.0,471,10050.0,0.0,-0.0,471,Match
9760.0,0.0,-0.0,471,10060.0,0.0,-0.0,471,Match
9770.0,0.0,-0.0,471,10070.0,0.0,-0.0,471,Match
9780.0,0.0,-0.0,471,10080.0,0.0,-0.0,471,Match
9790.0,0.0,-0.0,471,10090.0,0.0,-0.0,471,Match
9800.0,0.0,-0.0,471,10100.0,0.0,-0.0,471,Match
9810.0,0.0,-0.0,471,10110.0,0.0,-0.0,471,Match
9820.0,0.0,-0.0,471,10120.0,0.0,-0.0,471,Match
9830.0,0.0,-0.0,471,10130.0,0.0,-0.0,471,Match
9840.0,0.0,-0.0,471,10140.0,0.0,-0.0,471,Match
9850.0,0.0,-0.0,471,10150.0,0.0,-0.0,471,Match
9860.0,0.0,-0.0,471,10160.0,0.0,-0.0,471,Match
9870.0,0.0,-0.0,471,10170.0,0.0,-0.0,471,Match
9880.0,0.0,-0.0,471,10180.0,0.0,-0.0,471,Match
9890.0,0.0,-0.0,471,10190.0,0.0,-0.0,471,Match
9900.0,0.0,-0.0,471,10200.0,0.0,-0.0,471,Match
9910.0,0.0,-0.0,471,10210.0,0.0,-0.0,471,Match
9920.0,0.0,-0.0,471,10220.0,0.0,-0.0,471,Match
9930.0,0.0,-0.0,471,10230.0,0.0,-0.0,471,Match
9940.0,0.0,-0.0,471,10240.0,0.0,-0.0,471,Match
9950.0,0.0,-0.0,471,10250.0,0.0,-0.0,471,Match
9960.0,0.0,-0.0,471,10260.0,0.0,-0.0,471,Match
9970.0,0.0,-0.0,471,10270.0,0.0,-0.0,471,Match
9980.0,0.0,-0.0,471,10280.0,0.0,-0.0,471,Match
9990.0,0.0,-0.0,471,10290.0,0.0,-0.0,471,Match
10000.0,0.0,-0.0,471,10300.0,0.0,-0.0,471,Match
10010.0,0.0,-0.0,471,10310.0,0.0,-0.0,471,Match
10020.0,0.0,-0.0,471,10320.0,0.0,-0.0,471,Match
10030.0,0.0,-0.0,471,10330.0,0.0,-0.0,471,Match
10040.0,0.0,-0.0,471,10340.0,0.0,-0.0,471,Match
10050.0,0.0,-0.0,471,10350.0,0.0,-0.0,471,Match
10060.0,0.0,-0.0,471,10360.0,0.0,-0.0,471,Match
10070.0,0.0,-0.0,471,10370.0,0.0,-0.0,471,Match
10080.0,0.0,-0.0,471,10380.0,0.0,-0.0,471,Match
10090.0,0.0,-0.0,471,10390.0,0.0,-0.0,471,Match
10100.0,0.0,-0.0,471,10400.0,0.0,-0.0,471,Match
10110.0,0.0,-0.0,471,10410.0,0.0,-0.0,471,Match
10120.0,0.0,-0.0,471,10420.0,0.0,-0.0,471,Match
10130.0,0.0,-0.0,471,10430.0,0.0,-0.0,471,Match
10140.0,0.0,-0.0,471,10440.0,0.0,-0.0,471,Match
10150.0,0.0,-0.0,471,10450.0,0.0,-0.0,471,Match
10160.0,0.0,-0.0,471,10460.0,0.0,-0.0,471,Match
10170.0,0.0,-0.0,471,10470.0,0.0,-0.0,471,Match
10180.0,0.0,-0.0,471,10480.0,0.0,-0.0,471,Match
10190.0,0.0,-0.0,471,10490.0,0.0,-0.0,471,Match
10200.0,0.0,-0.0,471,10500.0,0.0,-0.0,471,Match
10210.0,0.0,-0.0,471,10510.0,0.0,-0.0,471,Match
10220.0,0.0,-0.0,471,10520.0,0.0,-0.0,471,Match
10230.0,0.0,-0.0,471,10530.0,0.0,-0.0,471,Match
10240.0,0.0,-0.0,471,10540.0,0.0,-0.0,471,Match
10250.0,0.0,-0.0,471,10550.0,0.0,-0.0,471,Match
10260.0,0.0,-0.0,471,10560.0,0.0,-0.0,471,Match
10270.0,0.0,-0.0,471,10570.0,0.0,-0.0,471,Match
10280.0,0.0,-0.0,471,10580.0,0.0,-0.0,471,Match
10290.0,0.0,-0.0,471,10590.0,0.0,-0.0,471,Match
10300.0,0.0,-0.0,471,10600.0,0.0,-0.0,471,Match
10310.0,0.0,-0.0,471,10610.0,0.0,-0.0,471,Match
10320.0,0.0,-0.0,471,10620.0,0.0,-0.0,471,Match
10330.0,0.0,-0.0,471,10630.0,0.0,-0.0,471,Match
10340.0,0.0,-0.0,471,10640.0,0.0,-0.0,471,Match
10350.0,0.0,-0.0,471,10650.0,0.0,-0.0,471,Match
10360.0,0.0,-0.0,471,10660.0,0.0,-0.0,471,Match
10370.0,0.0,-0.0,471,10670.0,0.0,-0.0,471,Match
10380.0,0.0,-0.0,471,10680.0,0.0,-0.0,471,Match
10390.0,0.0,-0.0,471,10690.0,0.0,-0.0,471,Match
10400.0,0.0,-0.0,471,10700.0,0.0,-0.0,471,Match
10410.0,0.0,-0.0,471,10710.0,0.0,-0.0,471,Match
10420.0,0.0,-0.0,471,10720.0,0.0,-0.0,471,Match
10430.0,0.0,-0.0,471,10730.0,0.0,-0.0,471,Match
10440.0,0.0,-0.0,471,10740.0,0.0,-0.0,471,Match
10450.0,0.0,-0.0,471,10750.0,0.0,-0.0,471,Match
10460.0,0.0,-0.0,471,10760.0,0.0,-0.0,471,Match
10470.0,0.0,-0.0,471,10770.0,0.0,-0.0,471,Match
10480.0,0.0,-0.0,471,10780.0,0.0,-0.0,471,Match
10490.0,0.0,-0.0,471,10790.0,0.0,-0.0,471,Match
10500.0,0.0,-0.0,471,10800.0,0.0,-0.0,471,Match
10510.0,0.0,-0.0,471,10810.0,0.0,-0.0,471,Match
10520.0,0.0,-0.0,471,10820.0,0.0,-0.0,471,Match
10530.0,0.0,-0.0,471,10830.0,0.0,-0.0,471,Match
10540.0,0.0,-0.0,471,10840.0,0.0,-0.0,471,Match
10550.0,0.0,-0.0,471,10850.0,0.0,-0.0,471,Match
10560.0,0.0,-0.0,471,10860.0,0.0,-0.0,471,Match
10570.0,0.0,-0.0,471,10870.0,0.0,-0.0,471,Match
10580.0,0.0,-0.0,471,10880.0,0.0,-0.0,471,Match
10590.0,0.0,-0.0,471,10890.0,0.0,-0.0,471,Match
10600.0,0.0,-0.0,471,10900.0,0.0,-0.0,471,Match
10610.0,0.0,-0.0,471,10910.0,0.0,-0.0,471,Match
10620.0,0.0,-0.0,471,10920.0,0.0,-0.0,471,Match
10630.0,0.0,-0.0,471,10930.0,0.0,-0.0,471,Match
10640.0,0.0,-0.0,471,10940.0,0.0,-0.0,471,Match
10650.0,0.0,-0.0,471,10950.0,0.0,-0.0,471,Match
10660.0,0.0,-0.0,471,10960.0,0.0,-0.0,471,Match
10670.0,0.0,-0.0,471,10970.0,0.0,-0.0,471,Match
10680.0,0.0,-0.0,471,10980.0,0.0,-0.0,471,Match
10690.0,0.0,-0.0,471,10990.0,0.0,-0.0,471,Match
10700.0,0.0,-0.0,471,11000.0,0.0,-0.0,471,Match
10710.0,0.0,-0.0,471,11010.0,0.0,-0.0,471,Match
10720.0,0.0,-0.0,471,11020.0,0.0,-0.0,471,Match
10730.0,0.0,-0.0,471,11030.0,0.0,-0.0,471,Match
10740.0,0.0,-0.0,471,11040.0,0.0,-0.0,471,Match
10750.0,0.0,-0.0,471,11050.0,0.0,-0.0,471,Match
10760.0,0.0,-0.0,471,11060.0,0.0,-0.0,471,Match
10770.0,0.0,-0.0,471,11070.0,0.0,-0.0,471,Match
10780.0,0.0,-0.0,471,11080.0,0.0,-0.0,471,Match
10790.0,0.0,-0.0,471,11090.0,0.0,-0.0,471,Match
10800.0,0.0,-0.0,471,11100.0,0.0,-0.0,471,Match
10810.0,0.0,-0.0,471,11110.0,0.0,-0.0,471,Match
10820.0,0.0,-0.0,471,11120.0,0.0,-0.0,471,Match
10830.0,0.0,-0.0,471,11130.0,0.0,-0.0,471,Match
10840.0,0.0,-0.0,471,11140.0,0.0,-0.0,471,Match
10850.0,0.0,-0.0,471,11150.0,0.0,-0.0,471,Match
10860.0,0.0,-0.0,471,11160.0,0.0,-0.0,471,Match
10870.0,0.0,-0.0,471,11170.0,0.0,-0.0,471,Match
10880.0,0.0,-0.0,471,11180.0,0.0,-0.0,471,Match
10890.0,0.0,-0.0,471,11190.0,0.0,-0.0,471,Match
10900.0,0.0,-0.0,471,11200.0,0.0,-0.0,471,Match
10910.0,0.0,-0.0,471,11210.0,0.0,-0.0,471,Match
10920.0,0.0,-0.0,471,11220.0,0.0,-0.0,471,Match
10930.0,0.0,-0.0,471,11230.0,0.0,-0.0,471,Match
10940.0,0.0,-0.0,471,11240.0,0.0,-0.0,471,Match
10950.0,0.0,-0.0,471,11250.0,0.0,-0.0,471,Match
10960.0,0.0,-0.0,471,11260.0,0.0,-0.0,471,Match
10970.0,0.0,-0.0,471,11270.0,0.0,-0.0,471,Match
10980.0,0.0,-0.0,471,11280.0,0.0,-0.0,471,Match
10990.0,0.0,-0.0,471,11290.0,0.0,-0.0,471,Match
11000.0,0.0,-0.0,471,11300.0,0.0,-0.0,471,Match
11010.0,0.0,-0.0,471,11310.0,0.0,-0.0,471,Match
11020.0,0.0,-0.0,471,11320.0,0.0,-0.0,471,Match
11030.0,0.0,-0.0,471,11330.0,0.0,-0.0,471,Match
11040.0,0.0,-0.0,471,11340.0,0.0,-0.0,471,Match
11050.0,0.0,-0.0,471,11350.0,0.0,-0.0,471,Match
11060.0,0.0,-0.0,471,11360.0,0.0,-0.0,471,Match
11070.0,0.0,-0.0,471,11370.0,0.0,-0.0,471,Match
11080.0,0.0,-0.0,471,11380.0,0.0,-0.0,471,Match
11090.0,0.0,-0.0,471,11390.0,0.0,-0.0,471,Match
11100.0,0.0,-0.0,471,11400.0,0.0,-0.0,471,Match
11110.0,0.0,-0.0,471,11410.0,0.0,-0.0,471,Match
11120.0,0.0,-0.0,471,11420.0,0.0,-0.0,471,Match
11130.0,0.0,-0.0,471,11430.0,0.0,-0.0,471,Match
11140.0,0.0,-0.0,471,11440.0,0.0,-0.0,471,Match
11150.0,0.0,-0.0,471,11450.0,0.0,-0.0,471,Match
11160.0,0.0,-0.0,471,11460.0,0.0,-0.0,471,Match
11170.0,0.0,-0.0,471,11470.0,0.0,-0.0,471,Match
11180.0,0.0,-0.0,471,11480.0,0.0,-0.0,471,Match
11190.0,0.0,-0.0,471,11490.0,0.0,-0.0,471,Match
11200.0,0.0,-0.0,471,11500.0,0.0,-0.0,471,Match
11210.0,0.0,-0.0,471,11510.0,0.0,-0.0,471,Match
11220.0,0.0,-0.0,471,11520.0,0.0,-0.0,471,Match
11230.0,0.0,-0.0,471,11530.0,0.0,-0.0,471,Match
11240.0,0.0,-0.0,471,11540.0,0.0,-0.0,471,Match
11250.0,0.0,-0.0,471,11550.0,0.0,-0.0,471,Match
11260.0,0.0,-0.0,471,11560.0,0.0,-0.0,471,Match
11270.0,0.0,-0.0,471,11570.0,0.0,-0.0,471,Match
11280.0,0.0,-0.0,471,11580.0,0.0,-0.0,471,Match
11290.0,0.0,-0.0,471,11590.0,0.0,-0.0,471,Match
11300.0,0.0,-0.0,471,11600.0,0.0,-0.0,471,Match
11310.0,0.0,-0.0,471,11610.0,0.0,-0.0,471,Match
11320.0,0.0,-0.0,471,11620.0,0.0,-0.0,471,Match
11330.0,0.0,-0.0,471,11630.0,0.0,-0.0,471,Match
11340.0,0.0,-0.0,471,11640.0,0.0,-0.0,471,Match
11350.0,0.0,-0.0,471,11650.0,0.0,-0.0,471,Match
11360.0,0.0,-0.0,471,11660.0,0.0,-0.0,471,Match
11370.0,0.0,-0.0,471,11670.0,0.0,-0.0,471,Match
11380.0,0.0,-0.0,471,11680.0,0.0,-0.0,471,Match
11390.0,0.0,-0.0,471,11690.0,0.0,-0.0,471,Match
11400.0,0.0,-0.0,471,11700.0,0.0,-0.0,471,Match
11410.0,0.0,-0.0,471,11710.0,0.0,-0.0,471,Match
11420.0,0.0,-0.0,471,11720.0,0.0,-0.0,471,Match
11430.0,0.0,-0.0,471,11730.0,0.0,-0.0,471,Match
11440.0,0.0,-0.0,471,11740.0,0.0,-0.0,471,Match
11450.0,0.0,-0.0,471,11750.0,0.0,-0.0,471,Match
11460.0,0.0,-0.0,471,11760.0,0.0,-0.0,471,Match
11470.0,0.0,-0.0,471,11770.0,0.0,-0.0,471,Match
11480.0,0.0,-0.0,471,11780.0,0.0,-0.0,471,Match
11490.0,0.0,-0.0,471,11790.0,0.0,-0.0,471,Match
11500.0,0.0,-0.0,471,11800.0,0.0,-0.0,471,Match
11510.0,0.0,-0.0,471,11810.0,0.0,-0.0,471,Match
11520.0,0.0,-0.0,471,11820.0,0.0,-0.0,471,Match
11530.0,0.0,-0.0,471,11830.0,0.0,-0.0,471,Match
11540.0,0.0,-0.0,471,11840.0,0.0,-0.0,471,Match
11550.0,0.0,-0.0,471,11850.0,0.0,-0.0,471,Match
11560.0,0.0,-0.0,471,11860.0,0.0,-0.0,471,Match
11570.0,0.0,-0.0,471,11870.0,0.0,-0.0,471,Match
11580.0,0.0,-0.0,471,11880.0,0.0,-0.0,471,Match
11590.0,0.0,-0.0,471,11890.0,0.0,-0.0,471,Match
11600.0,0.0,-0.0,471,11900.0,0.0,-0.0,471,Match
11610.0,0.0,-0.0,471,11910.0,0.0,-0.0,471,Match
11620.0,0.0,-0.0,471,11920.0,0.0,-0.0,471,Match
11630.0,0.0,-0.0,471,11930.0,0.0,-0.0,471,Match
11640.0,0.0,-0.0,471,11940.0,0.0,-0.0,471,Match
11650.0,0.0,-0.0,471,11950.0,0.0,-0.0,471,Match
11660.0,0.0,-0.0,471,11960.0,0.0,-0.0,471,Match
11670.0,0.0,-0.0,471,11970.0,0.0,-0.0,471,Match
11680.0,0.0,-0.0,471,11980.0,0.0,-0.0,471,Match
11690.0,0.0,-0.0,471,11990.0,0.0,-0.0,471,Match
11700.0,0.0,-0.0,471,12000.0,0.0,-0.0,471,Match
11710.0,0.0,-0.0,471,12010.0,0.0,-0.0,471,Match
11720.0,0.0,-0.0,471,12020.0,0.0,-0.0,471,Match
11730.0,0.0,-0.0,471,12030.0,0.0,-0.0,471,Match
11740.0,0.0,-0.0,471,12040.0,0.0,-0.0,471,Match
11750.0,0.0,-0.0,471,12050.0,0.0,-0.0,471,Match
11760.0,0.0,-0.0,471,12060.0,0.0,-0.0,471,Match
11770.0,0.0,-0.0,471,12070.0,0.0,-0.0,471,Match
11780.0,0.0,-0.0,471,12080.0,0.0,-0.0,471,Match
11790.0,0.0,-0.0,471,12090.0,0.0,-0.0,471,Match
11800.0,0.0,-0.0,471,12100.0,0.0,-0.0,471,Match
11810.0,0.0,-0.0,471,12110.0,0.0,-0.0,471,Match
11820.0,0.0,-0.0,471,12120.0,0.0,-0.0,471,Match
11830.0,0.0,-0.0,471,12130.0,0.0,-0.0,471,Match
11840.0,0.0,-0.0,471,12140.0,0.0,-0.0,471,Match
11850.0,0.0,-0.0,471,12150.0,0.0,-0.0,471,Match
11860.0,0.0,-0.0,471,12160.0,0.0,-0.0,471,Match
11870.0,0.0,-0.0,471,12170.0,0.0,-0.0,471,Match
11880.0,0.0,-0.0,471,12180.0,0.0,-0.0,471,Match
11890.0,0.0,-0.0,471,12190.0,0.0,-0.0,471,Match
11900.0,0.0,-0.0,471,12200.0,0.0,-0.0,471,Match
11910.0,0.0,-0.0,471,12210.0,0.0,-0.0,471,Match
11920.0,0.0,-0.0,471,12220.0,0.0,-0.0,471,Match
11930.0,0.0,-0.0,471,12230.0,0.0,-0.0,471,Match
11940.0,0.0,-0.0,471,12240.0,0.0,-0.0,471,Match
11950.0,0.0,-0.0,471,12250.0,0.0,-0.0,471,Match
11960.0,0.0,-0.0,471,12260.0,0.0,-0.0,471,Match
11970.0,0.0,-0.0,471,12270.0,0.0,-0.0,471,Match
11980.0,0.0,-0.0,471,12280.0,0.0,-0.0,471,Match
11990.0,0.0,-0.0,471,12290.0,0.0,-0.0,471,Match
12000.0,0.0,-0.0,471,12300.0,0.0,-0.0,471,Match
12010.0,0.0,-0.0,471,12310.0,0.0,-0.0,471,Match
12020.0,0.0,-0.0,471,12320.0,0.0,-0.0,471,Match
12030.0,0.0,-0.0,471,12330.0,0.0,-0.0,471,Match
12040.0,0.0,-0.0,471,12340.0,0.0,-0.0,471,Match
12050.0,0.0,-0.0,471,12350.0,0.0,-0.0,471,Match
12060.0,0.0,-0.0,471,12360.0,0.0,-0.0,471,Match
12070.0,0.0,-0.0,471,12370.0,0.0,-0.0,471,Match
12080.0,0.0,-0.0,471,12380.0,0.0,-0.0,471,Match
12090.0,0.0,-0.0,471,12390.0,0.0,-0.0,471,Match
12100.0,0.0,-0.0,471,12400.0,0.0,-0.0,471,Match
12110.0,0.0,-0.0,471,12410.0,0.0,-0.0,471,Match
12120.0,0.0,-0.0,471,12420.0,0.0,-0.0,471,Match
12130.0,0.0,-0.0,471,12430.0,0.0,-0.0,471,Match
12140.0,0.0,-0.0,471,12440.0,0.0,-0.0,471,Match
12150.0,0.0,-0.0,471,12450.0,0.0,-0.0,471,Match
12160.0,0.0,-0.0,471,12460.0,0.0,-0.0,471,Match
12170.0,0.0,-0.0,471,12470.0,0.0,-0.0,471,Match
12180.0,0.0,-0.0,471,12480.0,0.0,-0.0,471,Match
12190.0,0.0,-0.0,471,12490.0,0.0,-0.0,471,Match
12200.0,0.0,-0.0,471,12500.0,0.0,-0.0,471,Match
12210.0,0.0,-0.0,471,12510.0,0.0,-0.0,471,Match
12220.0,0.0,-0.0,471,12520.0,0.0,-0.0,471,Match
12230.0,0.0,-0.0,471,12530.0,0.0,-0.0,471,Match
12240.0,0.0,-0.0,471,12540.0,0.0,-0.0,471,Match
12250.0,0.0,-0.0,471,12550.0,0.0,-0.0,471,Match
12260.0,0.0,-0.0,471,12560.0,0.0,-0.0,471,Match
12270.0,0.0,-0.0,471,12570.0,0.0,-0.0,471,Match
12280.0,0.0,-0.0,471,12580.0,0.0,-0.0,471,Match
12290.0,0.0,-0.0,471,12590.0,0.0,-0.0,471,Match
12300.0,0.0,-0.0,471,12600.0,0.0,-0.0,471,Match
12310.0,0.0,-0.0,471,12610.0,0.0,-0.0,471,Match
12320.0,0.0,-0.0,471,12620.0,0.0,-0.0,471,Match
12330.0,0.0,-0.0,471,12630.0,0.0,-0.0,471,Match
12340.0,0.0,-0.0,471,12640.0,0.0,-0.0,471,Match
12350.0,0.0,-0.0,471,12650.0,0.0,-0.0,471,Match
12360.0,0.0,-0.0,471,12660.0,0.0,-0.0,471,Match
12370.0,0.0,-0.0,471,12670.0,0.0,-0.0,471,Match
12380.0,0.0,-0.0,471,12680.0,0.0,-0.0,471,Match
12390.0,0.0,-0.0,471,12690.0,0.0,-0.0,471,Match
12400.0,0.0,-0.0,471,12700.0,0.0,-0.0,471,Match
12410.0,0.0,-0.0,471,12710.0,0.0,-0.0,471,Match
12420.0,0.0,-0.0,471,12720.0,0.0,-0.0,471,Match
12430.0,0.0,-0.0,471,12730.0,0.0,-0.0,471,Match
12440.0,0.0,-0.0,471,12740.0,0.0,-0.0,471,Match
12450.0,0.0,-0.0,471,12750.0,0.0,-0.0,471,Match
12460.0,0.0,-0.0,471,12760.0,0.0,-0.0,471,Match
12470.0,0.0,-0.0,471,12770.0,0.0,-0.0,471,Match
12480.0,0.0,-0.0,471,12780.0,0.0,-0.0,471,Match
12490.0,0.0,-0.0,471,12790.0,0.0,-0.0,471,Match
12500.0,0.0,-0.0,471,12800.0,0.0,-0.0,471,Match
12510.0,0.0,-0.0,471,12810.0,0.0,-0.0,471,Match
12520.0,0.0,-0.0,471,12820.0,0.0,-0.0,471,Match
12530.0,0.0,-0.0,471,12830.0,0.0,-0.0,471,Match
12540.0,0.0,-0.0,471,12840.0,0.0,-0.0,471,Match
12550.0,0.0,-0.0,471,12850.0,0.0,-0.0,471,Match
12560.0,0.0,-0.0,471,12860.0,0.0,-0.0,471,Match
12570.0,0.0,-0.0,471,12870.0,0.0,-0.0,471,Match
12580.0,0.0,-0.0,471,12880.0,0.0,-0.0,471,Match
12590.0,0.0,-0.0,471,12890.0,0.0,-0.0,471,Match
12600.0,0.0,-0.0,471,12900.0,0.0,-0.0,471,Match
12610.0,0.0,-0.0,471,12910.0,0.0,-0.0,471,Match
12620.0,0.0,-0.0,471,12920.0,0.0,-0.0,471,Match
12630.0,0.0,-0.0,471,12930.0,0.0,-0.0,471,Match
12640.0,0.0,-0.0,471,12940.0,0.0,-0.0,471,Match
12650.0,0.0,-0.0,471,12950.0,0.0,-0.0,471,Match
12660.0,0.0,-0.0,471,12960.0,0.0,-0.0,471,Match
12670.0,0.0,-0.0,471,12970.0,0.0,-0.0,471,Match
12680.0,0.0,-0.0,471,12980.0,0.0,-0.0,471,Match
12690.0,0.0,-0.0,471,12990.0,0.0,-0.0,471,Match
12700.0,0.0,-0.0,471,13000.0,0.0,-0.0,471,Match
12710.0,0.0,-0.0,471,13010.0,0.0,-0.0,471,Match
12720.0,0.0,-0.0,471,13020.0,0.0,-0.0,471,Match
12730.0,0.0,-0.0,471,13030.0,0.0,-0.0,471,Match
12740.0,0.0,-0.0,471,13040.0,0.0,-0.0,471,Match
12750.0,0.0,-0.0,471,13050.0,0.0,-0.0,471,Match
12760.0,0.0,-0.0,471,13060.0,0.0,-0.0,471,Match
12770.0,0.0,-0.0,471,13070.0,0.0,-0.0,471,Match
12780.0,0.0,-0.0,471,13080.0,0.0,-0.0,471,Match
12790.0,0.0,-0.0,471,13090.0,0.0,-0.0,471,Match
12800.0,0.0,-0.0,471,13100.0,0.0,-0.0,471,Match
12810.0,0.0,-0.0,471,13110.0,0.0,-0.0,471,Match
12820.0,0.0,-0.0,471,13120.0,0.0,-0.0,471,Match
12830.0,0.0,-0.0,471,13130.0,0.0,-0.0,471,Match
12840.0,0.0,-0.0,471,13140.0,0.0,-0.0,471,Match
12850.0,0.0,-0.0,471,13150.0,0.0,-0.0,471,Match
12860.0,0.0,-0.0,471,13160.0,0.0,-0.0,471,Match
12870.0,0.0,-0.0,471,13170.0,0.0,-0.0,471,Match
12880.0,0.0,-0.0,471,13180.0,0.0,-0.0,471,Match
12890.0,0.0,-0.0,471,13190.0,0.0,-0.0,471,Match
12900.0,0.0,-0.0,471,13200.0,0.0,-0.0,471,Match
12910.0,0.0,-0.0,471,13210.0,0.0,-0.0,471,Match
12920.0,0.0,-0.0,471,13220.0,0.0,-0.0,471,Match
12930.0,0.0,-0.0,471,13230.0,0.0,-0.0,471,Match
12940.0,0.0,-0.0,471,13240.0,0.0,-0.0,471,Match
12950.0,0.0,-0.0,471,13250.0,0.0,-0.0,471,Match
12960.0,0.0,-0.0,471,13260.0,0.0,-0.0,471,Match
12970.0,0.0,-0.0,471,13270.0,0.0,-0.0,471,Match
12980.0,0.0,-0.0,471,13280.0,0.0,-0.0,471,Match
12990.0,0.0,-0.0,471,13290.0,0.0,-0.0,471,Match
13000.0,0.0,-0.0,471,13300.0,0.0,-0.0,471,Match
13010.0,0.0,-0.0,471,13310.0,0.0,-0.0,471,Match
13020.0,0.0,-0.0,471,13320.0,0.0,-0.0,471,Match
13030.0,0.0,-0.0,471,13330.0,0.0,-0.0,471,Match
13040.0,0.0,-0.0,471,13340.0,0.0,-0.0,471,Match
13050.0,0.0,-0.0,471,13350.0,0.0,-0.0,471,Match
13060.0,0.0,-0.0,471,13360.0,0.0,-0.0,471,Match
13070.0,0.0,-0.0,471,13370.0,0.0,-0.0,471,Match
13080.0,0.0,-0.0,471,13380.0,0.0,-0.0,471,Match
13090.0,0.0,-0.0,471,13390.0,0.0,-0.0,471,Match
13100.0,0.0,-0.0,471,13400.0,0.0,-0.0,471,Match
13110.0,0.0,-0.0,471,13410.0,0.0,-0.0,471,Match
13120.0,0.0,-0.0,471,13420.0,0.0,-0.0,471,Match
13130.0,0.0,-0.0,471,13430.0,0.0,-0.0,471,Match
13140.0,0.0,-0.0,471,13440.0,0.0,-0.0,471,Match
13150.0,0.0,-0.0,471,13450.0,0.0,-0.0,471,Match
13160.0,0.0,-0.0,471,13460.0,0.0,-0.0,471,Match
13170.0,0.0,-0.0,471,13470.0,0.0,-0.0,471,Match
13180.0,0.0,-0.0,471,13480.0,0.0,-0.0,471,Match
13190.0,0.0,-0.0,471,13490.0,0.0,-0.0,471,Match
13200.0,0.0,-0.0,471,13500.0,0.0,-0.0,471,Match
13210.0,0.0,-0.0,471,13510.0,0.0,-0.0,471,Match
13220.0,0.0,-0.0,471,13520.0,0.0,-0.0,471,Match
13230.0,0.0,-0.0,471,13530.0,0.0,-0.0,471,Match
13240.0,0.0,-0.0,471,13540.0,0.0,-0.0,471,Match
13250.0,0.0,-0.0,471,13550.0,0.0,-0.0,471,Match
13260.0,0.0,-0.0,471,13560.0,0.0,-0.0,471,Match
13270.0,0.0,-0.0,471,13570.0,0.0,-0.0,471,Match
13280.0,0.0,-0.0,471,13580.0,0.0,-0.0,471,Match
13290.0,0.0,-0.0,471,13590.0,0.0,-0.0,471,Match
13300.0,0.0,-0.0,471,13600.0,0.0,-0.0,471,Match
13310.0,0.0,-0.0,471,13610.0,0.0,-0.0,471,Match
13320.0,0.0,-0.0,471,13620.0,0.0,-0.0,471,Match
13330.0,0.0,-0.0,471,13630.0,0.0,-0.0,471,Match
13340.0,0.0,-0.0,471,13640.0,0.0,-0.0,471,Match
13350.0,0.0,-0.0,471,13650.0,0.0,-0.0,471,Match
13360.0,0.0,-0.0,471,13660.0,0.0,-0.0,471,Match
13370.0,0.0,-0.0,471,13670.0,0.0,-0.0,471,Match
13380.0,0.0,-0.0,471,13680.0,0.0,-0.0,471,Match
13390.0,0.0,-0.0,471,13690.0,0.0,-0.0,471,Match
13400.0,0.0,-0.0,471,13700.0,0.0,-0.0,471,Match
13410.0,0.0,-0.0,471,13710.0,0.0,-0.0,471,Match
13420.0,0.0,-0.0,471,13720.0,0.0,-0.0,471,Match
13430.0,0.0,-0.0,471,13730.0,0.0,-0.0,471,Match
13440.0,0.0,-0.0,471,13740.0,0.0,-0.0,471,Match
13450.0,0.0,-0.0,471,13750.0,0.0,-0.0,471,Match
13460.0,0.0,-0.0,471,13760.0,0.0,-0.0,471,Match
13470.0,0.0,-0.0,471,13770.0,0.0,-0.0,471,Match
13480.0,0.0,-0.0,471,13780.0,0.0,-0.0,471,Match
13490.0,0.0,-0.0,471,13790.0,0.0,-0.0,471,Match
13500.0,0.0,-0.0,471,13800.0,0.0,-0.0,471,Match
13510.0,0.0,-0.0,471,13810.0,0.0,-0.0,471,Match
13520.0,0.0,-0.0,471,13820.0,0.0,-0.0,471,Match
13530.0,0.0,-0.0,471,13830.0,0.0,-0.0,471,Match
13540.0,0.0,-0.0,471,13840.0,0.0,-0.0,471,Match
13550.0,0.0,-0.0,471,13850.0,0.0,-0.0,471,Match
13560.0,0.0,-0.0,471,13860.0,0.0,-0.0,471,Match
13570.0,0.0,-0.0,471,13870.0,0.0,-0.0,471,Match
13580.0,0.0,-0.0,471,13880.0,0.0,-0.0,471,Match
13590.0,0.0,-0.0,471,13890.0,0.0,-0.0,471,Match
13600.0,0.0,-0.0,471,13900.0,0.0,-0.0,471,Match
13610.0,0.0,-0.0,471,13910.0,0.0,-0.0,471,Match
13620.0,0.0,-0.0,471,13920.0,0.0,-0.0,471,Match
13630.0,0.0,-0.0,471,13930.0,0.0,-0.0,471,Match
13640.0,0.0,-0.0,471,13940.0,0.0,-0.0,471,Match
13650.0,0.0,-0.0,471,13950.0,0.0,-0.0,471,Match
13660.0,0.0,-0.0,471,13960.0,0.0,-0.0,471,Match
13670.0,0.0,-0.0,471,13970.0,0.0,-0.0,471,Match
13680.0,0.0,-0.0,471,13980.0,0.0,-0.0,471,Match
13690.0,0.0,-0.0,471,13990.0,0.0,-0.0,471,Match
13700.0,0.0,-0.0,471,14000.0,0.0,-0.0,471,Match
13710.0,0.0,-0.0,471,14010.0,0.0,-0.0,471,Match
13720.0,0.0,-0.0,471,14020.0,0.0,-0.0,471,Match
13730.0,0.0,-0.0,471,14030.0,0.0,-0.0,471,Match
13740.0,0.0,-0.0,471,14040.0,0.0,-0.0,471,Match
13750.0,0.0,-0.0,471,14050.0,0.0,-0.0,471,Match
13760.0,0.0,-0.0,471,14060.0,0.0,-0.0,471,Match
13770.0,0.0,-0.0,471,14070.0,0.0,-0.0,471,Match
13780.0,0.0,-0.0,471,14080.0,0.0,-0.0,471,Match
13790.0,0.0,-0.0,471,14090.0,0.0,-0.0,471,Match
13800.0,0.0,-0.0,471,14100.0,0.0,0.0,471,Match
13810.0,0.0,-0.0,471,14110.0,0.0,0.0,471,Match
13820.0,0.0,-0.0,471,14120.0,0.0,0.0,471,Match
13830.0,0.0,-0.0,471,14130.0,0.0,0.0,471,Match
13840.0,0.0,-0.0,471,14140.0,0.0,0.0,471,Match
13850.0,0.0,-0.0,471,14150.0,0.0,0.0,471,Match
13860.0,0.0,-0.0,471,14160.0,0.0,0.0,471,Match
13870.0,0.0,-0.0,471,14170.0,0.0,0.0,471,Match
13880.0,0.0,-0.0,471,14180.0,0.0,0.0,471,Match
13890.0,0.0,-0.0,471,14190.0,0.0,0.0,471,Match
13900.0,0.0,-0.0,471,14200.0,0.0,0.0,471,Match
13910.0,0.0,-0.0,471,14210.0,0.0,0.0,471,Match
13920.0,0.0,-0.0,471,14220.0,0.0,0.0,471,Match
13930.0,0.0,-0.0,471,14230.0,0.0,0.0,471,Match
13940.0,0.0,-0.0,471,14240.0,0.0,0.0,471,Match
13950.0,0.0,-0.0,471,14250.0,0.0,0.0,471,Match
13960.0,0.0,-0.0,471,14260.0,0.0,0.0,471,Match
13970.0,0.0,-0.0,471,14270.0,0.0,0.0,471,Match
13980.0,0.0,-0.0,471,14280.0,0.0,0.0,471,Match
13990.0,0.0,-0.0,471,14290.0,0.0,0.0,471,Match
14000.0,0.0,-0.0,471,14300.0,0.0,0.0,471,Match
14010.0,0.0,-0.0,471,14310.0,0.0,0.0,471,Match
14020.0,0.0,-0.0,471,14320.0,0.0,0.0,471,Match
14030.0,0.0,-0.0,471,14330.0,0.0,0.0,471,Match
14040.0,0.0,-0.0,471,14340.0,0.0,0.0,471,Match
14050.0,0.0,-0.0,471,14350.0,0.0,0.0,471,Match
14060.0,0.0,-0.0,471,14360.0,0.0,0.0,471,Match
14070.0,0.0,-0.0,471,14370.0,0.0,0.0,471,Match
14080.0,0.0,-0.0,471,14380.0,0.0,0.0,471,Match
14090.0,0.0,-0.0,471,14390.0,0.0,0.0,471,Match
14100.0,0.0,-0.0,471,14400.0,0.0,0.0,471,Match
14110.0,0.0,-0.0,471,14410.0,0.0,0.0,471,Match
14120.0,0.0,-0.0,471,14420.0,0.0,0.0,471,Match
14130.0,0.0,-0.0,471,14430.0,0.0,0.0,471,Match
14140.0,0.0,-0.0,471,14440.0,0.0,0.0,471,Match
14150.0,0.0,-0.0,471,14450.0,0.0,0.0,471,Match
14160.0,0.0,-0.0,471,14460.0,0.0,0.0,471,Match
14170.0,0.0,-0.0,471,14470.0,0.0,0.0,471,Match
14180.0,0.0,-0.0,471,14480.0,0.0,0.0,471,Match
14190.0,0.0,-0.0,471,14490.0,0.0,0.0,471,Match
14200.0,0.0,-0.0,471,14500.0,0.0,0.0,471,Match
14210.0,0.0,-0.0,471,14510.0,0.0,0.0,471,Match
14220.0,0.0,-0.0,471,14520.0,0.0,0.0,471,Match
14230.0,0.0,-0.0,471,14530.0,0.0,0.0,471,Match
14240.0,0.0,-0.0,471,14540.0,0.0,0.0,471,Match
14250.0,0.0,-0.0,471,14550.0,0.0,0.0,471,Match
14260.0,0.0,-0.0,471,14560.0,0.0,0.0,471,Match
14270.0,0.0,-0.0,471,14570.0,0.0,0.0,471,Match
14280.0,0.0,-0.0,471,14580.0,0.0,0.0,471,Match
14290.0,0.0,-0.0,471,14590.0,0.0,0.0,471,Match
14300.0,0.0,-0.0,471,14600.0,0.0,0.0,471,Match
14310.0,0.0,-0.0,471,14610.0,0.0,0.0,471,Match
14320.0,0.0,-0.0,471,14620.0,0.0,0.0,471,Match
14330.0,0.0,-0.0,471,14630.0,0.0,0.0,471,Match
14340.0,0.0,-0.0,471,14640.0,0.0,0.0,471,Match
14350.0,0.0,-0.0,471,14650.0,0.0,0.0,471,Match
14360.0,0.0,-0.0,471,14660.0,0.0,0.0,471,Match
14370.0,0.0,-0.0,471,14670.0,0.0,0.0,471,Match
14380.0,0.0,-0.0,471,14680.0,0.0,0.0,471,Match
14390.0,0.0,-0.0,471,14690.0,0.0,0.0,471,Match
14400.0,0.0,-0.0,471,14700.0,0.0,0.0,471,Match
14410.0,0.0,-0.0,471,14710.0,0.0,0.0,471,Match
14420.0,0.0,-0.0,471,14720.0,0.0,0.0,471,Match
14430.0,0.0,-0.0,471,14730.0,0.0,0.0,471,Match
14440.0,0.0,-0.0,471,14740.0,0.0,0.0,471,Match
14450.0,0.0,-0.0,471,14750.0,0.0,0.0,471,Match
14460.0,0.0,-0.0,471,14760.0,0.0,0.0,471,Match
14470.0,0.0,-0.0,471,14770.0,0.0,0.0,471,Match
14480.0,0.0,-0.0,471,14780.0,0.0,0.0,471,Match
14490.0,0.0,-0.0,471,14790.0,0.0,0.0,471,Match
14500.0,0.0,-0.0,471,14800.0,0.0,0.0,471,Match
14510.0,0.0,-0.0,471,14810.0,0.0,0.0,471,Match
14520.0,0.0,-0.0,471,14820.0,0.0,0.0,471,Match
14530.0,0.0,-0.0,471,14830.0,0.0,0.0,471,Match
14540.0,0.0,-0.0,471,14840.0,0.0,0.0,471,Match
14550.0,0.0,-0.0,471,14850.0,0.0,0.0,471,Match
14560.0,0.0,-0.0,471,14860.0,0.0,0.0,471,Match
14570.0,0.0,-0.0,471,14870.0,0.0,0.0,471,Match
14580.0,0.0,-0.0,471,14880.0,0.0,0.0,471,Match
14590.0,0.0,-0.0,471,14890.0,0.0,0.0,471,Match
14600.0,0.0,-0.0,471,14900.0,0.0,0.0,471,Match
14610.0,0.0,-0.0,471,14910.0,0.0,0.0,471,Match
14620.0,0.0,-0.0,471,14920.0,0.0,0.0,471,Match
14630.0,0.0,-0.0,471,14930.0,0.0,0.0,471,Match
14640.0,0.0,-0.0,471,14940.0,0.0,0.0,471,Match
14650.0,0.0,-0.0,471,14950.0,0.0,0.0,471,Match
14660.0,0.0,-0.0,471,14960.0,0.0,0.0,471,Match
14670.0,0.0,-0.0,471,14970.0,0.0,0.0,471,Match
14680.0,0.0,-0.0,471,14980.0,0.0,0.0,471,Match
14690.0,0.0,-0.0,471,14990.0,0.0,0.0,471,Match
14700.0,0.0,0.0,471,15000.0,0.0,0.0,471,Match
14710.0,0.0,0.0,471,15010.0,0.0,0.0,471,Match
14720.0,0.0,0.0,471,15020.0,0.0,0.0,471,Match
14730.0,0.0,0.0,471,15030.0,0.0,0.0,471,Match
14740.0,0.0,0.0,471,15040.0,0.0,0.0,471,Match
14750.0,0.0,0.0,471,15050.0,0.0,0.0,471,Match
14760.0,0.0,0.0,471,15060.0,0.0,0.0,471,Match
14770.0,0.0,0.0,471,15070.0,0.0,0.0,471,Match
14780.0,0.0,0.0,471,15080.0,0.0,0.0,471,Match
14790.0,0.0,0.0,471,15090.0,0.0,0.0,471,Match
14800.0,0.0,0.0,471,15100.0,0.0,0.0,471,Match
14810.0,0.0,0.0,471,15110.0,0.0,0.0,471,Match
14820.0,0.0,0.0,471,15120.0,0.0,0.0,471,Match
14830.0,0.0,0.0,471,15130.0,0.0,0.0,471,Match
14840.0,0.0,0.0,471,15140.0,0.0,0.0,471,Match
14850.0,0.0,0.0,471,15150.0,0.0,0.0,471,Match
14860.0,0.0,0.0,471,15160.0,0.0,0.0,471,Match
14870.0,0.0,0.0,471,15170.0,0.0,0.0,471,Match
14880.0,0.0,0.0,471,15180.0,0.0,0.0,471,Match
14890.0,0.0,0.0,471,15190.0,0.0,0.0,471,Match
14900.0,0.0,0.0,471,15200.0,0.0,0.0,471,Match
14910.0,0.0,0.0,471,15210.0,0.0,0.0,471,Match
14920.0,0.0,0.0,471,15220.0,0.0,0.0,471,Match
14930.0,0.0,0.0,471,15230.0,0.0,0.0,471,Match
14940.0,0.0,0.0,471,15240.0,0.0,0.0,471,Match
14950.0,0.0,0.0,471,15250.0,0.0,0.0,471,Match
14960.0,0.0,0.0,471,15260.0,0.0,0.0,471,Match
14970.0,0.0,0.0,471,15270.0,0.0,0.0,471,Match
14980.0,0.0,0.0,471,15280.0,0.0,0.0,471,Match
14990.0,0.0,0.0,471,15290.0,0.0,0.0,471,Match
15000.0,0.0,0.0,471,15300.0,0.0,0.0,471,Match
15010.0,0.0,0.0,471,15310.0,0.0,0.0,471,Match
15020.0,0.0,0.0,471,15320.0,0.0,0.0,471,Match
15030.0,0.0,0.0,471,15330.0,0.0,0.0,471,Match
15040.0,0.0,0.0,471,15340.0,0.0,0.0,471,Match
15050.0,0.0,0.0,471,15350.0,0.0,0.0,471,Match
15060.0,0.0,0.0,471,15360.0,0.0,0.0,471,Match
15070.0,0.0,0.0,471,15370.0,0.0,0.0,471,Match
15080.0,0.0,0.0,471,15380.0,0.0,0.0,471,Match
15090.0,0.0,0.0,471,15390.0,0.0,0.0,471,Match
15100.0,0.0,0.0,471,15400.0,0.0,0.0,471,Match
15110.0,0.0,0.0,471,15410.0,0.0,0.0,471,Match
15120.0,0.0,0.0,471,15420.0,0.0,0.0,471,Match
15130.0,0.0,0.0,471,15430.0,0.0,0.0,471,Match
15140.0,0.0,0.0,471,15440.0,0.0,0.0,471,Match
15150.0,0.0,0.0,471,15450.0,0.0,0.0,471,Match
15160.0,0.0,0.0,471,15460.0,0.0,0.0,471,Match
15170.0,0.0,0.0,471,15470.0,0.0,0.0,471,Match
15180.0,0.0,0.0,471,15480.0,0.0,0.0,471,Match
15190.0,0.0,0.0,471,15490.0,0.0,0.0,471,Match
15200.0,0.0,0.0,471,15500.0,0.0,0.0,471,Match
15210.0,0.0,0.0,471,15510.0,0.0,0.0,471,Match
15220.0,0.0,0.0,471,15520.0,0.0,0.0,471,Match
15230.0,0.0,0.0,471,15530.0,0.0,0.0,471,Match
15240.0,0.0,0.0,471,15540.0,0.0,0.0,471,Match
15250.0,0.0,0.0,471,15550.0,0.0,0.0,471,Match
15260.0,0.0,0.0,471,15560.0,0.0,0.0,471,Match
15270.0,0.0,0.0,471,15570.0,0.0,0.0,471,Match
15280.0,0.0,0.0,471,15580.0,0.0,0.0,471,Match
15290.0,0.0,0.0,471,15590.0,0.0,0.0,471,Match
15300.0,0.0,0.0,471,15600.0,0.0,0.0,471,Match
15310.0,0.0,0.0,471,15610.0,0.0,0.0,471,Match
15320.0,0.0,0.0,471,15620.0,0.0,0.0,471,Match
15330.0,0.0,0.0,471,15630.0,0.0,0.0,471,Match
15340.0,0.0,0.0,471,15640.0,0.0,0.0,471,Match
15350.0,0.0,0.0,471,15650.0,0.0,0.0,471,Match
15360.0,0.0,0.0,471,15660.0,0.0,0.0,471,Match
15370.0,0.0,0.0,471,15670.0,0.0,0.0,471,Match
15380.0,0.0,0.0,471,15680.0,0.0,0.0,471,Match
15390.0,0.0,0.0,471,15690.0,0.0,0.0,471,Match
15400.0,0.0,0.0,471,15700.0,0.0,0.0,471,Match
15410.0,0.0,0.0,471,15710.0,0.0,0.0,471,Match
15420.0,0.0,0.0,471,15720.0,0.0,0.0,471,Match
15430.0,0.0,0.0,471,15730.0,0.0,0.0,471,Match
15440.0,0.0,0.0,471,15740.0,0.0,0.0,471,Match
15450.0,0.0,0.0,471,15750.0,0.0,0.0,471,Match
15460.0,0.0,0.0,471,15760.0,0.0,0.0,471,Match
15470.0,0.0,0.0,471,15770.0,0.0,0.0,471,Match
15480.0,0.0,0.0,471,15780.0,0.0,0.0,471,Match
15490.0,0.0,0.0,471,15790.0,0.0,0.0,471,Match
15500.0,0.0,0.0,471,15800.0,0.0,0.0,471,Match
15510.0,0.0,0.0,471,15810.0,0.0,0.0,471,Match
15520.0,0.0,0.0,471,15820.0,0.0,0.0,471,Match
15530.0,0.0,0.0,471,15830.0,0.0,0.0,471,Match
15540.0,0.0,0.0,471,15840.0,0.0,0.0,471,Match
15550.0,0.0,0.0,471,15850.0,0.0,0.0,471,Match
15560.0,0.0,0.0,471,15860.0,0.0,0.0,471,Match
15570.0,0.0,0.0,471,15870.0,0.0,0.0,471,Match
15580.0,0.0,0.0,471,15880.0,0.0,0.0,471,Match
15590.0,0.0,0.0,471,15890.0,0.0,0.0,471,Match
15600.0,0.0,0.0,471,15900.0,0.0,0.0,471,Match
15610.0,0.0,0.0,471,15910.0,0.0,0.0,471,Match
15620.0,0.0,0.0,471,15920.0,0.0,0.0,471,Match
15630.0,0.0,0.0,471,15930.0,0.0,0.0,471,Match
15640.0,0.0,0.0,471,15940.0,0.0,0.0,471,Match
15650.0,0.0,0.0,471,15950.0,0.0,0.0,471,Match
15660.0,0.0,0.0,471,15960.0,0.0,0.0,471,Match
15670.0,0.0,0.0,471,15970.0,0.0,0.0,471,Match
15680.0,0.0,0.0,471,15980.0,0.0,0.0,471,Match
15690.0,0.0,0.0,471,15990.0,0.0,0.0,471,Match
15700.0,0.0,0.0,471,16000.0,0.0,0.0,471,Match
15710.0,0.0,0.0,471,16010.0,0.0,0.0,471,Match
15720.0,0.0,0.0,471,16020.0,0.0,0.0,471,Match
15730.0,0.0,0.0,471,16030.0,0.0,0.0,471,Match
15740.0,0.0,0.0,471,16040.0,0.0,0.0,471,Match
15750.0,0.0,0.0,471,16050.0,0.0,0.0,471,Match
15760.0,0.0,0.0,471,16060.0,0.0,0.0,471,Match
15770.0,0.0,0.0,471,16070.0,0.0,0.0,471,Match
15780.0,0.0,0.0,471,16080.0,0.0,0.0,471,Match
15790.0,0.0,0.0,471,16090.0,0.0,0.0,471,Match
15800.0,0.0,0.0,471,16100.0,0.0,0.0,471,Match
15810.0,0.0,0.0,471,16110.0,0.0,0.0,471,Match
15820.0,0.0,0.0,471,16120.0,0.0,0.0,471,Match
15830.0,0.0,0.0,471,16130.0,0.0,0.0,471,Match
15840.0,0.0,0.0,471,16140.0,0.0,0.0,471,Match
15850.0,0.0,0.0,471,16150.0,0.0,0.0,471,Match
15860.0,0.0,0.0,471,16160.0,0.0,0.0,471,Match
15870.0,0.0,0.0,471,16170.0,0.0,0.0,471,Match
15880.0,0.0,0.0,471,16180.0,0.0,0.0,471,Match
15890.0,0.0,0.0,471,16190.0,0.0,0.0,471,Match
15900.0,0.0,0.0,471,16200.0,0.0,0.0,471,Match
15910.0,0.0,0.0,471,16210.0,0.0,0.0,471,Match
15920.0,0.0,0.0,471,16220.0,0.0,0.0,471,Match
15930.0,0.0,0.0,471,16230.0,0.0,0.0,471,Match
15940.0,0.0,0.0,471,16240.0,0.0,0.0,471,Match
15950.0,0.0,0.0,471,16250.0,0.0,0.0,471,Match
15960.0,0.0,0.0,471,16260.0,0.0,0.0,471,Match
15970.0,0.0,0.0,471,16270.0,0.0,0.0,471,Match
15980.0,0.0,0.0,471,16280.0,0.0,0.0,471,Match
15990.0,0.0,0.0,471,16290.0,0.0,0.0,471,Match
16000.0,0.0,0.0,471,16300.0,0.0,0.0,471,Match
16010.0,0.0,0.0,471,16310.0,0.0,0.0,471,Match
16020.0,0.0,0.0,471,16320.0,0.0,0.0,471,Match
16030.0,0.0,0.0,471,16330.0,0.0,0.0,471,Match
16040.0,0.0,0.0,471,16340.0,0.0,0.0,471,Match
16050.0,0.0,0.0,471,16350.0,0.0,0.0,471,Match
16060.0,0.0,0.0,471,16360.0,0.0,0.0,471,Match
16070.0,0.0,0.0,471,16370.0,0.0,0.0,471,Match
16080.0,0.0,0.0,471,16380.0,0.0,0.0,471,Match
16090.0,0.0,0.0,471,16390.0,0.0,0.0,471,Match
16100.0,0.0,0.0,471,16400.0,0.0,0.0,471,Match
